3984482,4095
3984492,4095
3984503,4095
3984513,4095
3984524,4095
3984534,4095
3984545,4095
3984556,4095
3984566,4095
3984577,4095
3984587,4095
3984598,4095
3984608,4095
3984619,4095
3984629,4095
3984640,4095
3984650,4095
3984661,4095
3984671,4095
3984682,4095
3984692,4095
3984703,4095
3984713,4095
3984724,4095
3984735,4095
3984745,4095
3984756,4095
3984766,4095
3984777,4095
3984787,4095
3984798,4095
3984808,4095
3984819,4095
3984829,4095
3984840,4095
3984850,4095
3984861,4095
3984871,4095
3984882,4095
3984893,4095
3984903,4095
3984914,4095
3984924,4095
3984935,4095
3984945,4095
3984956,4095
3984966,4095
3984977,4095
3984987,4095
3984998,4095
3985008,4095
3985019,4095
3985029,4095
3985040,4095
3985050,4095
3985061,4095
3985072,4095
3985082,4095
3985093,4095
3985103,4095
3985114,4095
3985124,4095
3985135,4095
3985145,4095
3985156,4095
3985166,4095
3985177,4095
3985187,4095
3985198,4095
3985208,4095
3985219,4095
3985229,4095
3985240,4095
3985251,4095
3985261,4095
3985272,4095
3985282,4095
3985293,4095
3985303,4095
3985314,4095
3985324,4095
3985335,4095
3985345,4095
3985356,4095
3985366,4095
3985377,4095
3985388,4095
3985399,4095
3985409,4095
3985420,4095
3985430,4095
3985441,4095
3985452,4095
3985462,4095
3985473,4095
3985483,4095
3985494,4095
3985504,4095
3985515,4095
3985525,4095
3985536,4095
3985546,4095
3985557,4095
3985567,4095
3985578,4095
3985588,4095
3985599,4095
3985610,4095
3985620,4095
3985631,4095
3985641,4095
3985652,4095
3985662,4095
3985673,4095
3985683,4095
3985694,4095
3985704,4095
3985715,4095
3985725,4095
3985736,4095
3985746,4095
3985757,4095
3985767,4095
3985778,4095
3985789,4095
3985799,4095
3985810,4095
3985820,4095
3985831,4095
3985841,4095
3985852,4095
3985862,4095
3985873,4095
3985883,4095
3985894,4095
3985904,4095
3985915,4095
3985925,4095
3985936,4095
3985947,4095
3985957,4095
3985968,4095
3985978,4095
3985989,4095
3985999,4095
3986010,4095
3986020,4095
3986031,4095
3986041,4095
3986052,4095
3986062,4095
3986073,4095
3986083,4095
3986094,4095
3986104,4095
3986115,4095
3986126,4095
3986136,4095
3986147,4095
3986157,4095
3986168,4095
3986178,4095
3986189,4095
3986199,4095
3986210,4095
3986220,4095
3986231,4095
3986241,4095
3986252,4095
3986262,4095
3986273,4095
3986283,4095
3986294,4095
3986305,4095
3986315,4095
3986326,4095
3986336,4095
3986347,4095
3986357,4095
3986368,4095
3986378,4095
3986389,4095
3986399,4095
3986410,4095
3986420,4095
3986431,4095
3986441,4095
3986452,4095
3986462,4095
3986473,4095
3986484,4095
3986494,4095
3986505,4095
3986515,4095
3986526,4095
3986536,4095
3986547,4095
3986557,4095
3986568,4095
3986578,4095
3986589,4095
3986599,4095
3986610,4095
3986620,4095
3986631,4095
3986642,4095
3986652,4095
3986663,4095
3986673,4095
3986684,4095
3986694,4095
3986705,4095
3986715,4095
3986726,4095
3986736,4095
3986747,4095
3986757,4095
3986768,4095
3986778,4095
3986789,4095
3986799,4095
3986810,4095
3986821,4095
3986831,4095
3986842,4095
3986852,4095
3986863,4095
3986873,4095
3986884,4095
3986894,4095
3986905,4095
3986915,4095
3986926,4095
3986936,4095
3986947,4095
3986957,4095
3986968,4095
3986978,4095
3986989,4095
3987000,4095
3987010,4095
3987021,4095
3987031,4095
3987042,4095
3987052,4095
3987063,4095
3987073,4095
3987084,4095
3987094,4095
3987105,4095
3987115,4095
3987126,4095
3987136,4095
3987147,4095
3987158,4095
3987168,4095
3987179,4095
3987189,4095
3987200,4095
3987210,4095
3987221,4095
3987231,4095
3987242,4095
3987252,4095
3987263,4095
3987273,4095
3987284,4095
3987294,4095
3987305,4095
3987315,4095
3987326,4095
3987337,4095
3987347,4095
3987358,4095
3987368,4095
3987379,4095
3987389,4095
3987400,4095
3987410,4095
3987421,4095
3987431,4095
3987442,4095
3987452,4095
3987463,4095
3987473,4095
3987484,4095
3987494,4095
3987505,4095
3987516,4095
3987526,4095
3987537,4095
3987547,4095
3987558,4095
3987568,4095
3987579,4095
3987589,4095
3987600,4095
3987610,4095
3987621,4095
3987631,4095
3987642,4095
3987652,4095
3987663,4095
3987674,4095
3987684,4095
3987695,4095
3987705,4095
3987716,4095
3987726,4095
3987737,4095
3987747,4095
3987758,4095
3987768,4095
3987779,4095
3987789,4095
3987800,4095
3987810,4095
3987821,4095
3987831,4095
3987842,4095
3987853,4095
3987863,4095
3987874,4095
3987884,4095
3987895,4095
3987905,4095
3987916,4095
3987926,4095
3987937,4095
3987947,4095
3987958,4095
3987968,4095
3987979,4095
3987989,4095
3988000,4095
3988010,4095
3988021,4095
3988032,4095
3988042,4095
3988053,4095
3988063,4095
3988074,4095
3988084,4095
3988095,4095
3988105,4095
3988116,4095
3988126,4095
3988137,4095
3988147,4095
3988158,4095
3988168,4095
3988179,4095
3988189,4095
3988200,4095
3988211,4095
3988221,4095
3988232,4095
3988242,4095
3988253,4095
3988263,4095
3988274,4095
3988284,4095
3988295,4095
3988305,4095
3988316,4095
3988326,4095
3988337,4095
3988347,4095
3988358,4095
3988369,4095
3988379,4095
3988390,4095
3988400,4095
3988411,4095
3988421,4095
3988432,4095
3988442,4095
3988453,4095
3988463,4095
3988474,4095
3988484,4095
3988495,4095
3988505,4095
3988516,4095
3988526,4095
3988537,4095
3988548,4095
3988558,4095
3988569,4095
3988579,4095
3988590,4095
3988600,4095
3988611,4095
3988621,4095
3988632,4095
3988642,4095
3988653,4095
3988663,4095
3988674,4095
3988684,4095
3988695,4095
3988705,4095
3988716,4095
3988727,4095
3988737,4095
3988748,4095
3988758,4095
3988769,4095
3988779,4095
3988790,4095
3988800,4095
3988811,4095
3988821,4095
3988832,4095
3988842,4095
3988853,4095
3988863,4095
3988874,4095
3988885,4095
3988895,4095
3988906,4095
3988916,4095
3988927,4095
3988937,4095
3988948,4095
3988958,4095
3988969,4095
3988979,4095
3988990,4095
3989000,4095
3989011,4095
3989021,4095
3989032,4095
3989042,4095
3989053,4095
3989064,4095
3989074,4095
3989085,4095
3989095,4095
3989106,4095
3989116,4095
3989127,4095
3989137,4095
3989148,4095
3989158,4095
3989169,4095
3989179,4095
3989190,4095
3989200,4095
3989211,4095
3989221,4095
3989232,4095
3989243,4095
3989253,4095
3989264,4095
3989274,4095
3989285,4095
3989295,4095
3989306,4095
3989316,4095
3989327,4095
3989337,4095
3989348,4095
3989358,4095
3989369,4095
3989379,4095
3989390,4095
3989400,4095
3989411,4095
3989422,4095
3989432,4095
3989443,4095
3989453,4095
3989464,4095
3989474,4095
3989485,4095
3989495,4095
3989506,4095
3989516,4095
3989527,4095
3989537,4095
3989548,4095
3989558,4095
3989569,4095
3989580,4095
3989590,4095
3989601,4095
3989611,4095
3989622,4095
3989632,4095
3989643,4095
3989653,4095
3989664,4095
3989674,4095
3989685,4095
3989695,4095
3989706,4095
3989716,4095
3989727,4095
3989737,4095
3989748,4095
3989759,4095
3989769,4095
3989780,4095
3989790,4095
3989801,4095
3989811,4095
3989822,4095
3989832,4095
3989843,4095
3989853,4095
3989864,4095
3989874,4095
3989885,4095
3989895,4095
3989906,4095
3989916,4095
3989927,4095
3989938,4095
3989948,4095
3989959,4095
3989969,4095
3989980,4095
3989990,4095
3990001,4095
3990011,4095
3990022,4095
3990032,4095
3990043,4095
3990053,4095
3990064,4095
3990074,4095
3990085,4095
3990096,4095
3990106,4095
3990117,4095
3990127,4095
3990138,4095
3990148,4095
3990159,4095
3990169,4095
3990180,4095
3990190,4095
3990201,4095
3990211,4095
3990222,4095
3990232,4095
3990243,4095
3990253,4095
3990264,4095
3990275,4095
3990285,4095
3990296,4095
3990306,4095
3990317,4095
3990327,4095
3990338,4095
3990348,4095
3990359,4095
3990369,4095
3990380,4095
3990390,4095
3990401,4095
3990411,4095
3990422,4095
3990432,4095
3990443,4095
3990454,4095
3990464,4095
3990475,4095
3990485,4095
3990496,4095
3990506,4095
3990517,4095
3990527,4095
3990538,4095
3990548,4095
3990559,4095
3990569,4095
3990580,4095
3990590,4095
3990601,4095
3990611,4095
3990622,4095
3990633,4095
3990643,4095
3990654,4095
3990664,4095
3990675,4095
3990685,4095
3990696,4095
3990706,4095
3990717,4095
3990727,4095
3990738,4095
3990748,4095
3990759,4095
3990769,4095
3990780,4095
3990791,4095
3990801,4095
3990812,4095
3990822,4095
3990833,4095
3990843,4095
3990854,4095
3990864,4095
3990875,4095
3990885,4095
3990896,4095
3990906,4095
3990917,4095
3990927,4095
3990938,4095
3990948,4095
3990959,4095
3990970,4095
3990980,4095
3990991,4095
3991001,4095
3991012,4095
3991022,4095
3991033,4095
3991043,4095
3991054,4095
3991064,4095
3991075,4095
3991085,4095
3991096,4095
3991106,4095
3991117,4095
3991127,4095
3991138,4095
3991149,4095
3991159,4095
3991170,4095
3991180,4095
3991191,4095
3991201,4095
3991212,4095
3991222,4095
3991233,4095
3991244,4095
3991255,4095
3991265,4095
3991276,4095
3991286,4095
3991297,4095
3991307,4095
3991318,4095
3991329,4095
3991339,4095
3991350,4095
3991360,4095
3991371,4095
3991381,4095
3991392,4095
3991402,4095
3991413,4095
3991423,4095
3991434,4095
3991444,4095
3991455,4095
3991465,4095
3991476,4095
3991486,4095
3991497,4095
3991508,4095
3991518,4095
3991529,4095
3991539,4095
3991550,4095
3991560,4095
3991571,4095
3991581,4095
3991592,4095
3991602,4095
3991613,4095
3991623,4095
3991634,4095
3991644,4095
3991655,4095
3991666,4095
3991676,4095
3991687,4095
3991697,4095
3991708,4095
3991718,4095
3991729,4095
3991739,4095
3991750,4095
3991760,4095
3991771,4095
3991781,4095
3991792,4095
3991802,4095
3991813,4095
3991823,4095
3991834,4095
3991845,4095
3991855,4095
3991866,4095
3991876,4095
3991887,4095
3991897,4095
3991908,4095
3991918,4095
3991929,4095
3991939,4095
3991950,4095
3991960,4095
3991971,4095
3991981,4095
3991992,4095
3992002,4095
3992013,4095
3992024,4095
3992034,4095
3992045,4095
3992055,4095
3992066,4095
3992076,4095
3992087,4095
3992097,4095
3992108,4095
3992118,4095
3992129,4095
3992139,4095
3992150,4095
3992160,4095
3992171,4095
3992181,4095
3992192,4095
3992203,4095
3992213,4095
3992224,4095
3992234,4095
3992245,4095
3992255,4095
3992266,4095
3992276,4095
3992287,4095
3992297,4095
3992308,4095
3992318,4095
3992329,4095
3992339,4095
3992350,4095
3992361,4095
3992371,4095
3992382,4095
3992392,4095
3992403,4095
3992413,4095
3992424,4095
3992434,4095
3992445,4095
3992455,4095
3992466,4095
3992476,4095
3992487,4095
3992497,4095
3992508,4095
3992518,4095
3992529,4095
3992540,4095
3992550,4095
3992561,4095
3992571,4095
3992582,4095
3992592,4095
3992603,4095
3992613,4095
3992624,4095
3992634,4095
3992645,4095
3992655,4095
3992666,4095
3992676,4095
3992687,4095
3992697,4095
3992708,4095
3992719,4095
3992729,4095
3992740,4095
3992750,4095
3992761,4095
3992771,4095
3992782,4095
3992792,4095
3992803,4095
3992813,4095
3992824,4095
3992834,4095
3992845,4095
3992855,4095
3992866,4095
3992876,4095
3992887,4095
3992898,4095
3992908,4095
3992919,4095
3992929,4095
3992940,4095
3992950,4095
3992961,4095
3992971,4095
3992982,4095
3992992,4095
3993003,4095
3993013,4095
3993024,4095
3993034,4095
3993045,4095
3993056,4095
3993066,4095
3993077,4095
3993087,4095
3993098,4095
3993108,4095
3993119,4095
3993129,4095
3993140,4095
3993150,4095
3993161,4095
3993171,4095
3993182,4095
3993192,4095
3993203,4095
3993213,4095
3993224,4095
3993235,4095
3993245,4095
3993256,4095
3993266,4095
3993277,4095
3993287,4095
3993298,4095
3993308,4095
3993319,4095
3993329,4095
3993340,4095
3993350,4095
3993361,4095
3993371,4095
3993382,4095
3993392,4095
3993403,4095
3993414,4095
3993424,4095
3993435,4095
3993445,4095
3993456,4095
3993466,4095
3993477,4095
3993487,4095
3993498,4095
3993508,4095
3993519,4095
3993529,4095
3993540,4095
3993550,4095
3993561,4095
3993572,4095
3993582,4095
3993593,4095
3993603,4095
3993614,4095
3993624,4095
3993635,4095
3993645,4095
3993656,4095
3993666,4095
3993677,4095
3993687,4095
3993698,4095
3993708,4095
3993719,4095
3993729,4095
3993740,4095
3993751,4095
3993761,4095
3993772,4095
3993782,4095
3993793,4095
3993803,4095
3993814,4095
3993824,4095
3993835,4095
3993845,4095
3993856,4095
3993866,4095
3993877,4095
3993887,4095
3993898,4095
3993908,4095
3993919,4095
3993930,4095
3993940,4095
3993951,4095
3993961,4095
3993972,4095
3993982,4095
3993993,4095
3994003,4095
3994014,4095
3994024,4095
3994035,4095
3994045,4095
3994056,4095
3994066,4095
3994077,4095
3994088,4095
3994098,4095
3994109,4095
3994119,4095
3994130,4095
3994140,4095
3994151,4095
3994161,4095
3994172,4095
3994182,4095
3994193,4095
3994203,4095
3994214,4095
3994224,4095
3994235,4095
3994245,4095
3994256,4095
3994267,4095
3994277,4095
3994288,4095
3994298,4095
3994309,4095
3994319,4095
3994330,4095
3994340,4095
3994351,4095
3994361,4095
3994372,4095
3994382,4095
3994393,4095
3994403,4095
3994414,4095
3994425,4095
3994435,4095
3994446,4095
3994456,4095
3994467,4095
3994477,4095
3994488,4095
3994498,4095
3994509,4095
3994519,4095
3994530,4095
3994540,4095
3994551,4095
3994561,4095
3994572,4095
3994582,4095
3994593,4095
3994604,4095
3994614,4095
3994625,4095
3994635,4095
3994646,4095
3994656,4095
3994667,4095
3994677,4095
3994688,4095
3994698,4095
3994709,4095
3994719,4095
3994730,4095
3994740,4095
3994751,4095
3994761,4095
3994772,4095
3994783,4095
3994793,4095
3994804,4095
3994814,4095
3994825,4095
3994835,4095
3994846,4095
3994856,4095
3994867,4095
3994877,4095
3994888,4095
3994898,4095
3994909,4095
3994919,4095
3994930,4095
3994940,4095
3994951,4095
3994962,4095
3994972,4095
3994983,4095
3994993,4095
3995004,4095
3995014,4095
3995025,4095
3995035,4095
3995046,4095
3995056,4095
3995067,4095
3995077,4095
3995088,4095
3995098,4095
3995109,4095
3995120,4095
3995130,4095
3995141,4095
3995151,4095
3995162,4095
3995172,4095
3995183,4095
3995193,4095
3995204,4095
3995214,4095
3995225,4095
3995235,4095
3995246,4095
3995256,4095
3995267,4095
3995277,4095
3995288,4095
3995299,4095
3995309,4095
3995320,4095
3995330,4095
3995341,4095
3995351,4095
3995362,4095
3995372,4095
3995383,4095
3995393,4095
3995404,4095
3995414,4095
3995425,4095
3995435,4095
3995446,4095
3995456,4095
3995467,4095
3995478,4095
3995488,4095
3995499,4095
3995509,4095
3995520,4095
3995530,4095
3995541,4095
3995551,4095
3995562,4095
3995572,4095
3995583,4095
3995593,4095
3995604,4095
3995614,4095
3995625,4095
3995636,4095
3995646,4095
3995657,4095
3995667,4095
3995678,4095
3995688,4095
3995699,4095
3995709,4095
3995720,4095
3995730,4095
3995741,4095
3995751,4095
3995762,4095
3995772,4095
3995783,4095
3995793,4095
3995804,4095
3995815,4095
3995825,4095
3995836,4095
3995846,4095
3995857,4095
3995867,4095
3995878,4095
3995888,4095
3995899,4095
3995909,4095
3995920,4095
3995930,4095
3995941,4095
3995951,4095
3995962,4095
3995972,4095
3995983,4095
3995994,4095
3996004,4095
3996015,4095
3996025,4095
3996036,4095
3996046,4095
3996057,4095
3996067,4095
3996078,4095
3996088,4095
3996099,4095
3996109,4095
3996120,4095
3996130,4095
3996141,4095
3996152,4095
3996162,4095
3996173,4095
3996183,4095
3996194,4095
3996204,4095
3996215,4095
3996225,4095
3996236,4095
3996246,4095
3996257,4095
3996267,4095
3996278,4095
3996288,4095
3996299,4095
3996309,4095
3996320,4095
3996331,4095
3996341,4095
3996352,4095
3996362,4095
3996373,4095
3996383,4095
3996394,4095
3996404,4095
3996415,4095
3996425,4095
3996436,4095
3996446,4095
3996457,4095
3996467,4095
3996478,4095
3996488,4095
3996499,4095
3996510,4095
3996520,4095
3996531,4095
3996541,4095
3996552,4095
3996562,4095
3996573,4095
3996583,4095
3996594,4095
3996604,4095
3996615,4095
3996625,4095
3996636,4095
3996646,4095
3996657,4095
3996668,4095
3996678,4095
3996689,4095
3996699,4095
3996710,4095
3996720,4095
3996731,4095
3996741,4095
3996752,4095
3996762,4095
3996773,4095
3996783,4095
3996794,4095
3996804,4095
3996815,4095
3996825,4095
3996836,4095
3996847,4095
3996857,4095
3996868,4095
3996878,4095
3996889,4095
3996899,4095
3996910,4095
3996920,4095
3996931,4095
3996941,4095
3996952,4095
3996962,4095
3996973,4095
3996983,4095
3996994,4095
3997004,4095
3997015,4095
3997026,4095
3997036,4095
3997047,4095
3997057,4095
3997068,4095
3997078,4095
3997090,4095
3997100,4095
3997111,4095
3997121,4095
3997132,4095
3997142,4095
3997153,4095
3997163,4095
3997174,4095
3997184,4095
3997195,4095
3997206,4095
3997216,4095
3997227,4095
3997237,4095
3997248,4095
3997258,4095
3997269,4095
3997279,4095
3997290,4095
3997300,4095
3997311,4095
3997321,4095
3997332,4095
3997342,4095
3997353,4095
3997363,4095
3997374,4095
3997385,4095
3997395,4095
3997406,4095
3997416,4095
3997427,4095
3997437,4095
3997448,4095
3997458,4095
3997469,4095
3997479,4095
3997490,4095
3997500,4095
3997511,4095
3997521,4095
3997532,4095
3997542,4095
3997553,4095
3997564,4095
3997574,4095
3997585,4095
3997595,4095
3997606,4095
3997616,4095
3997627,4095
3997637,4095
3997648,4095
3997658,4095
3997669,4095
3997679,4095
3997690,4095
3997700,4095
3997711,4095
3997722,4095
3997732,4095
3997743,4095
3997753,4095
3997764,4095
3997774,4095
3997785,4095
3997795,4095
3997806,4095
3997816,4095
3997827,4095
3997837,4095
3997848,4095
3997858,4095
3997869,4095
3997879,4095
3997890,4095
3997901,4095
3997911,4095
3997922,4095
3997932,4095
3997943,4095
3997953,4095
3997964,4095
3997974,4095
3997985,4095
3997995,4095
3998006,4095
3998016,4095
3998027,4095
3998037,4095
3998048,4095
3998058,4095
3998069,4095
3998080,4095
3998090,4095
3998101,4095
3998111,4095
3998122,4095
3998132,4095
3998143,4095
3998153,4095
3998164,4095
3998174,4095
3998185,4095
3998195,4095
3998206,4095
3998216,4095
3998227,4095
3998238,4095
3998248,4095
3998259,4095
3998269,4095
3998280,4095
3998290,4095
3998301,4095
3998311,4095
3998322,4095
3998332,4095
3998343,4095
3998353,4095
3998364,4095
3998374,4095
3998385,4095
3998395,4095
3998406,4095
3998417,4095
3998427,4095
3998438,4095
3998448,4095
3998459,4095
3998469,4095
3998480,4095
3998490,4095
3998501,4095
3998511,4095
3998522,4095
3998532,4095
3998543,4095
3998553,4095
3998564,4095
3998574,4095
3998585,4095
3998596,4095
3998606,4095
3998617,4095
3998627,4095
3998638,4095
3998648,4095
3998659,4095
3998669,4095
3998680,4095
3998690,4095
3998701,4095
3998711,4095
3998722,4095
3998732,4095
3998743,4095
3998754,4095
3998764,4095
3998775,4095
3998785,4095
3998796,4095
3998806,4095
3998817,4095
3998827,4095
3998838,4095
3998848,4095
3998859,4095
3998869,4095
3998880,4095
3998890,4095
3998901,4095
3998911,4095
3998922,4095
3998933,4095
3998943,4095
3998954,4095
3998964,4095
3998975,4095
3998985,4095
3998996,4095
3999006,4095
3999017,4095
3999027,4095
3999038,4095
3999048,4095
3999059,4095
3999069,4095
3999080,4095
3999090,4095
3999101,4095
3999112,4095
3999122,4095
3999133,4095
3999143,4095
3999154,4095
3999164,4095
3999175,4095
3999185,4095
3999196,4095
3999206,4095
3999217,4095
3999227,4095
3999238,4095
3999248,4095
3999259,4095
3999270,4095
3999280,4095
3999291,4095
3999301,4095
3999312,4095
3999322,4095
3999333,4095
3999343,4095
3999354,4095
3999364,4095
3999375,4095
3999385,4095
3999396,4095
3999406,4095
3999417,4095
3999427,4095
3999438,4095
3999449,4095
3999459,4095
3999470,4095
3999480,4095
3999491,4095
3999501,4095
3999512,4095
3999522,4095
3999533,4095
3999543,4095
3999554,4095
3999564,4095
3999575,4095
3999585,4095
3999596,4095
3999606,4095
3999617,4095
3999628,4095
3999638,4095
3999649,4095
3999659,4095
3999670,4095
3999680,4095
3999691,4095
3999701,4095
3999712,4095
3999722,4095
3999733,4095
3999743,4095
3999754,4095
3999764,4095
3999775,4095
3999786,4095
3999796,4095
3999807,4095
3999817,4095
3999828,4095
3999838,4095
3999849,4095
3999859,4095
3999870,4095
3999880,4095
3999891,4095
3999901,4095
3999912,4095
3999922,4095
3999933,4095
3999943,4095
3999954,4095
3999965,4095
3999975,4095
3999986,4095
3999996,4095
4000007,4095
4000017,4095
4000028,4095
4000038,4095
4000049,4095
4000059,4095
4000070,4095
4000080,4095
4000091,4095
4000101,4095
4000112,4095
4000122,4095
4000133,4095
4000144,4095
4000154,4095
4000165,4095
4000175,4095
4000186,4095
4000196,4095
4000207,4095
4000217,4095
4000228,4095
4000238,4095
4000249,4095
4000259,4095
4000270,4095
4000280,4095
4000291,4095
4000302,4095
4000312,4095
4000323,4095
4000333,4095
4000344,4095
4000354,4095
4000365,4095
4000375,4095
4000386,4095
4000396,4095
4000407,4095
4000417,4095
4000428,4095
4000438,4095
4000449,4095
4000459,4095
4000470,4095
4000481,4095
4000491,4095
4000502,4095
4000512,4095
4000523,4095
4000533,4095
4000544,4095
4000554,4095
4000565,4095
4000575,4095
4000586,4095
4000596,4095
4000607,4095
4000617,4095
4000628,4095
4000638,4095
4000649,4095
4000660,4095
4000670,4095
4000681,4095
4000691,4095
4000702,4095
4000712,4095
4000723,4095
4000733,4095
4000744,4095
4000754,4095
4000765,4095
4000775,4095
4000786,4095
4000796,4095
4000807,4095
4000818,4095
4000828,4095
4000839,4095
4000849,4095
4000860,4095
4000870,4095
4000881,4095
4000891,4095
4000902,4095
4000912,4095
4000923,4095
4000933,4095
4000944,4095
4000954,4095
4000965,4095
4000975,4095
4000986,4095
4000997,4095
4001007,4095
4001018,4095
4001028,4095
4001039,4095
4001049,4095
4001060,4095
4001070,4095
4001081,4095
4001091,4095
4001102,4095
4001112,4095
4001123,4095
4001133,4095
4001144,4095
4001154,4095
4001165,4095
4001176,4095
4001186,4095
4001197,4095
4001207,4095
4001218,4095
4001228,4095
4001239,4095
4001249,4095
4001260,4095
4001270,4095
4001281,4095
4001291,4095
4001302,4095
4001312,4095
4001323,4095
4001333,4095
4001344,4095
4001355,4095
4001365,4095
4001376,4095
4001386,4095
4001397,4095
4001407,4095
4001418,4095
4001428,4095
4001439,4095
4001449,4095
4001460,4095
4001470,4095
4001481,4095
4001491,4095
4001502,4095
4001513,4095
4001523,4095
4001534,4095
4001544,4095
4001555,4095
4001565,4095
4001576,4095
4001586,4095
4001597,4095
4001607,4095
4001618,4095
4001628,4095
4001639,4095
4001649,4095
4001660,4095
4001670,4095
4001681,4095
4001692,4095
4001702,4095
4001713,4095
4001723,4095
4001734,4095
4001744,4095
4001755,4095
4001765,4095
4001776,4095
4001786,4095
4001797,4095
4001807,4095
4001818,4095
4001828,4095
4001839,4095
4001849,4095
4001860,4095
4001871,4095
4001881,4095
4001892,4095
4001902,4095
4001913,4095
4001923,4095
4001934,4095
4001944,4095
4001955,4095
4001965,4095
4001976,4095
4001986,4095
4001997,4095
4002007,4095
4002018,4095
4002029,4095
4002039,4095
4002050,4095
4002060,4095
4002071,4095
4002081,4095
4002092,4095
4002102,4095
4002113,4095
4002123,4095
4002134,4095
4002144,4095
4002155,4095
4002165,4095
4002176,4095
4002186,4095
4002197,4095
4002208,4095
4002218,4095
4002229,4095
4002239,4095
4002250,4095
4002260,4095
4002271,4095
4002281,4095
4002292,4095
4002302,4095
4002313,4095
4002323,4095
4002334,4095
4002344,4095
4002355,4095
4002365,4095
4002376,4095
4002387,4095
4002397,4095
4002408,4095
4002418,4095
4002429,4095
4002439,4095
4002450,4095
4002460,4095
4002471,4095
4002481,4095
4002492,4095
4002502,4095
4002513,4095
4002523,4095
4002534,4095
4002545,4095
4002555,4095
4002566,4095
4002576,4095
4002587,4095
4002597,4095
4002608,4095
4002618,4095
4002629,4095
4002639,4095
4002650,4095
4002660,4095
4002671,4095
4002681,4095
4002692,4095
4002702,4095
4002713,4095
4002724,4095
4002734,4095
4002745,4095
4002755,4095
4002766,4095
4002776,4095
4002787,4095
4002797,4095
4002808,4095
4002818,4095
4002829,4095
4002839,4095
4002850,4095
4002860,4095
4002871,4095
4002881,4095
4002892,4095
4002903,4095
4002913,4095
4002924,4095
4002934,4095
4002946,4095
4002956,4095
4002967,4095
4002977,4095
4002988,4095
4002998,4095
4003009,4095
4003019,4095
4003030,4095
4003040,4095
4003051,4095
4003061,4095
4003072,4095
4003083,4095
4003093,4095
4003104,4095
4003114,4095
4003125,4095
4003135,4095
4003146,4095
4003156,4095
4003167,4095
4003177,4095
4003188,4095
4003198,4095
4003209,4095
4003219,4095
4003230,4095
4003240,4095
4003251,4095
4003262,4095
4003272,4095
4003283,4095
4003293,4095
4003304,4095
4003314,4095
4003325,4095
4003335,4095
4003346,4095
4003356,4095
4003367,4095
4003377,4095
4003388,4095
4003398,4095
4003409,4095
4003419,4095
4003430,4095
4003441,4095
4003451,4095
4003462,4095
4003472,4095
4003483,4095
4003493,4095
4003504,4095
4003514,4095
4003525,4095
4003535,4095
4003546,4095
4003556,4095
4003567,4095
4003577,4095
4003588,4095
4003599,4095
4003609,4095
4003620,4095
4003630,4095
4003641,4095
4003651,4095
4003662,4095
4003672,4095
4003683,4095
4003693,4095
4003704,4095
4003714,4095
4003725,4095
4003735,4095
4003746,4095
4003756,4095
4003767,4095
4003778,4095
4003788,4095
4003799,4095
4003809,4095
4003820,4095
4003830,4095
4003841,4095
4003851,4095
4003862,4095
4003872,4095
4003883,4095
4003893,4095
4003904,4095
4003914,4095
4003925,4095
4003935,4095
4003946,4095
4003957,4095
4003967,4095
4003978,4095
4003988,4095
4003999,4095
4004009,4095
4004020,4095
4004030,4095
4004041,4095
4004051,4095
4004062,4095
4004072,4095
4004083,4095
4004093,4095
4004104,4095
4004115,4095
4004125,4095
4004136,4095
4004146,4095
4004157,4095
4004167,4095
4004178,4095
4004188,4095
4004199,4095
4004209,4095
4004220,4095
4004230,4095
4004241,4095
4004251,4095
4004262,4095
4004272,4095
4004283,4095
4004294,4095
4004304,4095
4004315,4095
4004325,4095
4004336,4095
4004346,4095
4004357,4095
4004367,4095
4004378,4095
4004388,4095
4004399,4095
4004409,4095
4004420,4095
4004430,4095
4004441,4095
4004451,4095
4004462,4095
4004473,4095
4004483,4095
4004494,4095
4004504,4095
4004515,4095
4004525,4095
4004536,4095
4004546,4095
4004557,4095
4004567,4095
4004578,4095
4004588,4095
4004599,4095
4004609,4095
4004620,4095
4004630,4095
4004641,4095
4004652,4095
4004662,4095
4004673,4095
4004683,4095
4004694,4095
4004704,4095
4004715,4095
4004725,4095
4004736,4095
4004746,4095
4004757,4095
4004767,4095
4004778,4095
4004788,4095
4004799,4095
4004810,4095
4004820,4095
4004831,4095
4004841,4095
4004852,4095
4004862,4095
4004873,4095
4004883,4095
4004894,4095
4004904,4095
4004915,4095
4004925,4095
4004936,4095
4004946,4095
4004957,4095
4004967,4095
4004978,4095
4004989,4095
4004999,4095
4005010,4095
4005020,4095
4005031,4095
4005041,4095
4005052,4095
4005062,4095
4005073,4095
4005083,4095
4005094,4095
4005104,4095
4005115,4095
4005125,4095
4005136,4095
4005147,4095
4005157,4095
4005168,4095
4005178,4095
4005189,4095
4005199,4095
4005210,4095
4005220,4095
4005231,4095
4005241,4095
4005252,4095
4005262,4095
4005273,4095
4005283,4095
4005294,4095
4005304,4095
4005315,4095
4005326,4095
4005336,4095
4005347,4095
4005357,4095
4005368,4095
4005378,4095
4005389,4095
4005399,4095
4005410,4095
4005420,4095
4005431,4095
4005441,4095
4005452,4095
4005462,4095
4005473,4095
4005483,4095
4005494,4095
4005505,4095
4005515,4095
4005526,4095
4005536,4095
4005547,4095
4005557,4095
4005568,4095
4005578,4095
4005589,4095
4005599,4095
4005610,4095
4005620,4095
4005631,4095
4005641,4095
4005652,4095
4005662,4095
4005673,4095
4005684,4095
4005694,4095
4005705,4095
4005715,4095
4005726,4095
4005736,4095
4005747,4095
4005757,4095
4005768,4095
4005778,4095
4005789,4095
4005799,4095
4005810,4095
4005820,4095
4005831,4095
4005842,4095
4005852,4095
4005863,4095
4005873,4095
4005884,4095
4005894,4095
4005905,4095
4005915,4095
4005926,4095
4005936,4095
4005947,4095
4005957,4095
4005968,4095
4005978,4095
4005989,4095
4005999,4095
4006010,4095
4006021,4095
4006031,4095
4006042,4095
4006052,4095
4006063,4095
4006073,4095
4006084,4095
4006094,4095
4006105,4095
4006115,4095
4006126,4095
4006136,4095
4006147,4095
4006157,4095
4006168,4095
4006178,4095
4006189,4095
4006200,4095
4006210,4095
4006221,4095
4006231,4095
4006242,4095
4006252,4095
4006263,4095
4006273,4095
4006284,4095
4006294,4095
4006305,4095
4006315,4095
4006326,4095
4006336,4095
4006347,4095
4006358,4095
4006368,4095
4006379,4095
4006389,4095
4006400,4095
4006410,4095
4006421,4095
4006431,4095
4006442,4095
4006452,4095
4006463,4095
4006473,4095
4006484,4095
4006494,4095
4006505,4095
4006515,4095
4006526,4095
4006537,4095
4006547,4095
4006558,4095
4006568,4095
4006579,4095
4006589,4095
4006600,4095
4006610,4095
4006621,4095
4006631,4095
4006642,4095
4006652,4095
4006663,4095
4006673,4095
4006684,4095
4006694,4095
4006705,4095
4006716,4095
4006726,4095
4006737,4095
4006747,4095
4006758,4095
4006768,4095
4006779,4095
4006789,4095
4006800,4095
4006810,4095
4006821,4095
4006831,4095
4006842,4095
4006852,4095
4006863,4095
4006874,4095
4006884,4095
4006895,4095
4006905,4095
4006916,4095
4006926,4095
4006937,4095
4006947,4095
4006958,4095
4006968,4095
4006979,4095
4006989,4095
4007000,4095
4007010,4095
4007021,4095
4007031,4095
4007042,4095
4007053,4095
4007063,4095
4007074,4095
4007084,4095
4007095,4095
4007105,4095
4007116,4095
4007126,4095
4007137,4095
4007147,4095
4007158,4095
4007168,4095
4007179,4095
4007189,4095
4007200,4095
4007210,4095
4007221,4095
4007232,4095
4007242,4095
4007253,4095
4007263,4095
4007274,4095
4007284,4095
4007295,4095
4007305,4095
4007316,4095
4007326,4095
4007337,4095
4007347,4095
4007358,4095
4007368,4095
4007379,4095
4007390,4095
4007400,4095
4007411,4095
4007421,4095
4007432,4095
4007442,4095
4007453,4095
4007463,4095
4007474,4095
4007484,4095
4007495,4095
4007505,4095
4007516,4095
4007526,4095
4007537,4095
4007547,4095
4007558,4095
4007569,4095
4007579,4095
4007590,4095
4007600,4095
4007611,4095
4007621,4095
4007632,4095
4007642,4095
4007653,4095
4007663,4095
4007674,4095
4007684,4095
4007695,4095
4007705,4095
4007716,4095
4007726,4095
4007737,4095
4007748,4095
4007758,4095
4007769,4095
4007779,4095
4007790,4095
4007800,4095
4007811,4095
4007821,4095
4007832,4095
4007842,4095
4007853,4095
4007863,4095
4007874,4095
4007884,4095
4007895,4095
4007906,4095
4007916,4095
4007927,4095
4007937,4095
4007948,4095
4007958,4095
4007969,4095
4007979,4095
4007990,4095
4008000,4095
4008011,4095
4008021,4095
4008032,4095
4008042,4095
4008053,4095
4008063,4095
4008074,4095
4008085,4095
4008095,4095
4008106,4095
4008116,4095
4008127,4095
4008137,4095
4008148,4095
4008158,4095
4008169,4095
4008179,4095
4008190,4095
4008200,4095
4008211,4095
4008221,4095
4008232,4095
4008242,4095
4008253,4095
4008264,4095
4008274,4095
4008285,4095
4008295,4095
4008306,4095
4008316,4095
4008327,4095
4008337,4095
4008348,4095
4008358,4095
4008369,4095
4008379,4095
4008390,4095
4008400,4095
4008411,4095
4008422,4095
4008432,4095
4008443,4095
4008453,4095
4008464,4095
4008474,4095
4008485,4095
4008495,4095
4008506,4095
4008516,4095
4008527,4095
4008537,4095
4008548,4095
4008558,4095
4008569,4095
4008579,4095
4008590,4095
4008601,4095
4008611,4095
4008622,4095
4008632,4095
4008643,4095
4008653,4095
4008664,4095
4008674,4095
4008685,4095
4008695,4095
4008706,4095
4008716,4095
4008727,4095
4008737,4095
4008748,4095
4008758,4095
4008769,4095
4008780,4095
4008791,4095
4008802,4095
4008812,4095
4008823,4095
4008833,4095
4008844,4095
4008854,4095
4008865,4095
4008875,4095
4008886,4095
4008896,4095
4008907,4095
4008917,4095
4008928,4095
4008938,4095
4008949,4095
4008960,4095
4008970,4095
4008981,4095
4008991,4095
4009002,4095
4009012,4095
4009023,4095
4009033,4095
4009044,4095
4009054,4095
4009065,4095
4009075,4095
4009086,4095
4009096,4095
4009107,4095
4009117,4095
4009128,4095
4009139,4095
4009149,4095
4009160,4095
4009170,4095
4009181,4095
4009191,4095
4009202,4095
4009212,4095
4009223,4095
4009233,4095
4009244,4095
4009254,4095
4009265,4095
4009275,4095
4009286,4095
4009296,4095
4009307,4095
4009318,4095
4009328,4095
4009339,4095
4009349,4095
4009360,4095
4009370,4095
4009381,4095
4009391,4095
4009402,4095
4009412,4095
4009423,4095
4009433,4095
4009444,4095
4009454,4095
4009465,4095
4009475,4095
4009486,4095
4009497,4095
4009507,4095
4009518,4095
4009528,4095
4009539,4095
4009549,4095
4009560,4095
4009570,4095
4009581,4095
4009591,4095
4009602,4095
4009612,4095
4009623,4095
4009633,4095
4009644,4095
4009655,4095
4009665,4095
4009676,4095
4009686,4095
4009697,4095
4009707,4095
4009718,4095
4009728,4095
4009739,4095
4009749,4095
4009760,4095
4009770,4095
4009781,4095
4009791,4095
4009802,4095
4009812,4095
4009823,4095
4009834,4095
4009844,4095
4009855,4095
4009865,4095
4009876,4095
4009886,4095
4009897,4095
4009907,4095
4009918,4095
4009928,4095
4009939,4095
4009949,4095
4009960,4095
4009970,4095
4009981,4095
4009991,4095
4010002,4095
4010013,4095
4010023,4095
4010034,4095
4010044,4095
4010055,4095
4010065,4095
4010076,4095
4010086,4095
4010097,4095
4010107,4095
4010118,4095
4010128,4095
4010139,4095
4010149,4095
4010160,4095
4010171,4095
4010181,4095
4010192,4095
4010202,4095
4010213,4095
4010223,4095
4010234,4095
4010244,4095
4010255,4095
4010265,4095
4010276,4095
4010286,4095
4010297,4095
4010307,4095
4010318,4095
4010328,4095
4010339,4095
4010350,4095
4010360,4095
4010371,4095
4010381,4095
4010392,4095
4010402,4095
4010413,4095
4010423,4095
4010434,4095
4010444,4095
4010455,4095
4010465,4095
4010476,4095
4010486,4095
4010497,4095
4010507,4095
4010518,4095
4010529,4095
4010539,4095
4010550,4095
4010560,4095
4010571,4095
4010581,4095
4010592,4095
4010602,4095
4010613,4095
4010623,4095
4010634,4095
4010644,4095
4010655,4095
4010665,4095
4010676,4095
4010687,4095
4010697,4095
4010708,4095
4010718,4095
4010729,4095
4010739,4095
4010750,4095
4010760,4095
4010771,4095
4010781,4095
4010792,4095
4010802,4095
4010813,4095
4010823,4095
4010834,4095
4010844,4095
4010855,4095
4010866,4095
4010876,4095
4010887,4095
4010897,4095
4010908,4095
4010918,4095
4010929,4095
4010939,4095
4010950,4095
4010960,4095
4010971,4095
4010981,4095
4010992,4095
4011002,4095
4011013,4095
4011023,4095
4011034,4095
4011045,4095
4011055,4095
4011066,4095
4011076,4095
4011087,4095
4011097,4095
4011108,4095
4011118,4095
4011129,4095
4011139,4095
4011150,4095
4011160,4095
4011171,4095
4011181,4095
4011192,4095
4011203,4095
4011213,4095
4011224,4095
4011234,4095
4011245,4095
4011255,4095
4011266,4095
4011276,4095
4011287,4095
4011297,4095
4011308,4095
4011318,4095
4011329,4095
4011339,4095
4011350,4095
4011360,4095
4011371,4095
4011382,4095
4011392,4095
4011403,4095
4011413,4095
4011424,4095
4011434,4095
4011445,4095
4011455,4095
4011466,4095
4011476,4095
4011487,4095
4011497,4095
4011508,4095
4011518,4095
4011529,4095
4011539,4095
4011550,4095
4011561,4095
4011571,4095
4011582,4095
4011592,4095
4011603,4095
4011613,4095
4011624,4095
4011634,4095
4011645,4095
4011655,4095
4011666,4095
4011676,4095
4011687,4095
4011697,4095
4011708,4095
4011719,4095
4011729,4095
4011740,4095
4011750,4095
4011761,4095
4011771,4095
4011782,4095
4011792,4095
4011803,4095
4011813,4095
4011824,4095
4011834,4095
4011845,4095
4011855,4095
4011866,4095
4011876,4095
4011887,4095
4011898,4095
4011908,4095
4011919,4095
4011929,4095
4011940,4095
4011950,4095
4011961,4095
4011971,4095
4011982,4095
4011992,4095
4012003,4095
4012013,4095
4012024,4095
4012034,4095
4012045,4095
4012055,4095
4012066,4095
4012077,4095
4012087,4095
4012098,4095
4012108,4095
4012119,4095
4012129,4095
4012140,4095
4012150,4095
4012161,4095
4012171,4095
4012182,4095
4012192,4095
4012203,4095
4012213,4095
4012224,4095
4012235,4095
4012245,4095
4012256,4095
4012266,4095
4012277,4095
4012287,4095
4012298,4095
4012308,4095
4012319,4095
4012329,4095
4012340,4095
4012350,4095
4012361,4095
4012371,4095
4012382,4095
4012392,4095
4012403,4095
4012414,4095
4012424,4095
4012435,4095
4012445,4095
4012456,4095
4012466,4095
4012477,4095
4012487,4095
4012498,4095
4012508,4095
4012519,4095
4012529,4095
4012540,4095
4012550,4095
4012561,4095
4012571,4095
4012582,4095
4012593,4095
4012603,4095
4012614,4095
4012624,4095
4012635,4095
4012645,4095
4012656,4095
4012666,4095
4012677,4095
4012687,4095
4012698,4095
4012708,4095
4012719,4095
4012729,4095
4012740,4095
4012750,4095
4012761,4095
4012772,4095
4012782,4095
4012793,4095
4012803,4095
4012814,4095
4012824,4095
4012835,4095
4012845,4095
4012856,4095
4012866,4095
4012877,4095
4012887,4095
4012898,4095
4012908,4095
4012919,4095
4012930,4095
4012940,4095
4012951,4095
4012961,4095
4012972,4095
4012982,4095
4012993,4095
4013003,4095
4013014,4095
4013024,4095
4013035,4095
4013045,4095
4013056,4095
4013066,4095
4013077,4095
4013087,4095
4013098,4095
4013109,4095
4013119,4095
4013130,4095
4013140,4095
4013151,4095
4013161,4095
4013172,4095
4013182,4095
4013193,4095
4013203,4095
4013214,4095
4013224,4095
4013235,4095
4013245,4095
4013256,4095
4013266,4095
4013277,4095
4013288,4095
4013298,4095
4013309,4095
4013319,4095
4013330,4095
4013340,4095
4013351,4095
4013361,4095
4013372,4095
4013382,4095
4013393,4095
4013403,4095
4013414,4095
4013424,4095
4013435,4095
4013446,4095
4013456,4095
4013467,4095
4013477,4095
4013488,4095
4013498,4095
4013509,4095
4013519,4095
4013530,4095
4013540,4095
4013551,4095
4013561,4095
4013572,4095
4013582,4095
4013593,4095
4013603,4095
4013614,4095
4013625,4095
4013635,4095
4013646,4095
4013656,4095
4013667,4095
4013677,4095
4013688,4095
4013698,4095
4013709,4095
4013719,4095
4013730,4095
4013740,4095
4013751,4095
4013761,4095
4013772,4095
4013782,4095
4013793,4095
4013804,4095
4013814,4095
4013825,4095
4013835,4095
4013846,4095
4013856,4095
4013867,4095
4013877,4095
4013888,4095
4013898,4095
4013909,4095
4013919,4095
4013930,4095
4013940,4095
4013951,4095
4013962,4095
4013972,4095
4013983,4095
4013993,4095
4014004,4095
4014014,4095
4014025,4095
4014035,4095
4014046,4095
4014056,4095
4014067,4095
4014077,4095
4014088,4095
4014098,4095
4014109,4095
4014119,4095
4014130,4095
4014141,4095
4014151,4095
4014162,4095
4014172,4095
4014183,4095
4014193,4095
4014204,4095
4014214,4095
4014225,4095
4014235,4095
4014246,4095
4014256,4095
4014267,4095
4014277,4095
4014288,4095
4014298,4095
4014309,4095
4014320,4095
4014330,4095
4014341,4095
4014351,4095
4014362,4095
4014372,4095
4014383,4095
4014393,4095
4014404,4095
4014414,4095
4014425,4095
4014435,4095
4014446,4095
4014456,4095
4014467,4095
4014478,4095
4014488,4095
4014499,4095
4014509,4095
4014520,4095
4014530,4095
4014541,4095
4014551,4095
4014562,4095
4014572,4095
4014583,4095
4014593,4095
4014604,4095
4014614,4095
4014625,4095
4014635,4095
4014647,4095
4014657,4095
4014668,4095
4014679,4095
4014689,4095
4014700,4095
4014710,4095
4014721,4095
4014731,4095
4014742,4095
4014752,4095
4014763,4095
4014773,4095
4014784,4095
4014794,4095
4014805,4095
4014815,4095
4014826,4095
4014837,4095
4014847,4095
4014858,4095
4014868,4095
4014879,4095
4014889,4095
4014900,4095
4014910,4095
4014921,4095
4014931,4095
4014942,4095
4014952,4095
4014963,4095
4014973,4095
4014984,4095
4014994,4095
4015005,4095
4015016,4095
4015026,4095
4015037,4095
4015047,4095
4015058,4095
4015068,4095
4015079,4095
4015089,4095
4015100,4095
4015110,4095
4015121,4095
4015131,4095
4015142,4095
4015152,4095
4015163,4095
4015173,4095
4015184,4095
4015195,4095
4015205,4095
4015216,4095
4015226,4095
4015237,4095
4015247,4095
4015258,4095
4015268,4095
4015279,4095
4015289,4095
4015300,4095
4015310,4095
4015321,4095
4015331,4095
4015342,4095
4015353,4095
4015363,4095
4015374,4095
4015384,4095
4015395,4095
4015405,4095
4015416,4095
4015426,4095
4015437,4095
4015447,4095
4015458,4095
4015468,4095
4015479,4095
4015489,4095
4015500,4095
4015510,4095
4015521,4095
4015532,4095
4015542,4095
4015553,4095
4015563,4095
4015574,4095
4015584,4095
4015595,4095
4015605,4095
4015616,4095
4015626,4095
4015637,4095
4015647,4095
4015658,4095
4015668,4095
4015679,4095
4015689,4095
4015700,4095
4015711,4095
4015721,4095
4015732,4095
4015742,4095
4015753,4095
4015763,4095
4015774,4095
4015784,4095
4015795,4095
4015805,4095
4015816,4095
4015826,4095
4015837,4095
4015847,4095
4015858,4095
4015868,4095
4015879,4095
4015890,4095
4015900,4095
4015911,4095
4015921,4095
4015932,4095
4015942,4095
4015953,4095
4015963,4095
4015974,4095
4015984,4095
4015995,4095
4016005,4095
4016016,4095
4016026,4095
4016037,4095
4016048,4095
4016058,4095
4016069,4095
4016079,4095
4016090,4095
4016100,4095
4016111,4095
4016121,4095
4016132,4095
4016142,4095
4016153,4095
4016163,4095
4016174,4095
4016184,4095
4016195,4095
4016205,4095
4016216,4095
4016227,4095
4016237,4095
4016248,4095
4016258,4095
4016269,4095
4016279,4095
4016290,4095
4016300,4095
4016311,4095
4016321,4095
4016332,4095
4016342,4095
4016353,4095
4016363,4095
4016374,4095
4016385,4095
4016395,4095
4016406,4095
4016416,4095
4016427,4095
4016437,4095
4016448,4095
4016458,4095
4016469,4095
4016479,4095
4016490,4095
4016500,4095
4016511,4095
4016521,4095
4016532,4095
4016542,4095
4016553,4095
4016564,4095
4016574,4095
4016585,4095
4016595,4095
4016606,4095
4016616,4095
4016627,4095
4016637,4095
4016648,4095
4016658,4095
4016669,4095
4016679,4095
4016690,4095
4016700,4095
4016711,4095
4016721,4095
4016732,4095
4016743,4095
4016753,4095
4016764,4095
4016774,4095
4016785,4095
4016795,4095
4016806,4095
4016816,4095
4016827,4095
4016837,4095
4016848,4095
4016858,4095
4016869,4095
4016879,4095
4016890,4095
4016901,4095
4016911,4095
4016922,4095
4016932,4095
4016943,4095
4016953,4095
4016964,4095
4016974,4095
4016985,4095
4016995,4095
4017006,4095
4017016,4095
4017027,4095
4017037,4095
4017048,4095
4017058,4095
4017069,4095
4017080,4095
4017090,4095
4017101,4095
4017111,4095
4017122,4095
4017132,4095
4017143,4095
4017153,4095
4017164,4095
4017174,4095
4017185,4095
4017195,4095
4017206,4095
4017216,4095
4017227,4095
4017237,4095
4017248,4095
4017259,4095
4017269,4095
4017280,4095
4017290,4095
4017301,4095
4017311,4095
4017322,4095
4017332,4095
4017343,4095
4017353,4095
4017364,4095
4017374,4095
4017385,4095
4017395,4095
4017406,4095
4017417,4095
4017427,4095
4017438,4095
4017448,4095
4017459,4095
4017469,4095
4017480,4095
4017490,4095
4017501,4095
4017511,4095
4017522,4095
4017532,4095
4017543,4095
4017553,4095
4017564,4095
4017574,4095
4017585,4095
4017596,4095
4017606,4095
4017617,4095
4017627,4095
4017638,4095
4017648,4095
4017659,4095
4017669,4095
4017680,4095
4017690,4095
4017701,4095
4017711,4095
4017722,4095
4017732,4095
4017743,4095
4017753,4095
4017764,4095
4017775,4095
4017785,4095
4017796,4095
4017806,4095
4017817,4095
4017827,4095
4017838,4095
4017848,4095
4017859,4095
4017869,4095
4017880,4095
4017890,4095
4017901,4095
4017911,4095
4017922,4095
4017933,4095
4017943,4095
4017954,4095
4017964,4095
4017975,4095
4017985,4095
4017996,4095
4018006,4095
4018017,4095
4018027,4095
4018038,4095
4018048,4095
4018059,4095
4018069,4095
4018080,4095
4018090,4095
4018101,4095
4018112,4095
4018122,4095
4018133,4095
4018143,4095
4018154,4095
4018164,4095
4018175,4095
4018185,4095
4018196,4095
4018206,4095
4018217,4095
4018227,4095
4018238,4095
4018248,4095
4018259,4095
4018269,4095
4018280,4095
4018291,4095
4018301,4095
4018312,4095
4018322,4095
4018333,4095
4018343,4095
4018354,4095
4018364,4095
4018375,4095
4018385,4095
4018396,4095
4018406,4095
4018417,4095
4018427,4095
4018438,4095
4018449,4095
4018459,4095
4018470,4095
4018480,4095
4018491,4095
4018501,4095
4018512,4095
4018522,4095
4018533,4095
4018543,4095
4018554,4095
4018564,4095
4018575,4095
4018585,4095
4018596,4095
4018606,4095
4018617,4095
4018628,4095
4018638,4095
4018649,4095
4018659,4095
4018670,4095
4018680,4095
4018691,4095
4018701,4095
4018712,4095
4018722,4095
4018733,4095
4018743,4095
4018754,4095
4018764,4095
4018775,4095
4018785,4095
4018796,4095
4018807,4095
4018817,4095
4018828,4095
4018838,4095
4018849,4095
4018859,4095
4018870,4095
4018880,4095
4018891,4095
4018901,4095
4018912,4095
4018922,4095
4018933,4095
4018943,4095
4018954,4095
4018965,4095
4018975,4095
4018986,4095
4018996,4095
4019007,4095
4019017,4095
4019028,4095
4019038,4095
4019049,4095
4019059,4095
4019070,4095
4019080,4095
4019091,4095
4019101,4095
4019112,4095
4019122,4095
4019133,4095
4019144,4095
4019154,4095
4019165,4095
4019175,4095
4019186,4095
4019196,4095
4019207,4095
4019217,4095
4019228,4095
4019238,4095
4019249,4095
4019259,4095
4019270,4095
4019280,4095
4019291,4095
4019301,4095
4019312,4095
4019323,4095
4019333,4095
4019344,4095
4019354,4095
4019365,4095
4019375,4095
4019386,4095
4019396,4095
4019407,4095
4019417,4095
4019428,4095
4019438,4095
4019449,4095
4019459,4095
4019470,4095
4019481,4095
4019491,4095
4019502,4095
4019512,4095
4019523,4095
4019533,4095
4019544,4095
4019554,4095
4019565,4095
4019575,4095
4019586,4095
4019596,4095
4019607,4095
4019617,4095
4019628,4095
4019638,4095
4019649,4095
4019660,4095
4019670,4095
4019681,4095
4019691,4095
4019702,4095
4019712,4095
4019723,4095
4019733,4095
4019744,4095
4019754,4095
4019765,4095
4019775,4095
4019786,4095
4019796,4095
4019807,4095
4019817,4095
4019828,4095
4019839,4095
4019849,4095
4019860,4095
4019870,4095
4019881,4095
4019891,4095
4019902,4095
4019912,4095
4019923,4095
4019933,4095
4019944,4095
4019954,4095
4019965,4095
4019975,4095
4019986,4095
4019997,4095
4020007,4095
4020018,4095
4020028,4095
4020039,4095
4020049,4095
4020060,4095
4020070,4095
4020081,4095
4020091,4095
4020102,4095
4020112,4095
4020123,4095
4020133,4095
4020144,4095
4020154,4095
4020165,4095
4020176,4095
4020186,4095
4020197,4095
4020207,4095
4020218,4095
4020228,4095
4020239,4095
4020249,4095
4020260,4095
4020270,4095
4020281,4095
4020291,4095
4020302,4095
4020312,4095
4020323,4095
4020333,4095
4020344,4095
4020355,4095
4020365,4095
4020376,4095
4020386,4095
4020397,4095
4020407,4095
4020418,4095
4020428,4095
4020439,4095
4020449,4095
4020460,4095
4020470,4095
4020481,4095
4020491,4095
4020503,4095
4020513,4095
4020524,4095
4020535,4095
4020545,4095
4020556,4095
4020566,4095
4020577,4095
4020587,4095
4020598,4095
4020608,4095
4020619,4095
4020629,4095
4020640,4095
4020650,4095
4020661,4095
4020671,4095
4020682,4095
4020692,4095
4020703,4095
4020714,4095
4020724,4095
4020735,4095
4020745,4095
4020756,4095
4020766,4095
4020777,4095
4020787,4095
4020798,4095
4020808,4095
4020819,4095
4020829,4095
4020840,4095
4020850,4095
4020861,4095
4020871,4095
4020882,4095
4020893,4095
4020903,4095
4020914,4095
4020924,4095
4020935,4095
4020945,4095
4020956,4095
4020966,4095
4020977,4095
4020987,4095
4020998,4095
4021008,4095
4021019,4095
4021029,4095
4021040,4095
4021051,4095
4021061,4095
4021072,4095
4021082,4095
4021093,4095
4021103,4095
4021114,4095
4021124,4095
4021135,4095
4021145,4095
4021156,4095
4021166,4095
4021177,4095
4021187,4095
4021198,4095
4021208,4095
4021219,4095
4021230,4095
4021240,4095
4021251,4095
4021261,4095
4021272,4095
4021282,4095
4021293,4095
4021303,4095
4021314,4095
4021324,4095
4021335,4095
4021345,4095
4021356,4095
4021366,4095
4021377,4095
4021387,4095
4021398,4095
4021409,4095
4021419,4095
4021430,4095
4021440,4095
4021451,4095
4021461,4095
4021472,4095
4021482,4095
4021493,4095
4021503,4095
4021514,4095
4021524,4095
4021535,4095
4021545,4095
4021556,4095
4021567,4095
4021577,4095
4021588,4095
4021598,4095
4021609,3939
4021619,3502
4021630,3287
4021640,3060
4021651,2864
4021661,2769
4021672,2669
4021682,2518
4021693,2432
4021703,2354
4021714,2300
4021724,2209
4021735,2147
4021746,2095
4021756,2059
4021767,2015
4021777,1968
4021788,1934
4021798,1920
4021809,1872
4021819,1840
4021830,1798
4021840,1764
4021851,1744
4021861,1712
4021872,1683
4021882,1677
4021893,1663
4021903,1663
4021914,1655
4021925,1647
4021935,1654
4021946,1674
4021956,1664
4021967,1671
4021977,1707
4021988,1764
4021998,1746
4022009,1639
4022019,1659
4022030,1648
4022040,1637
4022051,1652
4022061,1695
4022072,1654
4022083,1681
4022093,1673
4022104,1713
4022114,1728
4022125,1735
4022135,1728
4022146,1722
4022156,1726
4022167,1727
4022177,1733
4022188,1744
4022198,1759
4022209,1776
4022219,1791
4022230,1797
4022240,1798
4022251,1823
4022262,1835
4022272,1853
4022283,1875
4022293,1883
4022304,1929
4022314,1949
4022325,2000
4022335,2160
4022346,2203
4022356,2447
4022367,2623
4022377,2975
4022388,3280
4022398,3819
4022409,4095
4022419,4095
4022430,4095
4022441,4095
4022451,4095
4022462,4095
4022472,4095
4022483,4095
4022493,4095
4022504,4095
4022514,4095
4022525,4095
4022535,4095
4022546,4095
4022556,4095
4022567,4095
4022577,4095
4022588,4095
4022598,4095
4022609,4095
4022620,4095
4022630,4095
4022641,4095
4022651,4095
4022662,4095
4022672,4095
4022683,4095
4022693,4095
4022704,4095
4022714,4095
4022725,4095
4022735,4095
4022746,3734
4022756,3449
4022767,3162
4022778,3127
4022788,2986
4022799,2907
4022809,2786
4022820,2667
4022830,2580
4022841,2493
4022851,2455
4022862,2411
4022872,2382
4022883,2336
4022893,2301
4022904,2279
4022914,2246
4022925,2214
4022935,2202
4022946,2162
4022957,2137
4022967,2107
4022978,2063
4022988,2030
4022999,2002
4023009,1974
4023020,1967
4023030,1943
4023041,1935
4023051,1920
4023062,1909
4023072,1901
4023083,1896
4023093,1887
4023104,1881
4023115,1878
4023125,1877
4023136,1880
4023146,1874
4023157,1882
4023167,1875
4023178,1879
4023188,1883
4023199,1884
4023209,1890
4023220,1886
4023230,1885
4023241,1887
4023251,1879
4023262,1877
4023272,1873
4023283,1871
4023294,1869
4023304,1854
4023315,1849
4023325,1844
4023336,1840
4023346,1838
4023357,1837
4023367,1822
4023378,1821
4023388,1818
4023399,1808
4023409,1807
4023420,1808
4023430,1805
4023441,1808
4023451,1801
4023462,1808
4023473,1807
4023483,1807
4023494,1810
4023504,1813
4023515,1813
4023525,1810
4023536,1809
4023546,1813
4023557,1818
4023567,1817
4023578,1819
4023588,1815
4023599,1819
4023609,1819
4023620,1820
4023630,1814
4023641,1814
4023652,1818
4023662,1810
4023673,1810
4023683,1813
4023694,1803
4023704,1791
4023715,1791
4023725,1783
4023736,1773
4023746,1777
4023757,1776
4023767,1763
4023778,1764
4023788,1754
4023799,1757
4023810,1744
4023820,1735
4023831,1730
4023841,1728
4023852,1714
4023862,1713
4023873,1709
4023883,1710
4023894,1708
4023904,1710
4023915,1709
4023925,1713
4023936,1717
4023946,1725
4023957,1721
4023967,1727
4023978,1729
4023989,1734
4023999,1743
4024010,1755
4024020,1775
4024031,1797
4024041,1791
4024052,1812
4024062,1837
4024073,1855
4024083,1882
4024094,1925
4024104,2007
4024115,2033
4024125,2065
4024136,2081
4024147,2102
4024157,2122
4024168,2134
4024178,2158
4024189,2179
4024199,2173
4024210,2145
4024220,2149
4024231,2140
4024241,2135
4024252,2141
4024262,2127
4024273,2118
4024283,2108
4024294,2097
4024304,2079
4024315,2064
4024326,2044
4024336,2038
4024347,2032
4024357,2027
4024368,2030
4024378,2018
4024389,2015
4024399,2019
4024410,2012
4024420,2007
4024431,2005
4024441,1999
4024452,1980
4024462,1954
4024473,1937
4024483,1933
4024494,1925
4024505,1922
4024515,1919
4024526,1910
4024536,1894
4024547,1873
4024557,1850
4024568,1772
4024578,1710
4024589,1677
4024599,1675
4024610,1695
4024620,1714
4024631,1739
4024641,1762
4024652,1781
4024663,1815
4024673,1837
4024684,1833
4024694,1812
4024705,1809
4024715,1819
4024726,1838
4024736,1881
4024747,1941
4024757,2011
4024768,2108
4024778,2206
4024789,2259
4024799,2304
4024810,2335
4024820,2382
4024831,2461
4024842,2609
4024852,2662
4024863,2694
4024873,2756
4024884,2810
4024894,2861
4024905,2902
4024915,2947
4024926,2992
4024936,3021
4024947,3045
4024957,3056
4024968,3060
4024978,3051
4024989,2983
4024999,2960
4025010,2879
4025021,2781
4025031,2711
4025042,2650
4025052,2603
4025063,2547
4025073,2511
4025084,2512
4025094,2482
4025105,2485
4025115,2483
4025126,2486
4025136,2495
4025147,2509
4025157,2525
4025168,2544
4025179,2559
4025189,2559
4025200,2623
4025210,2645
4025221,2687
4025231,2716
4025242,2749
4025252,2807
4025263,2880
4025273,2915
4025284,2929
4025294,2989
4025305,2997
4025315,3038
4025326,3086
4025336,3110
4025347,3123
4025358,3179
4025368,3187
4025379,3206
4025389,3229
4025400,3253
4025410,3273
4025421,3290
4025431,3330
4025442,3339
4025452,3363
4025463,3395
4025473,3417
4025484,3445
4025494,3504
4025505,3583
4025515,3644
4025526,3665
4025537,3642
4025547,3639
4025558,3648
4025568,3631
4025579,3671
4025589,3664
4025600,3653
4025610,3657
4025621,3680
4025631,3679
4025642,3696
4025652,3713
4025663,3729
4025673,3751
4025684,3773
4025695,3767
4025705,3788
4025716,3728
4025726,3727
4025737,3734
4025747,3712
4025758,3739
4025768,3730
4025779,3731
4025789,3741
4025800,3734
4025810,3759
4025821,3733
4025831,3735
4025842,3754
4025852,3760
4025863,3774
4025874,3780
4025884,3787
4025895,3817
4025905,3827
4025916,3819
4025926,3843
4025937,3827
4025947,3839
4025958,3883
4025968,3864
4025979,3888
4025989,3884
4026000,3871
4026010,3831
4026021,3833
4026031,3821
4026042,3817
4026053,3840
4026063,3873
4026074,3854
4026084,3883
4026095,3883
4026105,3842
4026116,3845
4026126,3878
4026137,3881
4026147,3871
4026158,3873
4026168,3865
4026179,3855
4026189,3830
4026200,3824
4026210,3807
4026221,3798
4026232,3794
4026242,3792
4026253,3789
4026263,3779
4026274,3776
4026284,3771
4026295,3762
4026305,3770
4026316,3755
4026326,3734
4026337,3729
4026347,3729
4026359,3726
4026369,3710
4026380,3705
4026390,3705
4026401,3696
4026412,3683
4026422,3684
4026433,3693
4026443,3687
4026454,3685
4026464,3677
4026475,3665
4026485,3671
4026496,3667
4026506,3661
4026517,3664
4026527,3663
4026538,3667
4026548,3655
4026559,3667
4026569,3664
4026580,3664
4026591,3665
4026601,3693
4026612,3664
4026622,3654
4026633,3651
4026643,3651
4026654,3664
4026664,3665
4026675,3663
4026685,3638
4026696,3647
4026706,3663
4026717,3662
4026727,3666
4026738,3693
4026749,3682
4026759,3696
4026770,3712
4026780,3737
4026791,3728
4026801,3715
4026812,3734
4026822,3725
4026833,3723
4026843,3733
4026854,3734
4026864,3736
4026875,3738
4026885,3737
4026896,3725
4026906,3715
4026917,3707
4026928,3701
4026938,3695
4026949,3693
4026959,3686
4026970,3685
4026980,3681
4026991,3671
4027001,3686
4027012,3668
4027022,3651
4027033,3664
4027043,3647
4027054,3645
4027064,3644
4027075,3648
4027085,3634
4027096,3623
4027107,3622
4027117,3614
4027128,3606
4027138,3623
4027149,3615
4027159,3612
4027170,3618
4027180,3617
4027191,3610
4027201,3621
4027212,3610
4027222,3617
4027233,3619
4027243,3615
4027254,3615
4027265,3628
4027275,3618
4027286,3611
4027296,3625
4027307,3623
4027317,3627
4027328,3632
4027338,3631
4027349,3623
4027359,3632
4027370,3636
4027380,3632
4027391,3632
4027401,3632
4027412,3638
4027422,3641
4027433,3632
4027444,3636
4027454,3632
4027465,3632
4027475,3634
4027486,3635
4027496,3645
4027507,3645
4027517,3641
4027528,3622
4027538,3630
4027549,3624
4027559,3634
4027570,3631
4027580,3629
4027591,3627
4027601,3615
4027612,3625
4027623,3623
4027633,3619
4027644,3624
4027654,3627
4027665,3612
4027675,3606
4027686,3623
4027696,3631
4027707,3618
4027717,3632
4027728,3627
4027738,3632
4027749,3625
4027759,3623
4027770,3633
4027780,3622
4027791,3624
4027802,3623
4027812,3616
4027823,3618
4027833,3621
4027844,3614
4027854,3618
4027865,3613
4027875,3621
4027886,3617
4027896,3611
4027907,3629
4027917,3621
4027928,3611
4027938,3607
4027949,3607
4027960,3609
4027970,3605
4027981,3602
4027991,3599
4028002,3600
4028012,3601
4028023,3600
4028033,3582
4028044,3582
4028054,3583
4028065,3583
4028075,3583
4028086,3581
4028096,3582
4028107,3579
4028117,3571
4028128,3579
4028139,3575
4028149,3572
4028160,3583
4028170,3575
4028181,3573
4028191,3579
4028202,3574
4028212,3577
4028223,3570
4028233,3568
4028244,3568
4028254,3571
4028265,3570
4028275,3572
4028286,3567
4028296,3575
4028307,3570
4028318,3574
4028328,3573
4028339,3603
4028349,3583
4028360,3578
4028370,3596
4028381,3570
4028391,3577
4028402,3580
4028412,3568
4028423,3570
4028433,3571
4028444,3568
4028454,3567
4028465,3568
4028476,3568
4028486,3568
4028497,3567
4028507,3568
4028518,3568
4028528,3567
4028539,3566
4028549,3568
4028560,3569
4028570,3573
4028581,3578
4028591,3568
4028602,3581
4028612,3575
4028623,3577
4028633,3579
4028644,3568
4028655,3574
4028665,3574
4028676,3569
4028686,3568
4028697,3568
4028707,3578
4028718,3568
4028728,3567
4028739,3554
4028749,3566
4028760,3570
4028770,3565
4028781,3574
4028791,3583
4028802,3568
4028812,3574
4028823,3573
4028834,3578
4028844,3581
4028855,3578
4028865,3570
4028876,3578
4028886,3568
4028897,3569
4028907,3565
4028918,3568
4028928,3573
4028939,3566
4028949,3563
4028960,3565
4028970,3565
4028981,3565
4028992,3551
4029002,3566
4029013,3567
4029023,3565
4029034,3563
4029044,3566
4029055,3559
4029065,3563
4029076,3566
4029086,3568
4029097,3561
4029107,3561
4029118,3565
4029128,3553
4029139,3553
4029149,3554
4029160,3558
4029171,3551
4029181,3568
4029192,3554
4029202,3556
4029213,3558
4029223,3556
4029234,3551
4029244,3555
4029255,3561
4029265,3562
4029276,3563
4029286,3557
4029297,3563
4029307,3555
4029318,3557
4029328,3552
4029339,3567
4029350,3561
4029360,3558
4029371,3554
4029381,3553
4029392,3553
4029402,3550
4029413,3550
4029423,3554
4029434,3553
4029444,3548
4029455,3555
4029465,3546
4029476,3553
4029486,3548
4029497,3555
4029508,3559
4029518,3545
4029529,3552
4029539,3536
4029550,3551
4029560,3552
4029571,3541
4029581,3536
4029592,3536
4029602,3539
4029613,3549
4029623,3542
4029634,3559
4029644,3549
4029655,3546
4029665,3550
4029676,3552
4029687,3545
4029697,3550
4029708,3554
4029718,3547
4029729,3541
4029739,3546
4029750,3555
4029760,3543
4029771,3539
4029781,3537
4029792,3541
4029802,3549
4029813,3545
4029823,3537
4029834,3546
4029844,3538
4029855,3541
4029866,3536
4029876,3540
4029887,3535
4029897,3542
4029908,3539
4029918,3535
4029929,3536
4029939,3542
4029950,3536
4029960,3541
4029971,3547
4029981,3535
4029992,3536
4030002,3536
4030013,3541
4030024,3536
4030034,3536
4030045,3534
4030055,3531
4030066,3527
4030076,3535
4030087,3536
4030097,3535
4030108,3535
4030118,3536
4030129,3531
4030139,3538
4030150,3539
4030160,3533
4030171,3533
4030181,3531
4030192,3531
4030203,3524
4030213,3530
4030224,3534
4030234,3536
4030245,3529
4030255,3529
4030266,3527
4030276,3529
4030287,3530
4030297,3534
4030308,3534
4030318,3534
4030329,3527
4030339,3534
4030350,3531
4030360,3533
4030371,3531
4030382,3529
4030392,3531
4030403,3533
4030413,3531
4030424,3531
4030434,3534
4030445,3533
4030455,3523
4030466,3531
4030476,3536
4030487,3529
4030497,3535
4030508,3535
4030518,3534
4030529,3530
4030540,3525
4030550,3529
4030561,3526
4030571,3534
4030582,3522
4030592,3524
4030603,3522
4030613,3520
4030624,3521
4030634,3525
4030645,3523
4030655,3530
4030666,3521
4030676,3525
4030687,3523
4030697,3527
4030708,3527
4030719,3534
4030729,3527
4030740,3533
4030750,3536
4030761,3529
4030771,3535
4030782,3522
4030792,3523
4030803,3521
4030813,3527
4030824,3529
4030834,3523
4030845,3520
4030855,3531
4030866,3527
4030876,3535
4030887,3529
4030898,3534
4030908,3534
4030919,3522
4030929,3533
4030940,3527
4030950,3524
4030961,3533
4030971,3530
4030982,3533
4030992,3521
4031003,3517
4031013,3521
4031024,3518
4031034,3511
4031045,3504
4031056,3509
4031066,3504
4031077,3504
4031087,3506
4031098,3509
4031108,3505
4031119,3505
4031129,3504
4031140,3505
4031150,3505
4031161,3506
4031171,3505
4031182,3504
4031192,3503
4031203,3507
4031213,3506
4031224,3507
4031235,3511
4031245,3509
4031256,3511
4031266,3506
4031277,3513
4031287,3501
4031298,3503
4031308,3505
4031319,3510
4031329,3501
4031340,3515
4031350,3494
4031361,3501
4031371,3493
4031382,3495
4031392,3491
4031403,3485
4031414,3489
4031424,3483
4031435,3491
4031445,3490
4031456,3490
4031466,3497
4031477,3500
4031487,3487
4031498,3495
4031508,3503
4031519,3504
4031529,3501
4031540,3503
4031550,3498
4031561,3495
4031571,3504
4031582,3495
4031593,3498
4031603,3498
4031614,3489
4031624,3487
4031635,3487
4031645,3491
4031656,3482
4031666,3475
4031677,3477
4031687,3482
4031698,3488
4031708,3477
4031719,3483
4031729,3472
4031740,3479
4031751,3483
4031761,3479
4031772,3486
4031782,3483
4031793,3482
4031803,3488
4031814,3488
4031824,3479
4031835,3484
4031845,3488
4031856,3488
4031866,3479
4031877,3474
4031887,3478
4031898,3483
4031908,3473
4031919,3477
4031930,3486
4031940,3477
4031951,3473
4031961,3483
4031972,3472
4031982,3472
4031993,3478
4032003,3473
4032014,3475
4032024,3472
4032035,3472
4032045,3472
4032056,3477
4032066,3472
4032077,3473
4032088,3472
4032098,3475
4032109,3476
4032119,3472
4032130,3477
4032140,3467
4032151,3469
4032161,3472
4032172,3462
4032182,3465
4032193,3473
4032204,3470
4032215,3471
4032225,3467
4032236,3463
4032246,3457
4032257,3466
4032267,3459
4032278,3468
4032289,3467
4032299,3467
4032310,3463
4032320,3461
4032331,3462
4032341,3457
4032352,3467
4032362,3468
4032373,3463
4032383,3459
4032394,3466
4032404,3467
4032415,3470
4032425,3461
4032436,3488
4032446,3460
4032457,3467
4032468,3466
4032478,3469
4032489,3469
4032499,3470
4032510,3466
4032520,3466
4032531,3461
4032541,3465
4032552,3457
4032562,3449
4032573,3440
4032583,3434
4032594,3435
4032604,3435
4032615,3435
4032625,3434
4032636,3439
4032647,3429
4032657,3431
4032668,3422
4032678,3425
4032689,3423
4032699,3429
4032710,3429
4032720,3422
4032731,3419
4032741,3413
4032752,3426
4032762,3421
4032773,3417
4032783,3411
4032794,3414
4032805,3417
4032815,3419
4032826,3411
4032836,3409
4032847,3409
4032857,3399
4032868,3408
4032878,3415
4032889,3407
4032899,3415
4032910,3418
4032920,3420
4032931,3421
4032941,3408
4032952,3418
4032962,3415
4032973,3423
4032984,3414
4032994,3422
4033005,3422
4033015,3431
4033026,3422
4033036,3415
4033047,3417
4033057,3419
4033068,3414
4033078,3418
4033089,3414
4033099,3421
4033110,3422
4033120,3411
4033131,3408
4033142,3411
4033152,3419
4033163,3409
4033173,3415
4033184,3415
4033194,3407
4033205,3410
4033215,3405
4033226,3416
4033236,3415
4033247,3441
4033257,3411
4033268,3418
4033278,3415
4033289,3419
4033299,3436
4033310,3426
4033321,3424
4033331,3427
4033342,3426
4033352,3427
4033363,3423
4033373,3426
4033384,3425
4033394,3422
4033405,3419
4033415,3418
4033426,3410
4033436,3415
4033447,3418
4033457,3423
4033468,3422
4033478,3422
4033489,3423
4033500,3414
4033510,3411
4033521,3415
4033531,3410
4033542,3408
4033552,3420
4033563,3413
4033573,3422
4033584,3413
4033594,3417
4033605,3413
4033615,3421
4033626,3412
4033636,3418
4033647,3412
4033657,3419
4033668,3410
4033679,3415
4033689,3417
4033700,3409
4033710,3408
4033721,3410
4033731,3411
4033742,3409
4033752,3415
4033763,3408
4033773,3414
4033784,3415
4033794,3398
4033805,3409
4033815,3419
4033826,3419
4033837,3422
4033847,3414
4033858,3417
4033868,3419
4033879,3414
4033889,3421
4033900,3418
4033910,3426
4033921,3423
4033931,3413
4033942,3412
4033952,3411
4033963,3411
4033973,3411
4033984,3424
4033994,3422
4034005,3419
4034016,3426
4034026,3424
4034037,3425
4034047,3424
4034058,3425
4034068,3434
4034079,3423
4034089,3425
4034100,3429
4034110,3429
4034121,3438
4034131,3425
4034142,3425
4034152,3431
4034163,3429
4034173,3434
4034184,3440
4034195,3439
4034205,3427
4034216,3434
4034226,3430
4034237,3427
4034247,3428
4034258,3428
4034268,3422
4034279,3415
4034289,3416
4034300,3419
4034310,3425
4034321,3419
4034331,3414
4034342,3417
4034353,3425
4034363,3421
4034374,3415
4034384,3415
4034395,3428
4034405,3426
4034416,3427
4034426,3421
4034437,3423
4034447,3428
4034458,3420
4034468,3422
4034479,3414
4034489,3427
4034500,3422
4034510,3422
4034521,3417
4034532,3424
4034542,3436
4034553,3419
4034563,3415
4034574,3421
4034584,3410
4034595,3430
4034605,3419
4034616,3424
4034626,3430
4034637,3423
4034647,3425
4034658,3427
4034668,3423
4034679,3431
4034689,3421
4034700,3422
4034711,3419
4034721,3422
4034732,3419
4034742,3422
4034753,3415
4034763,3419
4034774,3418
4034784,3419
4034795,3420
4034805,3412
4034816,3410
4034826,3410
4034837,3413
4034847,3409
4034858,3414
4034869,3412
4034879,3408
4034890,3407
4034900,3414
4034911,3411
4034921,3407
4034932,3415
4034942,3408
4034953,3411
4034963,3408
4034974,3413
4034984,3409
4034995,3408
4035005,3405
4035016,3411
4035026,3408
4035037,3405
4035048,3407
4035058,3407
4035069,3407
4035079,3409
4035090,3402
4035100,3405
4035111,3402
4035121,3403
4035132,3406
4035142,3406
4035153,3408
4035163,3413
4035174,3409
4035184,3408
4035195,3408
4035205,3407
4035216,3411
4035227,3409
4035237,3408
4035248,3408
4035258,3406
4035269,3408
4035279,3406
4035290,3408
4035300,3401
4035311,3401
4035321,3401
4035332,3403
4035342,3397
4035353,3405
4035363,3397
4035374,3397
4035384,3399
4035395,3403
4035406,3401
4035416,3403
4035427,3395
4035437,3401
4035448,3398
4035458,3397
4035469,3402
4035479,3403
4035490,3407
4035500,3398
4035511,3405
4035521,3408
4035532,3405
4035542,3399
4035553,3404
4035564,3398
4035574,3395
4035585,3399
4035595,3403
4035606,3406
4035616,3389
4035627,3396
4035637,3394
4035648,3405
4035658,3391
4035669,3388
4035679,3395
4035690,3390
4035700,3384
4035711,3394
4035721,3385
4035732,3390
4035743,3384
4035753,3391
4035764,3389
4035774,3386
4035785,3382
4035795,3376
4035806,3388
4035816,3384
4035827,3382
4035837,3391
4035848,3379
4035858,3386
4035869,3379
4035879,3381
4035890,3379
4035901,3392
4035911,3381
4035922,3378
4035932,3371
4035943,3374
4035953,3385
4035964,3379
4035974,3376
4035985,3374
4035995,3372
4036006,3371
4036016,3362
4036027,3366
4036037,3360
4036048,3367
4036058,3365
4036069,3357
4036080,3366
4036090,3362
4036101,3358
4036111,3361
4036122,3370
4036132,3374
4036143,3372
4036153,3367
4036164,3373
4036174,3376
4036185,3371
4036195,3373
4036206,3366
4036216,3371
4036227,3365
4036237,3369
4036248,3365
4036259,3359
4036269,3362
4036280,3359
4036290,3366
4036301,3361
4036311,3363
4036322,3360
4036332,3362
4036343,3357
4036353,3347
4036364,3361
4036374,3348
4036385,3350
4036395,3344
4036406,3344
4036417,3338
4036427,3341
4036438,3339
4036448,3342
4036459,3346
4036469,3344
4036480,3343
4036490,3341
4036501,3329
4036511,3342
4036522,3346
4036532,3342
4036543,3335
4036553,3342
4036564,3346
4036574,3344
4036585,3344
4036596,3335
4036606,3343
4036617,3340
4036627,3340
4036638,3332
4036648,3334
4036659,3328
4036669,3330
4036680,3331
4036690,3330
4036701,3335
4036711,3335
4036722,3343
4036732,3333
4036743,3328
4036753,3327
4036764,3328
4036775,3330
4036785,3335
4036796,3342
4036806,3346
4036817,3343
4036827,3335
4036838,3335
4036848,3341
4036859,3338
4036869,3345
4036880,3334
4036890,3341
4036901,3337
4036911,3341
4036922,3342
4036933,3326
4036943,3329
4036954,3326
4036964,3331
4036975,3328
4036985,3333
4036996,3319
4037006,3319
4037017,3328
4037027,3324
4037038,3328
4037048,3333
4037059,3334
4037069,3321
4037080,3318
4037090,3317
4037101,3322
4037112,3321
4037122,3305
4037133,3291
4037143,3296
4037154,3279
4037164,3279
4037175,3255
4037185,3259
4037196,3260
4037206,3260
4037217,3263
4037227,3241
4037238,3241
4037248,3245
4037259,3250
4037269,3239
4037280,3243
4037291,3248
4037301,3239
4037312,3221
4037322,3230
4037333,3219
4037343,3215
4037354,3203
4037364,3196
4037375,3199
4037385,3168
4037396,3171
4037406,3159
4037417,3162
4037427,3151
4037438,3137
4037449,3139
4037459,3143
4037470,3115
4037480,3115
4037491,3066
4037501,3042
4037512,3026
4037522,3024
4037533,3011
4037543,3006
4037554,2992
4037564,2972
4037575,2951
4037585,2965
4037596,2958
4037606,2933
4037617,2916
4037628,2926
4037638,2911
4037649,2896
4037659,2881
4037670,2885
4037680,2873
4037691,2864
4037701,2881
4037712,2864
4037722,2860
4037733,2851
4037743,2847
4037754,2849
4037764,2838
4037775,2849
4037785,2860
4037796,2855
4037807,2867
4037817,2888
4037828,2891
4037838,2914
4037849,2943
4037859,2966
4037870,2997
4037880,3015
4037891,3046
4037901,3067
4037912,3106
4037922,3130
4037933,3163
4037943,3190
4037954,3247
4037965,3298
4037975,3372
4037986,3450
4037996,3479
4038007,3539
4038017,3579
4038028,3603
4038038,3665
4038050,3730
4038060,3762
4038071,3835
4038081,3846
4038092,3894
4038102,3970
4038113,3997
4038123,4007
4038134,4039
4038144,4066
4038155,4085
4038166,4095
4038176,4090
4038187,4095
4038197,4082
4038208,4085
4038218,4078
4038229,4058
4038239,4021
4038250,4009
4038260,3943
4038271,3920
4038281,3897
4038292,3888
4038302,3869
4038313,3944
4038323,4031
4038334,4095
4038345,4095
4038355,4095
4038366,4095
4038376,4095
4038387,4095
4038397,4095
4038408,4095
4038418,4095
4038429,4095
4038439,4095
4038450,4095
4038460,4095
4038471,4095
4038481,4095
4038492,4095
4038503,4095
4038513,4095
4038524,3974
4038534,3857
4038545,3668
4038555,3482
4038566,3317
4038576,3197
4038587,3123
4038597,3050
4038608,2973
4038618,2911
4038629,2874
4038639,2849
4038650,2821
4038660,2799
4038671,2785
4038682,2781
4038692,2775
4038703,2768
4038713,2768
4038724,2752
4038734,2743
4038745,2733
4038755,2730
4038766,2706
4038776,2730
4038787,2704
4038797,2672
4038808,2633
4038818,2549
4038829,2487
4038839,2432
4038850,2384
4038861,2332
4038871,2285
4038882,2221
4038892,2159
4038903,2075
4038913,2023
4038924,1965
4038934,1921
4038945,1874
4038955,1845
4038966,1792
4038976,1763
4038987,1725
4038997,1715
4039008,1680
4039019,1658
4039029,1632
4039040,1606
4039050,1594
4039061,1573
4039071,1558
4039082,1535
4039092,1525
4039103,1514
4039113,1510
4039124,1513
4039134,1498
4039145,1494
4039155,1490
4039166,1488
4039176,1488
4039187,1485
4039198,1482
4039208,1477
4039219,1469
4039229,1468
4039240,1461
4039250,1458
4039261,1461
4039271,1456
4039282,1455
4039292,1455
4039303,1447
4039313,1450
4039324,1447
4039334,1446
4039345,1444
4039355,1456
4039366,1456
4039377,1460
4039387,1467
4039398,1473
4039408,1481
4039419,1501
4039429,1504
4039440,1511
4039450,1535
4039461,1535
4039471,1557
4039482,1584
4039492,1569
4039503,1570
4039513,1582
4039524,1584
4039535,1599
4039545,1600
4039556,1615
4039566,1616
4039577,1623
4039587,1633
4039598,1622
4039608,1634
4039619,1642
4039629,1646
4039640,1653
4039650,1661
4039661,1661
4039671,1671
4039682,1667
4039692,1671
4039703,1683
4039714,1687
4039724,1691
4039735,1710
4039745,1706
4039756,1712
4039766,1713
4039777,1734
4039787,1727
4039798,1739
4039808,1742
4039819,1743
4039829,1744
4039840,1749
4039850,1755
4039861,1754
4039871,1743
4039882,1762
4039893,1758
4039903,1771
4039914,1766
4039924,1761
4039935,1756
4039945,1755
4039956,1754
4039966,1770
4039977,1760
4039987,1763
4039998,1761
4040008,1761
4040019,1757
4040029,1755
4040040,1751
4040051,1749
4040061,1750
4040072,1751
4040082,1746
4040093,1744
4040103,1744
4040114,1745
4040124,1747
4040135,1742
4040145,1745
4040156,1744
4040166,1744
4040177,1739
4040187,1738
4040198,1742
4040208,1737
4040219,1733
4040230,1730
4040240,1729
4040251,1735
4040261,1725
4040272,1723
4040282,1726
4040293,1717
4040303,1715
4040314,1715
4040324,1714
4040335,1713
4040345,1713
4040356,1709
4040366,1711
4040377,1712
4040387,1714
4040398,1711
4040409,1707
4040419,1717
4040430,1711
4040440,1712
4040451,1712
4040461,1710
4040472,1713
4040482,1713
4040493,1713
4040503,1722
4040514,1722
4040524,1726
4040535,1718
4040545,1725
4040556,1725
4040567,1723
4040577,1722
4040588,1726
4040598,1727
4040609,1726
4040619,1727
4040630,1742
4040640,1729
4040651,1738
4040661,1725
4040672,1729
4040682,1731
4040693,1738
4040703,1734
4040714,1729
4040724,1733
4040735,1734
4040746,1741
4040756,1735
4040767,1734
4040777,1737
4040788,1743
4040798,1737
4040809,1737
4040819,1741
4040830,1735
4040840,1739
4040851,1743
4040861,1731
4040872,1738
4040882,1731
4040893,1731
4040904,1726
4040914,1725
4040925,1726
4040935,1722
4040946,1725
4040956,1712
4040967,1713
4040977,1714
4040988,1712
4040998,1711
4041009,1707
4041019,1705
4041030,1698
4041040,1698
4041051,1691
4041061,1687
4041072,1684
4041083,1686
4041093,1679
4041104,1675
4041114,1668
4041125,1662
4041135,1657
4041146,1651
4041156,1639
4041167,1636
4041177,1623
4041188,1619
4041198,1616
4041209,1610
4041219,1605
4041230,1600
4041240,1597
4041251,1585
4041262,1584
4041272,1579
4041283,1571
4041293,1567
4041304,1557
4041314,1535
4041325,1535
4041335,1535
4041346,1520
4041356,1517
4041367,1514
4041377,1506
4041388,1502
4041398,1494
4041409,1499
4041420,1495
4041430,1494
4041441,1489
4041451,1483
4041462,1483
4041472,1475
4041483,1487
4041493,1481
4041504,1481
4041514,1485
4041525,1490
4041535,1487
4041546,1488
4041556,1498
4041567,1497
4041577,1499
4041588,1507
4041599,1520
4041609,1534
4041620,1534
4041630,1554
4041641,1553
4041651,1563
4041662,1570
4041672,1581
4041683,1584
4041693,1587
4041704,1594
4041714,1600
4041725,1573
4041735,1610
4041746,1616
4041756,1617
4041767,1629
4041778,1637
4041788,1653
4041799,1663
4041809,1679
4041820,1691
4041830,1707
4041841,1726
4041851,1755
4041862,1776
4041872,1805
4041883,1823
4041893,1839
4041904,1867
4041914,1886
4041925,1902
4041936,1917
4041946,1939
4041957,1959
4041967,1982
4041978,1989
4041988,1997
4041999,2027
4042009,2053
4042020,2070
4042030,2094
4042041,2111
4042051,2122
4042062,2130
4042072,2166
4042083,2194
4042093,2223
4042104,2251
4042115,2301
4042125,2341
4042136,2390
4042146,2439
4042157,2478
4042167,2542
4042178,2613
4042188,2666
4042199,2711
4042209,2754
4042220,2798
4042230,2823
4042241,2874
4042251,2915
4042262,2943
4042272,2977
4042283,3038
4042294,3036
4042304,3021
4042315,3015
4042325,3056
4042336,3089
4042346,3103
4042357,3103
4042367,3122
4042378,3158
4042388,3199
4042399,3264
4042409,3370
4042420,3482
4042430,3609
4042441,3813
4042452,4014
4042462,3974
4042473,3941
4042483,3902
4042494,3851
4042504,3825
4042515,3760
4042525,3695
4042536,3647
4042546,3635
4042557,3597
4042567,3568
4042578,3551
4042588,3568
4042599,3554
4042609,3567
4042620,3557
4042631,3546
4042641,3551
4042652,3566
4042662,3575
4042673,3583
4042683,3622
4042694,3632
4042704,3648
4042715,3639
4042725,3641
4042736,3610
4042746,3637
4042757,3634
4042767,3610
4042778,3611
4042788,3615
4042799,3583
4042810,3601
4042820,3599
4042831,3573
4042841,3577
4042852,3562
4042862,3568
4042873,3577
4042883,3597
4042894,3558
4042904,3551
4042915,3568
4042925,3565
4042936,3562
4042946,3538
4042957,3536
4042967,3505
4042978,3499
4042989,3489
4042999,3494
4043010,3498
4043020,3473
4043031,3495
4043041,3499
4043052,3501
4043062,3481
4043073,3474
4043083,3451
4043094,3453
4043104,3445
4043115,3439
4043125,3442
4043136,3440
4043147,3441
4043157,3439
4043168,3440
4043178,3429
4043189,3433
4043199,3421
4043210,3426
4043220,3424
4043231,3417
4043241,3411
4043252,3413
4043262,3414
4043273,3394
4043283,3379
4043294,3379
4043304,3375
4043315,3376
4043326,3367
4043336,3366
4043347,3370
4043357,3366
4043368,3361
4043378,3370
4043389,3375
4043399,3375
4043410,3388
4043420,3398
4043431,3389
4043441,3408
4043452,3408
4043462,3418
4043473,3435
4043483,3425
4043494,3424
4043505,3419
4043515,3422
4043526,3417
4043536,3411
4043547,3417
4043557,3407
4043568,3408
4043578,3402
4043589,3399
4043599,3392
4043610,3394
4043620,3390
4043631,3383
4043641,3383
4043652,3383
4043663,3382
4043673,3376
4043684,3378
4043694,3376
4043705,3375
4043715,3376
4043726,3377
4043736,3375
4043747,3373
4043757,3371
4043768,3366
4043778,3362
4043789,3370
4043799,3367
4043810,3366
4043820,3366
4043831,3373
4043842,3374
4043852,3371
4043863,3372
4043873,3364
4043884,3363
4043895,3366
4043906,3373
4043916,3380
4043927,3391
4043937,3408
4043948,3421
4043958,3425
4043969,3441
4043979,3447
4043990,3446
4044000,3455
4044011,3444
4044021,3451
4044032,3451
4044043,3455
4044053,3440
4044064,3440
4044074,3426
4044085,3431
4044095,3423
4044106,3415
4044116,3422
4044127,3424
4044137,3424
4044148,3418
4044158,3410
4044169,3412
4044179,3413
4044190,3425
4044201,3422
4044211,3427
4044222,3447
4044232,3427
4044243,3442
4044253,3443
4044264,3459
4044274,3457
4044285,3452
4044295,3453
4044306,3457
4044316,3456
4044327,3460
4044337,3457
4044348,3457
4044358,3453
4044369,3443
4044380,3445
4044390,3440
4044401,3451
4044411,3449
4044422,3430
4044432,3433
4044443,3425
4044453,3431
4044464,3434
4044474,3429
4044485,3421
4044495,3423
4044506,3419
4044516,3425
4044527,3423
4044537,3408
4044548,3428
4044559,3409
4044569,3421
4044580,3425
4044590,3421
4044601,3424
4044611,3417
4044622,3417
4044632,3417
4044643,3414
4044653,3410
4044664,3405
4044674,3408
4044685,3406
4044695,3403
4044706,3399
4044717,3401
4044727,3392
4044738,3386
4044748,3387
4044759,3393
4044769,3392
4044780,3393
4044790,3390
4044801,3383
4044811,3392
4044822,3387
4044832,3387
4044843,3386
4044853,3376
4044864,3390
4044874,3383
4044885,3389
4044896,3385
4044906,3380
4044917,3371
4044927,3376
4044938,3376
4044948,3381
4044959,3382
4044969,3383
4044980,3400
4044990,3406
4045001,3415
4045011,3491
4045022,3511
4045032,3536
4045043,3554
4045053,3567
4045064,3583
4045075,3633
4045085,3658
4045096,3696
4045106,3762
4045117,3810
4045127,3844
4045138,3899
4045148,3920
4045159,3910
4045169,3939
4045180,4011
4045190,3983
4045201,3984
4045211,4016
4045222,3989
4045233,4015
4045243,4014
4045254,4022
4045264,4016
4045275,4007
4045285,4058
4045296,4035
4045306,4044
4045317,4058
4045327,4055
4045338,4083
4045348,4082
4045359,4095
4045369,4095
4045380,4095
4045390,4095
4045401,4095
4045412,4095
4045422,4095
4045433,4095
4045443,4095
4045454,4095
4045464,4095
4045475,4095
4045485,4095
4045496,4095
4045506,4095
4045517,4095
4045527,4095
4045538,4095
4045548,4095
4045559,4095
4045569,4095
4045580,4095
4045591,4095
4045601,4095
4045612,4095
4045622,4095
4045633,4095
4045643,4095
4045654,4095
4045664,4095
4045675,4095
4045685,4095
4045696,4095
4045706,4095
4045717,4095
4045727,4095
4045738,4095
4045748,4095
4045759,4095
4045770,4095
4045780,4095
4045791,4095
4045801,4095
4045812,4095
4045822,4095
4045833,4095
4045843,4095
4045854,4095
4045864,4095
4045875,4095
4045885,4095
4045896,3919
4045906,3827
4045917,3643
4045928,3493
4045938,3398
4045949,3351
4045959,3314
4045970,3258
4045980,3199
4045991,3151
4046001,3087
4046012,3023
4046022,2951
4046033,2891
4046043,2837
4046054,2777
4046064,2724
4046075,2676
4046085,2626
4046096,2557
4046107,2498
4046117,2435
4046128,2384
4046138,2334
4046149,2279
4046159,2229
4046170,2177
4046180,2122
4046191,2059
4046201,2016
4046212,1967
4046222,1904
4046233,1872
4046243,1840
4046254,1807
4046265,1782
4046275,1747
4046286,1722
4046296,1701
4046307,1678
4046317,1654
4046328,1641
4046338,1618
4046349,1603
4046359,1595
4046370,1595
4046380,1584
4046391,1577
4046401,1576
4046412,1567
4046422,1567
4046433,1573
4046444,1553
4046454,1555
4046465,1535
4046475,1552
4046486,1535
4046496,1535
4046507,1535
4046517,1525
4046528,1520
4046538,1518
4046549,1519
4046559,1511
4046570,1509
4046580,1505
4046591,1499
4046601,1497
4046612,1495
4046623,1492
4046633,1491
4046644,1488
4046654,1489
4046665,1490
4046675,1487
4046686,1488
4046696,1482
4046707,1490
4046717,1495
4046728,1502
4046738,1505
4046749,1509
4046759,1510
4046770,1511
4046780,1517
4046791,1520
4046802,1520
4046812,1520
4046823,1520
4046833,1523
4046844,1520
4046854,1530
4046865,1531
4046875,1531
4046886,1530
4046896,1529
4046907,1535
4046917,1535
4046928,1534
4046938,1535
4046949,1535
4046960,1535
4046970,1535
4046981,1535
4046991,1535
4047002,1535
4047012,1535
4047023,1559
4047033,1559
4047044,1555
4047054,1557
4047065,1558
4047075,1561
4047086,1569
4047096,1575
4047107,1570
4047117,1573
4047128,1574
4047139,1578
4047149,1572
4047160,1582
4047170,1579
4047181,1587
4047191,1584
4047202,1584
4047212,1595
4047223,1591
4047233,1599
4047244,1602
4047254,1606
4047265,1612
4047275,1617
4047286,1614
4047297,1619
4047307,1617
4047318,1616
4047328,1622
4047339,1621
4047349,1625
4047360,1623
4047370,1629
4047381,1629
4047391,1633
4047402,1629
4047412,1637
4047423,1634
4047433,1637
4047444,1635
4047454,1635
4047465,1635
4047476,1635
4047486,1631
4047497,1641
4047507,1640
4047518,1643
4047528,1643
4047539,1641
4047549,1639
4047560,1642
4047570,1636
4047581,1650
4047591,1638
4047602,1645
4047612,1641
4047623,1639
4047633,1642
4047644,1637
4047655,1640
4047665,1642
4047676,1643
4047686,1645
4047697,1636
4047707,1647
4047718,1641
4047728,1639
4047739,1639
4047749,1646
4047760,1639
4047770,1639
4047781,1644
4047791,1641
4047802,1642
4047812,1631
4047823,1633
4047834,1642
4047844,1630
4047855,1633
4047865,1631
4047876,1632
4047886,1616
4047897,1619
4047907,1618
4047918,1617
4047928,1618
4047939,1616
4047949,1618
4047960,1619
4047970,1625
4047981,1629
4047992,1621
4048002,1630
4048013,1622
4048023,1617
4048034,1623
4048044,1622
4048055,1618
4048065,1618
4048076,1616
4048086,1621
4048097,1616
4048107,1623
4048118,1616
4048128,1621
4048139,1626
4048149,1629
4048160,1627
4048171,1628
4048181,1634
4048192,1638
4048202,1641
4048213,1647
4048223,1648
4048234,1658
4048244,1652
4048255,1665
4048265,1665
4048276,1671
4048286,1683
4048297,1682
4048307,1691
4048318,1691
4048329,1702
4048339,1712
4048350,1714
4048360,1718
4048371,1723
4048381,1727
4048392,1733
4048402,1740
4048413,1753
4048423,1761
4048434,1770
4048444,1787
4048455,1791
4048465,1806
4048476,1813
4048486,1827
4048497,1843
4048508,1863
4048518,1882
4048529,1914
4048539,1923
4048550,1951
4048560,1975
4048571,1997
4048581,2027
4048592,2045
4048602,2078
4048613,2090
4048623,2111
4048634,2128
4048644,2146
4048655,2162
4048665,2177
4048676,2189
4048687,2201
4048697,2224
4048708,2258
4048718,2299
4048729,2363
4048739,2420
4048750,2477
4048760,2544
4048771,2589
4048781,2605
4048792,2624
4048802,2622
4048813,2609
4048823,2582
4048834,2557
4048845,2539
4048855,2513
4048866,2496
4048876,2470
4048887,2446
4048897,2433
4048908,2416
4048918,2416
4048929,2453
4048939,2466
4048950,2487
4048960,2482
4048971,2493
4048981,2491
4048992,2495
4049002,2496
4049013,2512
4049024,2523
4049034,2551
4049045,2559
4049055,2611
4049066,2612
4049076,2640
4049087,2665
4049097,2687
4049108,2704
4049118,2729
4049129,2771
4049139,2799
4049150,2818
4049160,2830
4049171,2842
4049181,2868
4049192,2891
4049203,2915
4049213,2944
4049224,2991
4049234,3061
4049245,3103
4049255,3120
4049266,3130
4049276,3159
4049287,3160
4049297,3203
4049308,3198
4049318,3199
4049329,3189
4049339,3175
4049350,3183
4049361,3190
4049371,3169
4049382,3152
4049392,3124
4049403,3105
4049413,3093
4049424,3071
4049434,3056
4049445,3053
4049455,3051
4049466,3036
4049476,3031
4049487,3024
4049497,3023
4049508,3004
4049518,2994
4049529,2988
4049540,2989
4049550,2977
4049561,2967
4049571,2960
4049582,2959
4049592,2965
4049603,2947
4049613,2964
4049624,2947
4049634,2957
4049645,2949
4049655,2960
4049666,2954
4049676,2951
4049687,2946
4049697,2955
4049708,2955
4049719,2955
4049729,2957
4049740,2959
4049751,2960
4049762,2958
4049772,2953
4049783,2950
4049793,2943
4049804,2942
4049814,2944
4049825,2949
4049835,2937
4049846,2931
4049856,2924
4049867,2913
4049877,2907
4049888,2912
4049899,2896
4049909,2877
4049920,2879
4049930,2874
4049941,2871
4049951,2861
4049962,2864
4049972,2858
4049983,2851
4049993,2849
4050004,2849
4050014,2853
4050025,2857
4050035,2862
4050046,2865
4050056,2879
4050067,2908
4050078,2931
4050088,2944
4050099,2992
4050109,3047
4050120,3071
4050130,3130
4050141,3171
4050151,3201
4050162,3217
4050172,3232
4050183,3248
4050193,3248
4050204,3280
4050214,3284
4050225,3279
4050235,3283
4050246,3299
4050257,3312
4050267,3325
4050278,3341
4050288,3323
4050299,3327
4050309,3328
4050320,3343
4050330,3346
4050341,3347
4050351,3341
4050362,3335
4050372,3344
4050383,3335
4050393,3330
4050404,3335
4050415,3332
4050425,3335
4050436,3355
4050446,3363
4050457,3381
4050467,3387
4050478,3390
4050488,3398
4050499,3383
4050509,3408
4050520,3385
4050530,3390
4050541,3389
4050551,3373
4050562,3385
4050572,3376
4050583,3360
4050594,3373
4050604,3367
4050615,3366
4050625,3359
4050636,3353
4050646,3344
4050657,3356
4050667,3346
4050678,3351
4050688,3339
4050699,3360
4050709,3359
4050720,3344
4050730,3358
4050741,3344
4050751,3331
4050762,3351
4050773,3327
4050783,3317
4050794,3323
4050804,3327
4050815,3322
4050825,3321
4050836,3313
4050846,3318
4050857,3319
4050867,3316
4050878,3314
4050888,3324
4050899,3317
4050909,3311
4050920,3291
4050930,3291
4050941,3291
4050952,3290
4050962,3289
4050973,3291
4050983,3295
4050994,3283
4051004,3293
4051015,3289
4051025,3295
4051036,3285
4051046,3280
4051057,3275
4051067,3276
4051078,3267
4051088,3277
4051099,3271
4051110,3271
4051120,3279
4051131,3266
4051141,3265
4051152,3271
4051162,3270
4051173,3263
4051183,3264
4051194,3263
4051204,3266
4051215,3267
4051225,3259
4051236,3262
4051246,3259
4051257,3257
4051267,3259
4051278,3250
4051289,3247
4051299,3238
4051310,3251
4051320,3247
4051331,3241
4051341,3242
4051352,3238
4051362,3237
4051373,3235
4051383,3247
4051394,3246
4051404,3238
4051415,3233
4051425,3245
4051436,3237
4051447,3239
4051457,3238
4051468,3232
4051478,3234
4051489,3232
4051499,3231
4051510,3229
4051520,3225
4051531,3243
4051541,3221
4051552,3221
4051562,3222
4051573,3226
4051583,3217
4051594,3210
4051604,3216
4051615,3213
4051626,3213
4051636,3207
4051647,3216
4051657,3206
4051668,3202
4051678,3205
4051689,3197
4051699,3184
4051710,3181
4051720,3183
4051731,3184
4051741,3178
4051752,3175
4051762,3178
4051773,3166
4051783,3159
4051794,3169
4051805,3152
4051815,3165
4051826,3154
4051836,3153
4051847,3158
4051857,3154
4051868,3150
4051878,3142
4051889,3143
4051899,3136
4051910,3137
4051920,3125
4051931,3135
4051941,3125
4051952,3123
4051963,3130
4051973,3136
4051984,3131
4051994,3139
4052005,3143
4052015,3152
4052026,3163
4052036,3184
4052047,3189
4052057,3211
4052068,3222
4052078,3229
4052089,3234
4052099,3262
4052110,3291
4052120,3315
4052131,3350
4052142,3381
4052152,3403
4052163,3423
4052173,3429
4052184,3424
4052194,3438
4052205,3440
4052215,3454
4052226,3444
4052236,3443
4052247,3446
4052257,3425
4052268,3430
4052278,3399
4052289,3412
4052299,3367
4052310,3344
4052321,3318
4052331,3297
4052342,3293
4052352,3280
4052363,3280
4052373,3274
4052384,3290
4052394,3315
4052405,3357
4052415,3464
4052426,3547
4052436,3792
4052447,3947
4052457,4095
4052468,4095
4052479,4095
4052489,4095
4052500,4095
4052510,4095
4052521,4095
4052531,4095
4052542,4095
4052552,4095
4052563,4095
4052573,4095
4052584,4095
4052594,4095
4052605,4019
4052615,3954
4052626,3848
4052636,3685
4052647,3548
4052658,3447
4052668,3365
4052679,3292
4052689,3261
4052700,3202
4052710,3165
4052721,3110
4052731,3078
4052742,2967
4052752,2918
4052763,2864
4052773,2801
4052784,2739
4052794,2706
4052805,2669
4052815,2621
4052826,2546
4052837,2476
4052847,2431
4052858,2391
4052868,2369
4052879,2338
4052889,2310
4052900,2279
4052910,2256
4052921,2221
4052931,2186
4052942,2160
4052952,2131
4052963,2090
4052973,2061
4052984,2023
4052995,1988
4053005,1968
4053016,1936
4053026,1901
4053037,1878
4053047,1846
4053058,1814
4053068,1787
4053079,1767
4053089,1743
4053100,1717
4053110,1697
4053121,1675
4053131,1657
4053142,1645
4053152,1629
4053163,1611
4053174,1602
4053184,1600
4053195,1593
4053205,1583
4053216,1568
4053226,1535
4053237,1535
4053247,1530
4053258,1515
4053268,1500
4053279,1488
4053289,1479
4053300,1467
4053310,1467
4053321,1451
4053331,1440
4053342,1436
4053353,1429
4053363,1424
4053374,1421
4053384,1415
4053395,1413
4053405,1410
4053416,1413
4053426,1405
4053437,1406
4053447,1409
4053458,1401
4053468,1399
4053479,1408
4053489,1408
4053500,1409
4053511,1408
4053521,1408
4053532,1408
4053542,1411
4053553,1415
4053563,1420
4053574,1419
4053584,1424
4053595,1425
4053605,1435
4053616,1438
4053626,1446
4053637,1453
4053647,1456
4053658,1463
4053668,1463
4053679,1467
4053690,1473
4053700,1479
4053711,1478
4053721,1483
4053732,1491
4053742,1499
4053753,1507
4053763,1514
4053774,1520
4053784,1520
4053795,1521
4053805,1534
4053816,1535
4053826,1535
4053837,1535
4053847,1554
4053858,1557
4053869,1565
4053879,1568
4053890,1575
4053900,1578
4053911,1587
4053921,1591
4053932,1598
4053942,1598
4053953,1601
4053963,1606
4053974,1610
4053984,1601
4053995,1615
4054005,1616
4054016,1615
4054027,1617
4054037,1616
4054048,1619
4054058,1619
4054069,1623
4054079,1616
4054090,1619
4054100,1616
4054111,1616
4054121,1613
4054132,1619
4054142,1613
4054153,1616
4054163,1611
4054174,1615
4054184,1613
4054195,1614
4054206,1615
4054216,1607
4054227,1613
4054237,1616
4054248,1616
4054258,1616
4054269,1615
4054279,1616
4054290,1616
4054300,1627
4054311,1615
4054321,1616
4054332,1617
4054342,1615
4054353,1616
4054363,1616
4054374,1616
4054385,1617
4054395,1621
4054406,1616
4054416,1616
4054427,1616
4054437,1610
4054448,1621
4054458,1618
4054469,1623
4054479,1623
4054490,1625
4054500,1628
4054511,1631
4054521,1628
4054532,1634
4054543,1631
4054553,1633
4054564,1639
4054574,1638
4054585,1648
4054595,1648
4054606,1653
4054616,1654
4054627,1663
4054637,1659
4054648,1661
4054658,1657
4054669,1652
4054679,1648
4054690,1646
4054700,1644
4054711,1624
4054722,1619
4054732,1616
4054743,1600
4054753,1595
4054764,1599
4054774,1593
4054785,1589
4054795,1594
4054806,1581
4054816,1572
4054827,1571
4054837,1567
4054848,1560
4054858,1552
4054869,1535
4054879,1535
4054890,1535
4054901,1529
4054911,1523
4054922,1519
4054932,1514
4054943,1509
4054953,1504
4054964,1501
4054974,1499
4054985,1495
4054995,1495
4055006,1495
4055016,1507
4055027,1509
4055037,1514
4055048,1519
4055059,1518
4055069,1527
4055080,1530
4055090,1535
4055101,1535
4055111,1564
4055122,1566
4055132,1581
4055143,1587
4055153,1598
4055164,1616
4055174,1627
4055185,1646
4055195,1669
4055206,1686
4055216,1716
4055227,1751
4055238,1776
4055248,1795
4055259,1835
4055269,1862
4055280,1885
4055290,1911
4055301,1950
4055311,1984
4055322,2033
4055332,2087
4055343,2121
4055353,2160
4055364,2173
4055374,2203
4055385,2236
4055395,2266
4055406,2282
4055417,2297
4055427,2320
4055438,2339
4055448,2361
4055459,2394
4055469,2435
4055480,2453
4055490,2464
4055501,2454
4055511,2448
4055522,2422
4055532,2400
4055543,2381
4055553,2359
4055564,2338
4055575,2306
4055585,2273
4055596,2260
4055607,2243
4055618,2223
4055628,2205
4055639,2185
4055649,2178
4055660,2159
4055670,2154
4055681,2147
4055691,2143
4055702,2150
4055712,2157
4055723,2161
4055733,2189
4055744,2213
4055754,2228
4055765,2261
4055776,2286
4055786,2317
4055797,2343
4055807,2351
4055818,2358
4055828,2354
4055839,2363
4055849,2367
4055860,2365
4055870,2367
4055881,2358
4055891,2358
4055902,2347
4055912,2347
4055923,2350
4055933,2364
4055944,2374
4055955,2389
4055965,2406
4055976,2427
4055986,2465
4055997,2522
4056007,2559
4056018,2608
4056028,2644
4056039,2713
4056049,2737
4056060,2769
4056070,2800
4056081,2842
4056091,2864
4056102,2864
4056113,2887
4056123,2903
4056134,2931
4056144,2945
4056155,2949
4056165,2969
4056176,2992
4056186,3002
4056197,3009
4056207,3029
4056218,3067
4056228,3095
4056239,3095
4056249,3102
4056260,3095
4056270,3120
4056281,3111
4056292,3110
4056302,3120
4056313,3115
4056323,3127
4056334,3119
4056344,3099
4056355,3107
4056365,3131
4056376,3123
4056386,3106
4056397,3105
4056407,3117
4056418,3100
4056428,3090
4056439,3091
4056449,3097
4056460,3092
4056471,3118
4056481,3109
4056492,3103
4056502,3099
4056513,3095
4056523,3093
4056534,3089
4056544,3085
4056555,3069
4056565,3063
4056576,3069
4056586,3070
4056597,3070
4056607,3070
4056618,3067
4056628,3066
4056639,3070
4056650,3056
4056660,3066
4056671,3070
4056681,3056
4056692,3062
4056702,3051
4056713,3062
4056723,3055
4056734,3057
4056744,3056
4056755,3056
4056765,3056
4056776,3056
4056786,3056
4056797,3061
4056808,3060
4056818,3053
4056829,3062
4056839,3035
4056850,3085
4056860,3082
4056871,3081
4056881,3068
4056892,3071
4056902,3067
4056913,3085
4056923,3071
4056934,3085
4056944,3071
4056955,3071
4056965,3070
4056976,3058
4056987,3057
4056997,3053
4057008,3056
4057018,3050
4057029,3047
4057039,3045
4057050,3035
4057060,3030
4057071,3025
4057081,3031
4057092,3029
4057102,3029
4057113,3031
4057123,3023
4057134,3030
4057145,3018
4057155,3012
4057166,3001
4057176,2995
4057187,2996
4057197,2987
4057208,2991
4057218,2979
4057229,2982
4057239,2983
4057250,2982
4057260,2983
4057271,2989
4057281,2982
4057292,2977
4057302,2977
4057313,2973
4057324,2974
4057334,2970
4057345,2973
4057355,2969
4057366,2969
4057376,2975
4057387,2965
4057397,2967
4057408,2974
4057418,2970
4057429,2973
4057439,2973
4057450,2974
4057460,2979
4057471,2979
4057481,2971
4057492,2978
4057503,2976
4057513,2978
4057524,2987
4057534,2991
4057545,2991
4057555,2985
4057566,2990
4057576,2991
4057587,2995
4057597,2995
4057608,3003
4057618,3002
4057629,3005
4057639,2992
4057650,3005
4057660,3003
4057671,3005
4057682,2993
4057692,2994
4057703,3001
4057713,2992
4057724,2992
4057734,2993
4057745,2992
4057755,2995
4057766,2994
4057776,2993
4057787,2997
4057797,2998
4057808,2991
4057818,2986
4057829,2980
4057840,2981
4057850,2982
4057861,2978
4057871,2979
4057882,2979
4057892,2991
4057903,2991
4057913,2992
4057924,2989
4057934,2989
4057945,2992
4057955,2990
4057966,2986
4057976,2992
4057987,2991
4057997,2989
4058008,2994
4058019,2993
4058029,2999
4058040,2992
4058050,2997
4058061,2997
4058071,2997
4058082,2995
4058092,3001
4058103,3008
4058113,3008
4058124,3007
4058134,3014
4058145,3019
4058155,3025
4058166,3026
4058176,3027
4058187,3037
4058198,3050
4058208,3070
4058219,3094
4058229,3120
4058240,3136
4058250,3164
4058261,3185
4058271,3203
4058282,3243
4058292,3250
4058303,3312
4058313,3319
4058324,3350
4058334,3366
4058345,3376
4058356,3375
4058366,3393
4058377,3409
4058387,3441
4058398,3467
4058408,3456
4058419,3475
4058429,3486
4058440,3498
4058450,3478
4058461,3499
4058471,3505
4058482,3485
4058492,3501
4058503,3504
4058513,3526
4058524,3514
4058535,3501
4058545,3504
4058556,3521
4058566,3504
4058577,3520
4058587,3513
4058598,3507
4058608,3505
4058619,3506
4058629,3501
4058640,3498
4058650,3499
4058661,3489
4058671,3500
4058682,3493
4058693,3494
4058703,3493
4058714,3509
4058724,3531
4058735,3554
4058745,3617
4058756,3683
4058766,3847
4058777,4032
4058787,4069
4058798,4095
4058808,4095
4058819,4095
4058829,4095
4058840,4095
4058850,4095
4058861,4095
4058872,4095
4058882,4095
4058893,4095
4058903,4095
4058914,4095
4058924,4095
4058935,4095
4058945,4095
4058956,4059
4058966,3903
4058977,3793
4058987,3583
4058998,3344
4059008,3246
4059019,3183
4059029,3119
4059040,3046
4059051,2998
4059061,2982
4059072,2950
4059082,2928
4059093,2864
4059103,2844
4059114,2820
4059124,2751
4059135,2723
4059145,2691
4059156,2645
4059166,2621
4059177,2559
4059187,2512
4059198,2490
4059209,2450
4059219,2432
4059230,2403
4059240,2381
4059251,2350
4059261,2330
4059272,2308
4059282,2288
4059293,2260
4059303,2251
4059314,2247
4059324,2233
4059335,2232
4059345,2223
4059356,2206
4059366,2190
4059377,2183
4059388,2177
4059398,2172
4059409,2165
4059419,2156
4059430,2155
4059440,2139
4059451,2112
4059461,2093
4059472,2059
4059482,2033
4059493,2014
4059503,1983
4059514,1945
4059524,1920
4059535,1905
4059545,1872
4059556,1851
4059567,1834
4059577,1819
4059588,1806
4059598,1802
4059609,1783
4059619,1776
4059630,1761
4059640,1740
4059651,1730
4059661,1718
4059672,1698
4059682,1690
4059693,1680
4059703,1666
4059714,1658
4059725,1646
4059735,1635
4059746,1621
4059756,1615
4059767,1605
4059777,1594
4059788,1585
4059798,1588
4059809,1579
4059819,1584
4059830,1578
4059840,1574
4059851,1568
4059861,1570
4059872,1569
4059882,1572
4059893,1569
4059904,1575
4059914,1583
4059925,1583
4059935,1583
4059946,1585
4059956,1586
4059967,1587
4059977,1586
4059988,1597
4059998,1594
4060009,1600
4060019,1605
4060030,1607
4060040,1607
4060051,1619
4060061,1619
4060072,1626
4060083,1643
4060093,1643
4060104,1648
4060114,1648
4060125,1642
4060135,1645
4060146,1635
4060156,1633
4060167,1641
4060177,1639
4060188,1631
4060198,1630
4060209,1641
4060219,1648
4060230,1653
4060241,1653
4060251,1655
4060262,1658
4060272,1664
4060283,1669
4060293,1664
4060304,1666
4060314,1679
4060325,1667
4060335,1668
4060346,1676
4060356,1671
4060367,1678
4060377,1675
4060388,1673
4060398,1678
4060409,1679
4060420,1664
4060430,1679
4060441,1680
4060451,1680
4060462,1680
4060472,1681
4060483,1680
4060493,1681
4060504,1692
4060514,1681
4060525,1680
4060535,1680
4060546,1688
4060556,1686
4060567,1683
4060577,1683
4060588,1687
4060599,1694
4060609,1689
4060620,1689
4060630,1687
4060641,1686
4060651,1692
4060662,1686
4060672,1694
4060683,1689
4060693,1685
4060704,1688
4060714,1685
4060725,1687
4060735,1685
4060746,1683
4060757,1685
4060767,1692
4060778,1683
4060788,1686
4060799,1683
4060809,1683
4060820,1684
4060830,1686
4060841,1685
4060851,1683
4060862,1685
4060872,1682
4060883,1686
4060893,1684
4060904,1683
4060914,1684
4060925,1687
4060936,1687
4060946,1687
4060957,1683
4060967,1687
4060978,1686
4060988,1680
4060999,1689
4061009,1691
4061020,1680
4061030,1681
4061041,1680
4061051,1681
4061062,1679
4061072,1680
4061083,1680
4061093,1680
4061104,1677
4061115,1696
4061125,1675
4061136,1680
4061146,1680
4061157,1680
4061167,1679
4061178,1678
4061188,1677
4061199,1677
4061209,1671
4061220,1677
4061230,1681
4061241,1679
4061251,1678
4061262,1679
4061273,1675
4061283,1680
4061294,1680
4061304,1675
4061315,1670
4061325,1678
4061336,1680
4061346,1670
4061357,1680
4061367,1667
4061378,1678
4061388,1675
4061399,1670
4061409,1671
4061420,1674
4061430,1678
4061441,1664
4061452,1661
4061463,1664
4061474,1659
4061484,1664
4061495,1653
4061505,1650
4061516,1638
4061526,1633
4061537,1630
4061547,1616
4061558,1609
4061568,1610
4061579,1600
4061589,1597
4061600,1597
4061610,1584
4061621,1584
4061631,1583
4061642,1575
4061653,1571
4061663,1569
4061674,1565
4061684,1559
4061695,1562
4061705,1561
4061716,1568
4061726,1561
4061737,1557
4061747,1535
4061758,1561
4061768,1563
4061779,1570
4061789,1565
4061800,1572
4061811,1578
4061821,1577
4061832,1581
4061842,1584
4061853,1583
4061863,1585
4061874,1585
4061884,1583
4061895,1584
4061905,1583
4061916,1584
4061926,1585
4061937,1583
4061947,1584
4061958,1581
4061968,1581
4061979,1590
4061990,1591
4062000,1606
4062011,1613
4062021,1616
4062032,1628
4062042,1642
4062053,1653
4062063,1667
4062074,1677
4062084,1690
4062095,1703
4062105,1721
4062116,1740
4062126,1760
4062137,1774
4062148,1781
4062158,1808
4062169,1823
4062179,1835
4062190,1855
4062200,1872
4062211,1895
4062221,1925
4062232,1952
4062242,1997
4062253,2032
4062263,2064
4062274,2095
4062284,2109
4062295,2133
4062305,2144
4062316,2157
4062327,2163
4062337,2176
4062348,2175
4062358,2173
4062369,2171
4062379,2171
4062390,2175
4062400,2177
4062411,2181
4062421,2187
4062432,2192
4062442,2197
4062453,2215
4062463,2224
4062474,2233
4062484,2237
4062495,2239
4062506,2243
4062516,2242
4062527,2246
4062537,2251
4062548,2262
4062558,2288
4062569,2321
4062579,2340
4062590,2375
4062600,2394
4062611,2398
4062621,2398
4062632,2382
4062642,2379
4062653,2351
4062663,2331
4062674,2324
4062685,2318
4062695,2320
4062706,2321
4062716,2325
4062727,2338
4062737,2352
4062748,2371
4062758,2405
4062769,2446
4062779,2495
4062790,2527
4062800,2545
4062811,2559
4062821,2589
4062832,2583
4062843,2585
4062853,2559
4062864,2550
4062874,2544
4062885,2528
4062895,2543
4062906,2551
4062916,2604
4062927,2609
4062937,2647
4062948,2653
4062958,2673
4062969,2690
4062979,2716
4062990,2743
4063000,2764
4063011,2791
4063022,2842
4063032,2867
4063043,2895
4063053,2913
4063064,2955
4063074,2953
4063085,2960
4063095,2979
4063106,2978
4063116,3011
4063127,3022
4063137,3037
4063148,3034
4063158,3045
4063169,3024
4063179,3022
4063190,2995
4063201,2995
4063211,2978
4063222,2963
4063232,2945
4063243,2928
4063253,2922
4063264,2919
4063274,2917
4063285,2902
4063295,2908
4063306,2903
4063316,2903
4063327,2900
4063337,2908
4063348,2900
4063359,2903
4063369,2917
4063380,2910
4063390,2915
4063401,2923
4063411,2928
4063422,2948
4063432,2951
4063443,2955
4063453,2959
4063464,2981
4063474,2993
4063485,2997
4063495,2999
4063506,2991
4063516,3009
4063527,2995
4063538,3013
4063548,3007
4063559,3019
4063569,3023
4063580,3038
4063590,3050
4063601,3045
4063611,3038
4063622,3041
4063632,3056
4063643,3071
4063653,3087
4063664,3095
4063674,3088
4063685,3094
4063695,3095
4063706,3107
4063717,3107
4063727,3111
4063738,3119
4063748,3139
4063759,3143
4063769,3155
4063780,3169
4063790,3184
4063801,3183
4063811,3186
4063822,3194
4063832,3200
4063843,3203
4063853,3199
4063864,3185
4063875,3197
4063885,3189
4063896,3189
4063906,3184
4063917,3191
4063927,3187
4063938,3190
4063948,3195
4063959,3184
4063969,3184
4063980,3189
4063990,3185
4064001,3183
4064011,3172
4064022,3179
4064032,3175
4064043,3177
4064054,3171
4064064,3168
4064075,3162
4064085,3157
4064096,3157
4064106,3153
4064117,3153
4064127,3153
4064138,3152
4064148,3151
4064159,3152
4064169,3148
4064180,3153
4064190,3154
4064201,3158
4064211,3152
4064222,3153
4064233,3159
4064243,3166
4064254,3170
4064264,3165
4064275,3163
4064285,3170
4064296,3169
4064306,3152
4064317,3153
4064327,3155
4064338,3152
4064348,3152
4064359,3162
4064369,3171
4064380,3177
4064390,3199
4064401,3200
4064412,3200
4064422,3213
4064433,3205
4064443,3213
4064454,3207
4064464,3209
4064475,3216
4064485,3216
4064496,3208
4064506,3216
4064517,3219
4064527,3204
4064538,3222
4064548,3205
4064559,3205
4064570,3196
4064580,3194
4064591,3202
4064601,3198
4064612,3194
4064622,3195
4064633,3198
4064643,3200
4064654,3200
4064664,3209
4064675,3204
4064685,3201
4064696,3197
4064706,3197
4064717,3199
4064727,3199
4064738,3198
4064749,3194
4064759,3199
4064770,3189
4064780,3198
4064791,3197
4064801,3197
4064812,3185
4064822,3184
4064833,3190
4064843,3191
4064854,3194
4064864,3193
4064875,3189
4064885,3190
4064896,3196
4064906,3186
4064917,3188
4064928,3181
4064938,3172
4064949,3175
4064959,3173
4064970,3171
4064980,3177
4064991,3170
4065001,3164
4065012,3168
4065022,3165
4065033,3166
4065043,3166
4065054,3169
4065064,3175
4065075,3181
4065086,3170
4065096,3178
4065107,3167
4065117,3171
4065128,3178
4065138,3177
4065149,3172
4065159,3181
4065170,3187
4065180,3190
4065191,3184
4065201,3184
4065212,3200
4065222,3184
4065233,3178
4065243,3179
4065254,3183
4065265,3184
4065275,3182
4065286,3185
4065296,3189
4065307,3188
4065317,3201
4065328,3194
4065338,3199
4065349,3211
4065359,3203
4065370,3203
4065380,3195
4065391,3199
4065401,3202
4065412,3199
4065422,3203
4065433,3212
4065444,3197
4065454,3209
4065465,3202
4065475,3210
4065486,3205
4065496,3203
4065507,3197
4065517,3203
4065528,3201
4065538,3206
4065549,3199
4065559,3200
4065570,3194
4065580,3201
4065591,3202
4065602,3229
4065612,3233
4065623,3236
4065633,3261
4065644,3278
4065654,3287
4065665,3354
4065675,3393
4065686,3470
4065696,3510
4065707,3507
4065717,3566
4065728,3599
4065738,3615
4065749,3654
4065759,3680
4065770,3674
4065781,3724
4065791,3759
4065802,3744
4065812,3773
4065823,3743
4065833,3771
4065844,3757
4065854,3762
4065865,3737
4065875,3776
4065886,3792
4065896,3794
4065907,3830
4065917,3833
4065928,3822
4065938,3830
4065949,3811
4065960,3817
4065970,3824
4065981,3813
4065991,3792
4066002,3802
4066012,3799
4066023,3782
4066033,3774
4066044,3773
4066054,3741
4066065,3731
4066075,3725
4066086,3709
4066096,3664
4066107,3645
4066118,3621
4066128,3606
4066139,3632
4066149,3659
4066160,3731
4066170,3767
4066181,3897
4066191,3992
4066202,4095
4066212,4095
4066223,4095
4066233,4095
4066244,4095
4066254,4095
4066265,4095
4066275,4095
4066286,4095
4066297,4095
4066307,4095
4066318,4095
4066328,4095
4066339,4095
4066349,4095
4066360,4095
4066370,4095
4066381,4095
4066391,4095
4066402,4095
4066412,4095
4066423,4095
4066433,4095
4066444,4095
4066454,4095
4066465,4095
4066476,4095
4066486,4095
4066497,4095
4066507,4095
4066518,4095
4066528,4095
4066539,4095
4066549,4095
4066560,3970
4066570,3866
4066581,3772
4066591,3647
4066602,3552
4066612,3427
4066623,3369
4066634,3311
4066644,3257
4066655,3177
4066665,3104
4066676,3047
4066686,2986
4066697,2962
4066707,2905
4066718,2870
4066728,2839
4066739,2803
4066749,2751
4066760,2724
4066770,2703
4066781,2668
4066791,2638
4066802,2559
4066813,2478
4066823,2419
4066834,2385
4066844,2323
4066855,2256
4066865,2205
4066876,2167
4066886,2114
4066897,2070
4066907,2015
4066918,1968
4066928,1922
4066939,1889
4066949,1851
4066960,1824
4066970,1792
4066981,1776
4066992,1749
4067002,1727
4067013,1697
4067023,1664
4067034,1643
4067044,1626
4067055,1610
4067065,1590
4067076,1584
4067086,1575
4067097,1563
4067107,1555
4067118,1535
4067128,1531
4067139,1527
4067150,1515
4067160,1520
4067171,1503
4067181,1502
4067192,1497
4067202,1486
4067213,1488
4067223,1472
4067234,1464
4067244,1463
4067255,1456
4067265,1457
4067276,1455
4067286,1447
4067297,1449
4067307,1447
4067319,1443
4067329,1445
4067340,1441
4067351,1437
4067361,1439
4067372,1434
4067382,1438
4067393,1435
4067403,1430
4067414,1430
4067424,1431
4067435,1438
4067445,1440
4067456,1435
4067466,1437
4067477,1447
4067487,1449
4067498,1454
4067508,1462
4067519,1467
4067530,1473
4067540,1483
4067551,1487
4067561,1489
4067572,1505
4067582,1509
4067593,1511
4067603,1522
4067614,1521
4067624,1522
4067635,1527
4067645,1520
4067656,1531
4067666,1527
4067677,1531
4067688,1531
4067698,1535
4067709,1530
4067719,1535
4067730,1535
4067740,1535
4067751,1554
4067761,1563
4067772,1558
4067782,1566
4067793,1569
4067803,1568
4067814,1575
4067824,1585
4067835,1583
4067845,1584
4067856,1589
4067867,1586
4067877,1590
4067888,1594
4067898,1594
4067909,1599
4067919,1602
4067930,1601
4067940,1607
4067951,1605
4067961,1614
4067972,1615
4067982,1616
4067993,1618
4068003,1625
4068014,1630
4068024,1642
4068035,1637
4068046,1631
4068056,1648
4068067,1640
4068077,1647
4068088,1647
4068098,1643
4068109,1646
4068119,1642
4068130,1649
4068140,1648
4068151,1642
4068161,1640
4068172,1648
4068182,1648
4068193,1648
4068204,1641
4068214,1643
4068225,1646
4068235,1645
4068246,1643
4068256,1647
4068267,1637
4068277,1643
4068288,1645
4068298,1638
4068309,1632
4068319,1642
4068330,1634
4068340,1634
4068351,1633
4068361,1637
4068372,1635
4068383,1638
4068393,1623
4068404,1615
4068414,1629
4068425,1627
4068435,1616
4068446,1627
4068456,1623
4068467,1628
4068477,1622
4068488,1618
4068498,1622
4068509,1621
4068519,1619
4068530,1622
4068541,1620
4068551,1619
4068562,1619
4068572,1616
4068583,1617
4068593,1621
4068604,1621
4068614,1625
4068625,1618
4068635,1618
4068646,1620
4068656,1625
4068667,1619
4068677,1622
4068688,1617
4068698,1625
4068709,1620
4068720,1620
4068730,1620
4068741,1627
4068751,1621
4068762,1622
4068772,1621
4068783,1626
4068793,1637
4068804,1626
4068814,1634
4068825,1630
4068835,1635
4068846,1631
4068856,1648
4068867,1642
4068877,1638
4068888,1642
4068899,1645
4068909,1643
4068920,1646
4068930,1645
4068941,1642
4068951,1647
4068962,1649
4068972,1651
4068983,1654
4068993,1655
4069004,1660
4069014,1661
4069025,1657
4069035,1655
4069046,1651
4069057,1657
4069067,1655
4069078,1663
4069088,1664
4069099,1665
4069109,1666
4069120,1664
4069130,1667
4069141,1674
4069151,1670
4069162,1674
4069172,1678
4069183,1677
4069193,1674
4069204,1678
4069214,1680
4069225,1675
4069236,1679
4069246,1675
4069257,1673
4069267,1679
4069278,1678
4069288,1671
4069299,1668
4069309,1671
4069320,1669
4069330,1666
4069341,1668
4069351,1667
4069362,1664
4069372,1655
4069383,1663
4069393,1662
4069404,1662
4069415,1652
4069425,1658
4069436,1651
4069446,1652
4069457,1649
4069467,1645
4069478,1629
4069488,1617
4069499,1616
4069509,1616
4069520,1607
4069530,1603
4069541,1594
4069551,1590
4069562,1589
4069573,1586
4069583,1584
4069594,1587
4069604,1579
4069615,1584
4069625,1582
4069636,1582
4069646,1578
4069657,1581
4069667,1579
4069678,1582
4069688,1583
4069699,1577
4069709,1580
4069720,1578
4069730,1579
4069741,1581
4069752,1573
4069762,1577
4069773,1578
4069783,1574
4069794,1581
4069804,1574
4069815,1578
4069825,1580
4069836,1578
4069846,1577
4069857,1583
4069867,1584
4069878,1587
4069888,1587
4069899,1593
4069909,1596
4069920,1600
4069931,1607
4069941,1600
4069952,1611
4069962,1615
4069973,1617
4069983,1623
4069994,1623
4070004,1635
4070015,1648
4070025,1650
4070036,1661
4070046,1663
4070057,1680
4070067,1693
4070078,1712
4070089,1722
4070099,1741
4070110,1747
4070120,1764
4070131,1769
4070141,1788
4070152,1815
4070162,1821
4070173,1839
4070183,1857
4070194,1885
4070204,1904
4070215,1936
4070225,1969
4070236,2011
4070246,2055
4070257,2096
4070268,2127
4070278,2141
4070289,2158
4070299,2160
4070310,2160
4070320,2166
4070331,2173
4070341,2186
4070352,2197
4070362,2203
4070373,2224
4070383,2238
4070394,2242
4070404,2246
4070415,2247
4070425,2243
4070436,2239
4070447,2237
4070457,2229
4070468,2231
4070478,2224
4070489,2219
4070499,2209
4070510,2206
4070520,2206
4070531,2208
4070541,2206
4070552,2219
4070562,2223
4070573,2224
4070583,2229
4070594,2224
4070605,2223
4070615,2208
4070626,2194
4070636,2190
4070647,2179
4070657,2176
4070668,2188
4070678,2192
4070689,2199
4070699,2210
4070710,2221
4070720,2235
4070731,2244
4070741,2278
4070752,2302
4070762,2336
4070773,2385
4070784,2472
4070794,2544
4070805,2585
4070815,2625
4070826,2654
4070836,2704
4070847,2746
4070857,2761
4070868,2841
4070878,2899
4070889,2940
4070899,2971
4070910,3027
4070920,3038
4070931,3041
4070941,3066
4070952,3108
4070963,3106
4070973,3101
4070984,3106
4070994,3099
4071005,3096
4071015,3097
4071026,3088
4071036,3091
4071047,3092
4071057,3091
4071068,3091
4071078,3087
4071089,3061
4071099,3056
4071110,3043
4071120,3033
4071131,3013
4071142,2989
4071152,2981
4071163,2979
4071173,2965
4071184,2959
4071194,2947
4071205,2941
4071215,2929
4071226,2922
4071236,2918
4071247,2906
4071257,2896
4071268,2899
4071278,2898
4071289,2895
4071300,2894
4071310,2882
4071321,2906
4071331,2915
4071342,2933
4071352,2962
4071363,2983
4071373,2992
4071384,3020
4071394,3028
4071405,3084
4071415,3111
4071426,3158
4071436,3207
4071447,3234
4071457,3223
4071468,3231
4071479,3250
4071489,3269
4071500,3311
4071510,3312
4071521,3318
4071531,3345
4071542,3368
4071552,3397
4071563,3407
4071573,3447
4071584,3488
4071594,3497
4071605,3485
4071615,3485
4071626,3477
4071636,3497
4071647,3510
4071658,3502
4071668,3519
4071679,3536
4071689,3531
4071700,3546
4071710,3536
4071721,3552
4071731,3535
4071742,3533
4071752,3563
4071763,3562
4071773,3565
4071784,3555
4071794,3562
4071805,3556
4071816,3557
4071826,3555
4071837,3550
4071847,3558
4071858,3545
4071868,3544
4071879,3549
4071889,3535
4071900,3535
4071910,3521
4071921,3517
4071931,3504
4071942,3482
4071952,3482
4071963,3478
4071973,3483
4071984,3483
4071995,3472
4072005,3472
4072016,3469
4072026,3475
4072037,3469
4072047,3474
4072058,3477
4072068,3475
4072079,3472
4072089,3472
4072100,3471
4072110,3470
4072121,3461
4072131,3467
4072142,3468
4072152,3472
4072163,3469
4072174,3454
4072184,3457
4072195,3460
4072205,3469
4072216,3455
4072226,3454
4072237,3450
4072247,3443
4072258,3443
4072268,3440
4072279,3440
4072289,3429
4072300,3425
4072310,3422
4072321,3412
4072332,3414
4072342,3415
4072353,3407
4072363,3406
4072374,3399
4072384,3397
4072395,3401
4072405,3406
4072416,3391
4072426,3383
4072437,3392
4072447,3376
4072458,3377
4072468,3376
4072479,3376
4072489,3365
4072500,3367
4072511,3364
4072521,3365
4072532,3337
4072542,3344
4072553,3342
4072563,3334
4072574,3339
4072584,3342
4072595,3335
4072605,3331
4072616,3338
4072626,3328
4072637,3322
4072647,3323
4072658,3325
4072668,3322
4072679,3315
4072690,3316
4072700,3312
4072711,3314
4072721,3306
4072732,3301
4072742,3311
4072753,3303
4072763,3309
4072774,3296
4072784,3299
4072795,3305
4072805,3292
4072816,3297
4072826,3291
4072837,3293
4072848,3295
4072858,3295
4072869,3293
4072879,3293
4072890,3291
4072900,3295
4072911,3291
4072921,3286
4072932,3287
4072942,3283
4072953,3287
4072963,3280
4072974,3282
4072984,3282
4072995,3280
4073005,3282
4073016,3280
4073027,3284
4073037,3283
4073048,3279
4073058,3278
4073069,3279
4073079,3279
4073090,3271
4073100,3277
4073111,3277
4073121,3274
4073132,3277
4073142,3273
4073153,3271
4073163,3278
4073175,3273
4073185,3283
4073196,3277
4073207,3280
4073217,3266
4073228,3273
4073238,3274
4073249,3265
4073259,3277
4073270,3270
4073280,3273
4073291,3267
4073301,3273
4073312,3270
4073322,3272
4073333,3270
4073343,3271
4073354,3274
4073364,3278
4073375,3265
4073386,3266
4073396,3266
4073407,3263
4073417,3259
4073428,3264
4073438,3264
4073449,3263
4073459,3263
4073470,3263
4073480,3264
4073491,3259
4073501,3258
4073512,3258
4073522,3277
4073533,3254
4073543,3255
4073554,3258
4073565,3258
4073575,3261
4073586,3263
4073596,3269
4073607,3261
4073617,3275
4073628,3271
4073638,3279
4073649,3299
4073659,3300
4073670,3312
4073680,3313
4073691,3324
4073701,3343
4073712,3357
4073722,3366
4073733,3377
4073744,3387
4073754,3398
4073765,3392
4073775,3393
4073786,3394
4073796,3393
4073807,3407
4073817,3383
4073828,3392
4073838,3392
4073849,3387
4073859,3386
4073870,3387
4073880,3383
4073891,3383
4073902,3385
4073912,3389
4073923,3391
4073933,3376
4073944,3383
4073954,3385
4073965,3381
4073975,3392
4073986,3379
4073996,3376
4074007,3376
4074017,3371
4074028,3373
4074038,3353
4074049,3344
4074059,3330
4074070,3328
4074081,3313
4074091,3318
4074102,3312
4074112,3312
4074123,3310
4074133,3309
4074144,3307
4074154,3321
4074165,3397
4074175,3583
4074186,3705
4074196,3906
4074207,4095
4074217,4095
4074228,4095
4074238,4095
4074249,4095
4074260,4095
4074270,4095
4074281,4095
4074291,4095
4074302,4095
4074312,4095
4074323,4095
4074333,4095
4074344,4095
4074354,4003
4074365,3794
4074375,3497
4074386,3349
4074396,3213
4074407,3155
4074418,3042
4074428,3022
4074439,3006
4074449,2974
4074460,2913
4074470,2867
4074481,2816
4074491,2750
4074502,2655
4074512,2595
4074523,2539
4074533,2470
4074544,2427
4074554,2410
4074565,2399
4074575,2389
4074586,2391
4074597,2395
4074607,2398
4074618,2404
4074628,2400
4074639,2390
4074649,2385
4074660,2384
4074670,2384
4074681,2371
4074691,2366
4074702,2363
4074712,2355
4074723,2350
4074733,2346
4074744,2343
4074754,2335
4074765,2320
4074776,2309
4074786,2293
4074797,2275
4074807,2254
4074818,2243
4074828,2224
4074839,2203
4074849,2200
4074860,2192
4074870,2176
4074881,2161
4074891,2141
4074902,2126
4074912,2113
4074923,2098
4074934,2079
4074944,2055
4074955,2025
4074965,2001
4074976,1993
4074986,1973
4074997,1954
4075007,1933
4075018,1919
4075028,1904
4075039,1875
4075049,1868
4075060,1854
4075070,1839
4075081,1823
4075091,1809
4075102,1795
4075113,1779
4075123,1759
4075134,1743
4075144,1714
4075155,1704
4075165,1680
4075176,1662
4075186,1662
4075197,1637
4075207,1623
4075218,1619
4075228,1606
4075239,1596
4075249,1588
4075260,1581
4075270,1584
4075281,1581
4075292,1573
4075302,1571
4075313,1571
4075323,1568
4075334,1559
4075344,1563
4075355,1553
4075365,1562
4075376,1535
4075386,1553
4075397,1535
4075407,1535
4075418,1535
4075428,1555
4075439,1535
4075450,1555
4075460,1558
4075471,1553
4075481,1554
4075492,1553
4075502,1555
4075513,1535
4075523,1559
4075534,1561
4075544,1561
4075555,1565
4075565,1569
4075576,1575
4075586,1573
4075597,1574
4075607,1582
4075618,1584
4075629,1584
4075639,1595
4075650,1598
4075660,1594
4075671,1602
4075681,1605
4075692,1616
4075702,1619
4075713,1618
4075723,1630
4075734,1629
4075744,1635
4075755,1643
4075765,1641
4075776,1653
4075786,1646
4075797,1651
4075808,1651
4075818,1651
4075829,1658
4075839,1661
4075850,1663
4075860,1675
4075871,1672
4075881,1680
4075892,1678
4075902,1687
4075913,1691
4075923,1698
4075934,1701
4075944,1707
4075955,1712
4075966,1723
4075976,1728
4075987,1731
4075997,1740
4076008,1745
4076018,1747
4076029,1750
4076039,1750
4076050,1753
4076060,1757
4076071,1754
4076081,1763
4076092,1761
4076102,1759
4076113,1774
4076123,1766
4076134,1773
4076145,1774
4076155,1776
4076166,1776
4076176,1776
4076187,1778
4076197,1782
4076208,1789
4076218,1791
4076229,1792
4076239,1803
4076250,1803
4076260,1796
4076271,1808
4076281,1818
4076292,1818
4076302,1813
4076313,1823
4076324,1817
4076334,1819
4076345,1809
4076355,1819
4076366,1822
4076376,1820
4076387,1821
4076397,1825
4076408,1821
4076418,1821
4076429,1819
4076439,1810
4076450,1814
4076460,1808
4076471,1818
4076482,1816
4076492,1812
4076503,1806
4076513,1806
4076524,1807
4076534,1804
4076545,1792
4076555,1790
4076566,1792
4076576,1785
4076587,1779
4076597,1783
4076608,1773
4076618,1766
4076629,1769
4076639,1762
4076650,1750
4076661,1749
4076671,1744
4076682,1742
4076692,1727
4076703,1722
4076713,1715
4076724,1708
4076734,1703
4076745,1691
4076755,1682
4076766,1683
4076776,1682
4076787,1672
4076797,1666
4076808,1663
4076818,1662
4076829,1662
4076840,1659
4076850,1656
4076861,1654
4076871,1648
4076882,1648
4076892,1643
4076903,1633
4076913,1630
4076924,1627
4076934,1627
4076945,1629
4076955,1626
4076966,1626
4076976,1627
4076987,1618
4076998,1619
4077008,1616
4077019,1615
4077029,1619
4077040,1616
4077050,1611
4077061,1614
4077071,1610
4077082,1614
4077092,1616
4077103,1611
4077113,1611
4077124,1611
4077134,1608
4077145,1611
4077155,1614
4077166,1607
4077177,1607
4077187,1603
4077198,1607
4077208,1604
4077219,1613
4077229,1613
4077240,1611
4077250,1611
4077261,1614
4077271,1619
4077282,1613
4077292,1617
4077303,1616
4077313,1617
4077324,1616
4077335,1620
4077345,1621
4077356,1627
4077366,1633
4077377,1628
4077387,1641
4077398,1632
4077408,1635
4077419,1639
4077429,1645
4077440,1641
4077450,1648
4077461,1646
4077471,1643
4077482,1644
4077492,1644
4077503,1648
4077514,1648
4077524,1648
4077535,1648
4077545,1648
4077556,1650
4077566,1648
4077577,1648
4077587,1650
4077598,1658
4077608,1648
4077619,1649
4077629,1648
4077640,1649
4077650,1649
4077661,1648
4077671,1651
4077682,1650
4077693,1648
4077703,1648
4077714,1653
4077724,1648
4077735,1649
4077745,1644
4077756,1648
4077766,1658
4077777,1650
4077787,1642
4077798,1647
4077808,1655
4077819,1664
4077829,1647
4077840,1635
4077851,1648
4077861,1648
4077872,1650
4077882,1650
4077893,1648
4077903,1649
4077914,1647
4077924,1649
4077935,1655
4077945,1653
4077956,1645
4077966,1650
4077977,1650
4077987,1653
4077998,1653
4078008,1660
4078019,1663
4078030,1662
4078040,1665
4078051,1667
4078061,1674
4078072,1675
4078082,1685
4078093,1680
4078103,1687
4078114,1690
4078124,1697
4078135,1694
4078145,1695
4078156,1697
4078166,1703
4078177,1712
4078187,1708
4078198,1706
4078209,1710
4078219,1706
4078230,1712
4078240,1719
4078251,1718
4078261,1731
4078272,1730
4078282,1740
4078293,1728
4078303,1741
4078314,1746
4078324,1751
4078335,1751
4078345,1751
4078356,1759
4078367,1765
4078377,1773
4078388,1777
4078398,1819
4078409,1803
4078419,1808
4078430,1820
4078440,1838
4078451,1847
4078461,1865
4078472,1875
4078482,1907
4078493,1919
4078503,1942
4078514,1962
4078524,1982
4078535,2000
4078546,2012
4078556,2032
4078567,2047
4078577,2064
4078588,2085
4078598,2106
4078609,2122
4078619,2128
4078630,2134
4078640,2134
4078651,2143
4078661,2147
4078672,2151
4078682,2159
4078693,2160
4078703,2164
4078714,2160
4078725,2168
4078735,2173
4078746,2187
4078756,2171
4078767,2181
4078777,2181
4078788,2177
4078798,2187
4078809,2183
4078819,2187
4078830,2192
4078840,2191
4078851,2186
4078861,2192
4078872,2189
4078883,2192
4078893,2195
4078904,2201
4078914,2192
4078925,2193
4078935,2194
4078946,2196
4078956,2197
4078967,2195
4078977,2192
4078988,2197
4078998,2201
4079009,2196
4079020,2201
4079031,2195
4079041,2200
4079052,2203
4079062,2202
4079073,2194
4079084,2193
4079094,2192
4079105,2196
4079115,2192
4079126,2192
4079136,2193
4079147,2193
4079157,2192
4079168,2193
4079178,2190
4079189,2195
4079199,2192
4079210,2197
4079220,2198
4079231,2199
4079241,2193
4079252,2193
4079263,2192
4079273,2206
4079284,2201
4079294,2194
4079305,2197
4079315,2192
4079326,2204
4079336,2197
4079347,2195
4079357,2196
4079368,2201
4079378,2197
4079389,2196
4079399,2192
4079410,2203
4079421,2196
4079431,2201
4079442,2201
4079452,2194
4079463,2203
4079473,2208
4079484,2195
4079494,2198
4079505,2204
4079515,2198
4079526,2199
4079536,2198
4079547,2206
4079557,2203
4079568,2206
4079578,2198
4079589,2203
4079600,2210
4079610,2202
4079621,2206
4079631,2206
4079642,2208
4079652,2198
4079663,2205
4079673,2201
4079684,2205
4079694,2205
4079705,2206
4079715,2195
4079726,2207
4079736,2213
4079747,2211
4079757,2206
4079768,2211
4079779,2206
4079789,2210
4079800,2204
4079810,2206
4079821,2212
4079831,2210
4079842,2201
4079852,2210
4079863,2213
4079873,2209
4079884,2210
4079894,2215
4079905,2211
4079915,2217
4079926,2207
4079937,2217
4079947,2217
4079958,2221
4079968,2221
4079979,2217
4079989,2221
4080000,2224
4080010,2227
4080021,2230
4080031,2223
4080042,2225
4080052,2231
4080063,2229
4080073,2237
4080084,2240
4080094,2239
4080105,2239
4080116,2235
4080126,2240
4080137,2245
4080147,2241
4080158,2247
4080168,2253
4080179,2256
4080189,2257
4080200,2256
4080210,2256
4080221,2253
4080231,2256
4080242,2256
4080252,2255
4080263,2250
4080273,2250
4080284,2254
4080295,2251
4080305,2245
4080316,2240
4080326,2245
4080337,2251
4080347,2239
4080358,2243
4080368,2239
4080379,2237
4080389,2234
4080400,2227
4080410,2219
4080421,2213
4080431,2205
4080442,2209
4080453,2201
4080463,2199
4080474,2197
4080484,2194
4080495,2192
4080505,2192
4080516,2185
4080526,2179
4080537,2169
4080547,2160
4080558,2157
4080568,2145
4080579,2146
4080589,2133
4080600,2135
4080610,2121
4080621,2119
4080632,2107
4080642,2097
4080653,2090
4080663,2080
4080674,2069
4080684,2065
4080695,2047
4080705,2034
4080716,2028
4080726,2009
4080737,2000
4080747,1995
4080758,1971
4080768,1968
4080779,1952
4080789,1936
4080800,1921
4080811,1913
4080821,1893
4080832,1877
4080842,1865
4080853,1845
4080863,1830
4080874,1813
4080884,1803
4080895,1801
4080905,1786
4080916,1776
4080926,1767
4080937,1749
4080947,1753
4080958,1746
4080969,1728
4080979,1724
4080990,1705
4081000,1702
4081011,1697
4081021,1681
4081032,1679
4081042,1667
4081053,1670
4081063,1662
4081074,1659
4081084,1649
4081095,1648
4081105,1632
4081116,1633
4081126,1623
4081137,1619
4081148,1619
4081158,1617
4081169,1611
4081179,1610
4081190,1611
4081200,1611
4081211,1601
4081221,1603
4081232,1598
4081242,1600
4081253,1603
4081263,1594
4081274,1590
4081284,1591
4081295,1588
4081305,1585
4081316,1584
4081327,1584
4081337,1585
4081348,1585
4081358,1584
4081369,1583
4081379,1575
4081390,1579
4081400,1579
4081411,1575
4081421,1574
4081432,1565
4081442,1574
4081453,1569
4081463,1575
4081474,1575
4081485,1573
4081495,1568
4081506,1571
4081516,1568
4081527,1566
4081537,1565
4081548,1573
4081558,1570
4081569,1567
4081579,1577
4081590,1573
4081600,1575
4081611,1572
4081621,1570
4081632,1573
4081642,1570
4081653,1571
4081664,1574
4081674,1570
4081685,1577
4081695,1571
4081706,1578
4081716,1571
4081727,1579
4081737,1581
4081748,1578
4081758,1575
4081769,1575
4081779,1575
4081790,1575
4081800,1578
4081811,1573
4081821,1579
4081832,1575
4081843,1581
4081853,1582
4081864,1578
4081874,1578
4081885,1573
4081895,1575
4081906,1578
4081916,1579
4081927,1572
4081937,1577
4081948,1576
4081958,1575
4081969,1578
4081979,1581
4081990,1571
4082001,1578
4082011,1582
4082022,1567
4082032,1575
4082043,1597
4082053,1575
4082064,1573
4082074,1577
4082085,1577
4082095,1574
4082106,1573
4082116,1566
4082127,1573
4082137,1571
4082148,1574
4082158,1573
4082169,1568
4082180,1573
4082190,1567
4082201,1564
4082211,1568
4082222,1570
4082232,1568
4082243,1570
4082253,1563
4082264,1567
4082274,1563
4082285,1571
4082295,1562
4082306,1559
4082316,1563
4082327,1559
4082338,1555
4082348,1557
4082359,1554
4082369,1535
4082380,1535
4082390,1535
4082401,1535
4082411,1553
4082422,1535
4082432,1535
4082443,1535
4082453,1535
4082464,1535
4082474,1535
4082485,1535
4082495,1535
4082506,1535
4082517,1535
4082527,1535
4082538,1535
4082548,1535
4082559,1535
4082569,1535
4082580,1535
4082590,1535
4082601,1535
4082611,1535
4082622,1535
4082632,1535
4082643,1535
4082653,1535
4082664,1535
4082674,1535
4082685,1554
4082696,1555
4082706,1555
4082717,1554
4082727,1535
4082738,1535
4082748,1535
4082759,1559
4082769,1557
4082780,1558
4082790,1563
4082801,1558
4082811,1565
4082822,1563
4082832,1565
4082843,1563
4082854,1570
4082864,1568
4082875,1582
4082885,1577
4082896,1580
4082906,1582
4082917,1580
4082927,1586
4082938,1584
4082948,1584
4082959,1587
4082969,1597
4082980,1599
4082990,1600
4083001,1600
4083011,1602
4083022,1600
4083033,1611
4083043,1614
4083054,1616
4083064,1619
4083075,1622
4083085,1632
4083096,1645
4083106,1641
4083117,1642
4083127,1647
4083138,1654
4083148,1658
4083159,1658
4083169,1673
4083180,1675
4083190,1677
4083201,1695
4083212,1700
4083222,1712
4083233,1723
4083243,1728
4083254,1733
4083264,1748
4083275,1748
4083285,1761
4083296,1765
4083306,1776
4083317,1789
4083327,1803
4083338,1813
4083348,1826
4083359,1840
4083370,1855
4083380,1872
4083391,1887
4083401,1911
4083412,1920
4083422,1936
4083433,1952
4083443,1953
4083454,1980
4083464,1984
4083475,2007
4083485,2018
4083496,2032
4083506,2039
4083517,2047
4083527,2058
4083538,2064
4083549,2080
4083559,2080
4083570,2091
4083580,2095
4083591,2101
4083601,2128
4083612,2119
4083622,2121
4083633,2124
4083643,2128
4083654,2131
4083664,2143
4083675,2139
4083685,2147
4083696,2152
4083706,2158
4083717,2157
4083728,2163
4083738,2163
4083749,2169
4083759,2171
4083770,2178
4083780,2181
4083791,2187
4083801,2190
4083812,2197
4083822,2206
4083833,2211
4083843,2215
4083854,2240
4083864,2240
4083875,2257
4083886,2263
4083896,2281
4083907,2288
4083917,2306
4083928,2321
4083938,2326
4083949,2349
4083959,2363
4083970,2384
4083980,2407
4083991,2425
4084001,2458
4084012,2486
4084022,2509
4084033,2522
4084043,2550
4084054,2583
4084065,2608
4084075,2626
4084086,2656
4084096,2690
4084107,2736
4084117,2762
4084128,2781
4084138,2801
4084149,2823
4084159,2843
4084170,2845
4084180,2859
4084191,2859
4084201,2864
4084212,2865
4084222,2876
4084233,2889
4084244,2902
4084254,2903
4084265,2926
4084275,2925
4084286,2922
4084296,2923
4084307,2912
4084317,2907
4084328,2897
4084338,2906
4084349,2898
4084359,2901
4084370,2903
4084380,2895
4084391,2914
4084402,2926
4084412,2922
4084423,2926
4084433,2922
4084444,2927
4084454,2928
4084465,2928
4084475,2928
4084486,2927
4084496,2921
4084507,2919
4084517,2924
4084528,2928
4084538,2929
4084549,2917
4084559,2912
4084570,2913
4084581,2913
4084591,2903
4084602,2910
4084612,2900
4084623,2898
4084633,2891
4084644,2898
4084654,2900
4084665,2895
4084675,2896
4084686,2896
4084696,2896
4084707,2894
4084717,2886
4084728,2887
4084738,2879
4084749,2879
4084760,2869
4084770,2877
4084781,2866
4084791,2859
4084802,2859
4084812,2823
4084823,2810
4084833,2800
4084844,2798
4084854,2783
4084865,2784
4084876,2775
4084887,2778
4084897,2768
4084908,2768
4084918,2768
4084929,2763
4084940,2753
4084950,2751
4084961,2747
4084971,2737
4084982,2739
4084992,2732
4085003,2735
4085013,2730
4085024,2733
4085034,2717
4085045,2715
4085055,2704
4085066,2707
4085076,2703
4085087,2693
4085097,2686
4085108,2674
4085119,2670
4085129,2662
4085140,2659
4085150,2647
4085161,2642
4085171,2630
4085182,2609
4085192,2605
4085203,2597
4085213,2581
4085224,2581
4085234,2559
4085245,2551
4085255,2541
4085266,2533
4085276,2513
4085287,2505
4085298,2498
4085308,2489
4085319,2475
4085329,2466
4085340,2458
4085350,2457
4085361,2455
4085371,2448
4085382,2448
4085392,2448
4085403,2442
4085413,2438
4085424,2437
4085434,2437
4085445,2430
4085456,2431
4085466,2426
4085477,2429
4085487,2427
4085498,2426
4085508,2426
4085519,2422
4085529,2416
4085540,2431
4085550,2397
4085561,2398
4085571,2397
4085582,2396
4085592,2385
4085603,2383
4085613,2373
4085624,2373
4085635,2368
4085645,2355
4085656,2349
4085666,2339
4085677,2322
4085687,2319
4085698,2314
4085708,2305
4085719,2298
4085729,2288
4085740,2284
4085750,2270
4085761,2256
4085771,2259
4085782,2256
4085792,2251
4085803,2246
4085814,2241
4085824,2235
4085835,2223
4085845,2214
4085856,2193
4085866,2191
4085877,2177
4085887,2166
4085898,2160
4085908,2160
4085919,2141
4085929,2128
4085940,2128
4085950,2112
4085961,2102
4085972,2093
4085982,2093
4085993,2079
4086003,2063
4086014,2078
4086024,2044
4086035,2025
4086045,2018
4086056,2001
4086066,1991
4086077,1984
4086087,1966
4086098,1962
4086108,1955
4086119,1946
4086129,1930
4086140,1924
4086151,1918
4086161,1901
4086172,1889
4086182,1877
4086193,1865
4086203,1856
4086214,1843
4086224,1840
4086235,1833
4086245,1825
4086256,1825
4086266,1810
4086277,1810
4086287,1810
4086298,1806
4086308,1808
4086319,1801
4086330,1795
4086340,1791
4086351,1790
4086361,1790
4086372,1785
4086382,1781
4086393,1781
4086403,1777
4086414,1776
4086424,1771
4086435,1771
4086445,1767
4086456,1772
4086466,1763
4086477,1764
4086488,1763
4086498,1762
4086509,1757
4086519,1758
4086530,1757
4086540,1755
4086551,1753
4086561,1760
4086572,1761
4086582,1755
4086593,1763
4086603,1759
4086614,1761
4086624,1761
4086635,1765
4086645,1762
4086656,1755
4086667,1765
4086677,1761
4086688,1770
4086698,1762
4086709,1772
4086719,1759
4086730,1759
4086740,1766
4086751,1764
4086761,1763
4086772,1763
4086782,1758
4086793,1760
4086803,1755
4086814,1752
4086825,1758
4086835,1754
4086846,1755
4086856,1751
4086867,1744
4086877,1753
4086888,1747
4086898,1744
4086909,1744
4086919,1738
4086930,1729
4086940,1723
4086951,1719
4086961,1712
4086972,1706
4086982,1693
4086993,1684
4087004,1679
4087014,1682
4087025,1670
4087035,1667
4087046,1662
4087056,1663
4087067,1656
4087077,1654
4087088,1648
4087098,1648
4087109,1645
4087119,1634
4087130,1633
4087140,1635
4087151,1624
4087161,1617
4087172,1621
4087183,1614
4087193,1611
4087204,1600
4087214,1601
4087225,1603
4087235,1600
4087246,1595
4087256,1594
4087267,1597
4087277,1585
4087288,1584
4087298,1584
4087309,1582
4087319,1579
4087330,1582
4087340,1571
4087351,1570
4087362,1574
4087372,1584
4087383,1568
4087393,1567
4087404,1571
4087414,1568
4087425,1554
4087435,1561
4087446,1564
4087456,1567
4087467,1559
4087477,1558
4087488,1563
4087498,1557
4087509,1557
4087520,1554
4087530,1558
4087541,1553
4087551,1557
4087562,1535
4087572,1553
4087583,1554
4087593,1556
4087604,1535
4087614,1535
4087625,1558
4087635,1535
4087646,1554
4087656,1535
4087667,1535
4087677,1535
4087688,1535
4087699,1535
4087709,1535
4087720,1535
4087730,1535
4087741,1535
4087751,1535
4087762,1525
4087772,1534
4087783,1535
4087793,1533
4087804,1535
4087814,1535
4087825,1534
4087835,1535
4087846,1534
4087856,1535
4087867,1535
4087878,1530
4087888,1534
4087899,1531
4087909,1534
4087920,1533
4087930,1524
4087941,1532
4087951,1535
4087962,1527
4087972,1523
4087983,1526
4087993,1525
4088004,1525
4088014,1525
4088025,1522
4088036,1524
4088046,1521
4088057,1521
4088067,1525
4088078,1530
4088088,1521
4088099,1526
4088109,1525
4088120,1526
4088130,1527
4088141,1520
4088151,1520
4088162,1523
4088172,1520
4088183,1523
4088193,1526
4088204,1531
4088215,1526
4088225,1525
4088236,1523
4088246,1535
4088257,1523
4088267,1532
4088278,1529
4088288,1535
4088299,1523
4088309,1531
4088320,1531
4088330,1531
4088341,1535
4088351,1534
4088362,1534
4088373,1535
4088383,1535
4088394,1535
4088404,1535
4088415,1535
4088425,1535
4088436,1535
4088446,1535
4088457,1535
4088467,1535
4088478,1535
4088488,1535
4088499,1535
4088509,1535
4088520,1535
4088530,1535
4088541,1535
4088552,1535
4088562,1535
4088573,1535
4088583,1535
4088594,1535
4088604,1535
4088615,1535
4088625,1535
4088636,1535
4088646,1535
4088657,1535
4088667,1535
4088678,1535
4088688,1535
4088699,1535
4088709,1535
4088720,1535
4088731,1535
4088741,1535
4088752,1535
4088762,1535
4088773,1535
4088783,1535
4088794,1535
4088804,1535
4088815,1535
4088825,1535
4088836,1535
4088846,1535
4088857,1535
4088867,1535
4088878,1535
4088888,1535
4088899,1525
4088910,1535
4088920,1535
4088931,1535
4088941,1535
4088952,1535
4088962,1535
4088973,1535
4088983,1535
4088994,1535
4089004,1535
4089015,1535
4089025,1535
4089036,1535
4089046,1535
4089057,1535
4089068,1535
4089078,1535
4089089,1535
4089099,1534
4089110,1535
4089120,1533
4089131,1535
4089141,1535
4089152,1535
4089162,1535
4089173,1535
4089183,1535
4089194,1535
4089204,1535
4089215,1553
4089225,1535
4089236,1535
4089247,1535
4089257,1535
4089268,1553
4089278,1554
4089289,1557
4089299,1555
4089310,1535
4089320,1535
4089331,1535
4089341,1557
4089352,1557
4089362,1562
4089373,1557
4089383,1563
4089394,1567
4089405,1569
4089415,1567
4089426,1568
4089436,1563
4089447,1569
4089457,1567
4089468,1569
4089478,1570
4089489,1570
4089499,1580
4089510,1572
4089520,1575
4089531,1577
4089541,1581
4089552,1577
4089562,1586
4089573,1585
4089584,1586
4089594,1589
4089605,1587
4089615,1596
4089626,1600
4089636,1599
4089647,1603
4089657,1610
4089668,1606
4089678,1613
4089689,1615
4089699,1619
4089710,1618
4089720,1630
4089731,1629
4089742,1635
4089752,1639
4089763,1641
4089773,1645
4089784,1648
4089794,1648
4089805,1654
4089815,1654
4089826,1661
4089836,1659
4089847,1664
4089857,1664
4089868,1674
4089878,1674
4089889,1678
4089899,1679
4089910,1680
4089921,1687
4089931,1690
4089942,1696
4089952,1695
4089963,1698
4089973,1697
4089984,1714
4089994,1713
4090005,1719
4090015,1722
4090026,1722
4090036,1721
4090047,1726
4090057,1731
4090068,1735
4090078,1735
4090089,1738
4090100,1745
4090110,1744
4090121,1744
4090131,1744
4090142,1745
4090152,1748
4090163,1749
4090173,1746
4090184,1750
4090194,1754
4090205,1754
4090215,1761
4090226,1759
4090236,1757
4090247,1765
4090258,1765
4090268,1771
4090279,1776
4090289,1773
4090300,1778
4090310,1783
4090321,1789
4090331,1797
4090342,1808
4090352,1808
4090363,1817
4090373,1825
4090384,1836
4090394,1840
4090405,1843
4090415,1847
4090426,1850
4090437,1858
4090447,1867
4090458,1872
4090468,1871
4090479,1872
4090489,1872
4090500,1877
4090510,1875
4090521,1875
4090531,1876
4090542,1879
4090552,1874
4090563,1872
4090573,1873
4090584,1875
4090594,1873
4090605,1873
4090616,1872
4090626,1874
4090637,1872
4090647,1875
4090658,1875
4090668,1879
4090679,1891
4090689,1878
4090700,1883
4090710,1890
4090721,1887
4090732,1900
4090743,1898
4090753,1903
4090764,1914
4090774,1913
4090785,1921
4090796,1922
4090806,1931
4090817,1939
4090827,1950
4090838,1958
4090848,1962
4090859,1969
4090869,1974
4090880,1991
4090890,1996
4090901,2000
4090911,2010
4090922,2022
4090932,2031
4090943,2045
4090953,2064
4090964,2087
4090975,2096
4090985,2109
4090996,2119
4091006,2128
4091017,2144
4091027,2161
4091038,2163
4091048,2181
4091059,2199
4091069,2210
4091080,2225
4091090,2249
4091101,2270
4091111,2302
4091122,2320
4091133,2337
4091143,2368
4091154,2407
4091164,2421
4091175,2449
4091185,2478
4091196,2489
4091206,2509
4091217,2523
4091227,2550
4091238,2559
4091248,2601
4091259,2624
4091269,2657
4091280,2699
4091290,2719
4091301,2755
4091312,2768
4091322,2783
4091333,2781
4091343,2796
4091354,2803
4091364,2819
4091375,2813
4091385,2801
4091396,2807
4091406,2810
4091417,2801
4091427,2795
4091438,2801
4091448,2802
4091459,2800
4091469,2793
4091480,2813
4091491,2795
4091501,2785
4091512,2786
4091522,2784
4091533,2781
4091543,2775
4091554,2773
4091564,2771
4091575,2761
4091585,2762
4091596,2752
4091606,2749
4091617,2738
4091627,2734
4091638,2734
4091648,2727
4091659,2711
4091670,2704
4091680,2683
4091691,2668
4091701,2656
4091712,2650
4091722,2645
4091733,2635
4091743,2617
4091754,2618
4091764,2609
4091775,2607
4091785,2597
4091796,2587
4091806,2559
4091817,2559
4091828,2550
4091838,2555
4091849,2541
4091859,2533
4091870,2512
4091880,2506
4091891,2485
4091901,2475
4091912,2454
4091922,2438
4091933,2420
4091943,2405
4091954,2383
4091964,2367
4091975,2345
4091985,2331
4091996,2315
4092007,2305
4092017,2288
4092028,2278
4092038,2263
4092049,2256
4092059,2247
4092070,2227
4092080,2224
4092091,2221
4092101,2218
4092112,2192
4092122,2194
4092133,2182
4092143,2176
4092154,2169
4092165,2160
4092175,2160
4092186,2147
4092196,2144
4092207,2128
4092217,2127
4092228,2117
4092238,2121
4092249,2103
4092259,2099
4092270,2093
4092280,2093
4092291,2083
4092301,2077
4092312,2064
4092322,2064
4092333,2059
4092344,2036
4092354,2047
4092365,2038
4092375,2026
4092386,2019
4092396,2026
4092407,2017
4092417,2000
4092428,1999
4092438,1998
4092449,1997
4092459,1986
4092470,1986
4092480,1977
4092491,1973
4092501,1965
4092512,1961
4092523,1956
4092533,1947
4092544,1941
4092554,1936
4092565,1936
4092575,1923
4092586,1920
4092596,1919
4092607,1915
4092617,1909
4092628,1904
4092638,1903
4092649,1901
4092659,1895
4092670,1891
4092680,1888
4092691,1881
4092702,1875
4092712,1874
4092723,1867
4092733,1863
4092744,1856
4092754,1856
4092765,1847
4092775,1844
4092786,1840
4092796,1837
4092807,1828
4092817,1825
4092828,1819
4092838,1811
4092849,1808
4092860,1808
4092870,1795
4092881,1791
4092891,1791
4092902,1790
4092912,1783
4092923,1777
4092933,1774
4092944,1776
4092954,1763
4092965,1761
4092975,1749
4092986,1747
4092996,1748
4093007,1741
4093017,1738
4093028,1735
4093039,1727
4093049,1713
4093060,1710
4093070,1694
4093081,1699
4093091,1691
4093102,1682
4093112,1679
4093123,1666
4093133,1663
4093144,1662
4093154,1657
4093165,1649
4093175,1645
4093186,1637
4093196,1632
4093207,1629
4093218,1622
4093228,1621
4093239,1619
4093249,1612
4093260,1616
4093270,1611
4093281,1605
4093291,1604
4093302,1605
4093312,1600
4093323,1600
4093333,1602
4093344,1600
4093354,1595
4093365,1596
4093376,1597
4093386,1594
4093397,1588
4093407,1587
4093418,1588
4093428,1584
4093439,1579
4093449,1583
4093460,1584
4093470,1581
4093481,1575
4093491,1580
4093502,1570
4093512,1572
4093523,1569
4093533,1574
4093544,1569
4093555,1558
4093565,1563
4093576,1554
4093586,1535
4093597,1535
4093607,1535
4093618,1535
4093628,1535
4093639,1535
4093649,1534
4093660,1533
4093670,1535
4093681,1553
4093691,1533
4093702,1526
4093712,1526
4093723,1531
4093734,1522
4093744,1527
4093755,1523
4093765,1520
4093776,1535
4093786,1517
4093797,1522
4093807,1520
4093818,1520
4093828,1518
4093839,1517
4093849,1519
4093860,1519
4093870,1514
4093881,1508
4093892,1506
4093902,1506
4093913,1503
4093923,1514
4093934,1505
4093944,1503
4093955,1503
4093965,1503
4093976,1501
4093986,1498
4093997,1497
4094007,1491
4094018,1495
4094028,1491
4094039,1494
4094049,1494
4094060,1490
4094071,1488
4094081,1488
4094092,1488
4094102,1491
4094113,1488
4094123,1487
4094134,1488
4094144,1488
4094155,1488
4094165,1488
4094176,1488
4094186,1482
4094197,1488
4094207,1481
4094218,1486
4094229,1482
4094239,1488
4094250,1477
4094260,1483
4094271,1485
4094281,1482
4094292,1483
4094302,1478
4094313,1481
4094323,1479
4094334,1484
4094344,1475
4094355,1488
4094365,1482
4094376,1478
4094386,1482
4094397,1475
4094408,1484
4094418,1479
4094429,1485
4094439,1483
4094450,1478
4094460,1478
4094471,1483
4094481,1482
4094492,1478
4094502,1482
4094513,1482
4094523,1483
4094534,1485
4094544,1486
4094555,1486
4094565,1481
4094576,1478
4094587,1480
4094597,1485
4094608,1488
4094618,1483
4094629,1477
4094639,1488
4094650,1488
4094660,1485
4094671,1482
4094681,1488
4094692,1487
4094702,1487
4094713,1486
4094723,1486
4094734,1486
4094744,1489
4094755,1485
4094766,1488
4094776,1483
4094787,1488
4094797,1487
4094808,1487
4094818,1481
4094829,1490
4094839,1488
4094850,1489
4094860,1488
4094871,1489
4094881,1484
4094892,1497
4094902,1487
4094913,1492
4094924,1488
4094934,1490
4094945,1489
4094955,1491
4094966,1494
4094976,1493
4094987,1495
4094997,1497
4095008,1494
4095018,1488
4095029,1495
4095039,1497
4095050,1493
4095060,1506
4095071,1499
4095081,1499
4095092,1497
4095103,1503
4095113,1499
4095124,1500
4095134,1502
4095145,1507
4095155,1505
4095166,1509
4095176,1504
4095187,1504
4095197,1510
4095208,1507
4095218,1514
4095229,1514
4095239,1510
4095250,1509
4095260,1511
4095271,1517
4095282,1514
4095292,1518
4095303,1520
4095313,1520
4095324,1524
4095334,1525
4095345,1529
4095355,1525
4095366,1534
4095376,1525
4095387,1533
4095397,1535
4095408,1535
4095418,1530
4095429,1533
4095440,1535
4095450,1535
4095461,1535
4095471,1535
4095482,1535
4095492,1535
4095503,1535
4095513,1555
4095524,1560
4095534,1563
4095545,1567
4095555,1573
4095566,1574
4095576,1577
4095587,1570
4095597,1574
4095608,1579
4095619,1588
4095629,1586
4095640,1593
4095650,1589
4095661,1600
4095671,1599
4095682,1607
4095692,1607
4095703,1613
4095713,1613
4095724,1620
4095734,1626
4095745,1632
4095755,1642
4095766,1645
4095776,1651
4095787,1649
4095798,1659
4095808,1665
4095819,1673
4095829,1669
4095840,1680
4095850,1679
4095861,1689
4095871,1696
4095882,1701
4095892,1707
4095903,1715
4095913,1718
4095924,1729
4095934,1728
4095945,1730
4095956,1744
4095966,1746
4095977,1761
4095987,1757
4095998,1764
4096008,1765
4096019,1775
4096029,1786
4096040,1792
4096050,1801
4096061,1808
4096071,1817
4096082,1823
4096092,1826
4096103,1846
4096113,1842
4096124,1854
4096135,1862
4096145,1869
4096156,1873
4096166,1883
4096177,1904
4096187,1907
4096198,1911
4096208,1931
4096219,1938
4096229,1951
4096240,1958
4096250,1969
4096261,1987
4096271,1987
4096282,1995
4096292,2007
4096303,2015
4096314,2029
4096324,2035
4096335,2047
4096345,2055
4096356,2062
4096366,2065
4096377,2081
4096387,2080
4096398,2090
4096408,2096
4096419,2105
4096429,2113
4096440,2121
4096450,2131
4096461,2133
4096472,2143
4096482,2145
4096493,2151
4096503,2158
4096514,2160
4096524,2163
4096535,2162
4096545,2178
4096556,2173
4096566,2177
4096578,2186
4096588,2181
4096599,2178
4096609,2179
4096620,2185
4096630,2183
4096641,2188
4096651,2181
4096662,2191
4096673,2187
4096683,2186
4096694,2192
4096704,2185
4096715,2183
4096725,2189
4096736,2191
4096746,2192
4096757,2190
4096767,2192
4096778,2194
4096788,2199
4096799,2190
4096809,2192
4096820,2195
4096830,2192
4096841,2198
4096852,2198
4096862,2197
4096873,2191
4096883,2194
4096894,2193
4096904,2186
4096915,2192
4096925,2199
4096936,2192
4096946,2192
4096957,2183
4096967,2181
4096978,2176
4096988,2183
4096999,2183
4097010,2176
4097020,2179
4097031,2175
4097041,2181
4097052,2178
4097062,2177
4097073,2178
4097083,2178
4097094,2178
4097104,2181
4097115,2182
4097125,2176
4097136,2176
4097146,2171
4097157,2174
4097167,2173
4097178,2169
4097189,2167
4097199,2169
4097210,2161
4097220,2161
4097231,2160
4097241,2160
4097252,2159
4097262,2160
4097273,2157
4097283,2147
4097294,2149
4097304,2163
4097315,2142
4097325,2140
4097336,2131
4097347,2127
4097357,2121
4097368,2118
4097378,2119
4097389,2112
4097399,2107
4097410,2110
4097420,2109
4097431,2096
4097441,2093
4097452,2089
4097462,2095
4097473,2075
4097483,2074
4097494,2067
4097504,2065
4097515,2063
4097526,2053
4097536,2042
4097547,2035
4097557,2039
4097568,2030
4097578,2033
4097589,2032
4097599,2023
4097610,2015
4097620,2015
4097631,2005
4097641,2006
4097652,2002
4097662,1995
4097673,1986
4097683,1969
4097694,1971
4097705,1968
4097715,1966
4097726,1959
4097736,1953
4097747,1952
4097757,1949
4097768,1937
4097778,1939
4097789,1936
4097799,1934
4097810,1925
4097820,1921
4097831,1914
4097841,1911
4097852,1905
4097863,1904
4097873,1902
4097884,1894
4097894,1895
4097905,1890
4097915,1888
4097926,1886
4097936,1884
4097947,1875
4097957,1874
4097968,1872
4097978,1866
4097989,1861
4097999,1861
4098010,1856
4098020,1855
4098031,1845
4098042,1839
4098052,1840
4098063,1840
4098073,1830
4098084,1830
4098094,1818
4098105,1812
4098115,1808
4098126,1807
4098136,1799
4098147,1791
4098157,1783
4098168,1779
4098178,1777
4098189,1772
4098199,1774
4098210,1764
4098221,1759
4098231,1751
4098242,1745
4098252,1744
4098263,1739
4098273,1735
4098284,1728
4098294,1716
4098305,1709
4098315,1708
4098326,1695
4098336,1681
4098347,1680
4098357,1675
4098368,1669
4098379,1663
4098389,1659
4098400,1651
4098410,1645
4098421,1639
4098431,1631
4098442,1630
4098452,1619
4098463,1608
4098473,1615
4098484,1603
4098494,1600
4098505,1590
4098515,1588
4098526,1585
4098536,1555
4098547,1580
4098558,1574
4098568,1568
4098579,1575
4098589,1565
4098600,1567
4098610,1557
4098621,1556
4098631,1535
4098642,1553
4098652,1535
4098663,1535
4098673,1535
4098684,1535
4098694,1535
4098705,1535
4098715,1525
4098726,1521
4098737,1526
4098747,1522
4098758,1522
4098768,1520
4098779,1520
4098789,1511
4098800,1514
4098810,1503
4098821,1504
4098831,1501
4098842,1503
4098852,1503
4098863,1510
4098873,1500
4098884,1489
4098895,1491
4098905,1489
4098916,1493
4098926,1488
4098937,1493
4098947,1488
4098958,1485
4098968,1486
4098979,1486
4098989,1482
4099000,1479
4099010,1479
4099021,1478
4099031,1478
4099042,1475
4099052,1475
4099063,1474
4099074,1470
4099084,1471
4099095,1477
4099105,1472
4099116,1466
4099126,1470
4099137,1471
4099147,1472
4099158,1471
4099168,1470
4099179,1470
4099189,1469
4099200,1472
4099210,1474
4099221,1471
4099231,1469
4099242,1473
4099253,1472
4099263,1471
4099274,1473
4099284,1471
4099295,1470
4099305,1470
4099316,1472
4099326,1471
4099337,1471
4099347,1471
4099358,1465
4099368,1474
4099379,1470
4099389,1472
4099400,1475
4099411,1473
4099421,1474
4099432,1443
4099442,1472
4099453,1472
4099463,1473
4099474,1475
4099484,1471
4099495,1473
4099505,1472
4099516,1481
4099526,1476
4099537,1474
4099547,1479
4099558,1478
4099568,1477
4099579,1488
4099590,1486
4099600,1487
4099611,1484
4099621,1479
4099632,1482
4099642,1479
4099653,1488
4099663,1485
4099674,1487
4099684,1485
4099695,1485
4099705,1488
4099716,1488
4099726,1488
4099737,1488
4099747,1487
4099758,1488
4099769,1487
4099779,1492
4099790,1494
4099800,1493
4099811,1492
4099821,1490
4099832,1490
4099842,1498
4099853,1495
4099863,1489
4099874,1490
4099884,1495
4099895,1500
4099905,1495
4099916,1501
4099927,1505
4099937,1506
4099948,1502
4099958,1498
4099969,1494
4099979,1497
4099990,1503
4100000,1503
4100011,1505
4100021,1502
4100032,1505
4100042,1506
4100053,1509
4100063,1497
4100074,1499
4100084,1507
4100095,1506
4100106,1505
4100116,1509
4100127,1500
4100137,1506
4100148,1503
4100158,1504
4100169,1505
4100179,1506
4100190,1501
4100200,1506
4100211,1504
4100221,1504
4100232,1504
4100242,1508
4100253,1511
4100263,1503
4100274,1497
4100285,1506
4100295,1504
4100306,1504
4100316,1500
4100327,1502
4100337,1507
4100348,1506
4100358,1506
4100369,1506
4100379,1517
4100390,1509
4100400,1504
4100411,1503
4100421,1508
4100432,1505
4100443,1504
4100453,1505
4100464,1507
4100474,1504
4100485,1510
4100495,1503
4100506,1507
4100516,1506
4100527,1501
4100537,1507
4100548,1506
4100558,1502
4100569,1504
4100579,1503
4100590,1502
4100600,1503
4100611,1510
4100622,1503
4100632,1508
4100643,1501
4100653,1505
4100664,1504
4100674,1503
4100685,1509
4100695,1508
4100706,1508
4100716,1511
4100727,1511
4100737,1513
4100748,1509
4100758,1515
4100769,1520
4100779,1515
4100790,1519
4100801,1520
4100811,1521
4100822,1520
4100832,1522
4100843,1520
4100853,1523
4100864,1523
4100874,1522
4100885,1519
4100895,1523
4100906,1521
4100916,1522
4100927,1520
4100937,1530
4100948,1524
4100959,1523
4100969,1520
4100980,1523
4100990,1529
4101001,1520
4101011,1529
4101022,1531
4101032,1529
4101043,1529
4101053,1535
4101064,1531
4101074,1535
4101085,1534
4101095,1535
4101106,1532
4101116,1535
4101127,1535
4101138,1535
4101148,1535
4101159,1535
4101169,1535
4101180,1557
4101190,1553
4101201,1554
4101211,1559
4101222,1559
4101232,1564
4101243,1568
4101253,1569
4101264,1570
4101274,1579
4101285,1579
4101295,1582
4101306,1584
4101317,1584
4101327,1590
4101338,1584
4101348,1590
4101359,1593
4101369,1603
4101380,1606
4101390,1609
4101401,1607
4101411,1611
4101422,1616
4101432,1616
4101443,1616
4101453,1640
4101464,1616
4101475,1621
4101485,1627
4101496,1630
4101506,1631
4101517,1639
4101527,1637
4101538,1636
4101548,1648
4101559,1647
4101569,1653
4101580,1655
4101590,1657
4101601,1659
4101611,1666
4101622,1668
4101632,1674
4101643,1679
4101654,1680
4101664,1685
4101675,1698
4101685,1695
4101696,1706
4101706,1714
4101717,1723
4101727,1728
4101738,1728
4101748,1743
4101759,1746
4101769,1744
4101780,1746
4101790,1759
4101801,1761
4101811,1769
4101822,1776
4101833,1791
4101843,1799
4101854,1807
4101864,1811
4101875,1822
4101885,1833
4101896,1843
4101906,1856
4101917,1865
4101927,1882
4101938,1888
4101948,1901
4101959,1904
4101969,1920
4101980,1920
4101991,1940
4102001,1949
4102012,1963
4102022,1971
4102033,1982
4102043,1990
4102054,2000
4102064,1998
4102075,2017
4102085,2018
4102096,2027
4102106,2033
4102117,2038
4102127,2058
4102138,2064
4102148,2075
4102159,2083
4102170,2096
4102180,2101
4102191,2094
4102201,2108
4102212,2121
4102222,2126
4102233,2131
4102243,2131
4102254,2143
4102264,2146
4102275,2153
4102285,2157
4102296,2160
4102306,2163
4102317,2170
4102327,2171
4102338,2176
4102349,2189
4102359,2182
4102370,2188
4102380,2189
4102391,2192
4102401,2197
4102412,2196
4102422,2192
4102434,2202
4102444,2206
4102455,2205
4102465,2202
4102476,2204
4102486,2208
4102497,2205
4102507,2207
4102518,2209
4102529,2218
4102539,2200
4102550,2208
4102560,2203
4102571,2203
4102581,2199
4102592,2197
4102602,2203
4102613,2202
4102623,2199
4102634,2197
4102644,2202
4102655,2198
4102665,2198
4102676,2197
4102686,2192
4102697,2195
4102708,2194
4102718,2195
4102729,2192
4102739,2192
4102750,2192
4102760,2190
4102771,2187
4102781,2192
4102792,2185
4102802,2183
4102813,2189
4102823,2187
4102834,2191
4102844,2191
4102855,2180
4102866,2182
4102876,2186
4102887,2177
4102897,2176
4102908,2179
4102918,2178
4102929,2176
4102939,2181
4102950,2179
4102960,2179
4102971,2178
4102981,2178
4102992,2179
4103002,2175
4103013,2178
4103023,2177
4103034,2175
4103045,2176
4103055,2179
4103066,2175
4103076,2175
4103087,2176
4103097,2170
4103108,2181
4103118,2174
4103129,2176
4103139,2176
4103150,2177
4103160,2174
4103171,2176
4103181,2171
4103192,2171
4103202,2165
4103213,2165
4103224,2166
4103234,2169
4103245,2163
4103255,2161
4103266,2160
4103276,2157
4103287,2156
4103297,2153
4103308,2149
4103318,2149
4103329,2141
4103339,2124
4103350,2130
4103360,2124
4103371,2117
4103382,2118
4103392,2113
4103403,2107
4103413,2112
4103424,2102
4103434,2103
4103445,2097
4103455,2093
4103466,2094
4103476,2087
4103487,2081
4103497,2079
4103508,2074
4103518,2059
4103529,2061
4103539,2043
4103550,2034
4103561,2033
4103571,2034
4103582,2032
4103592,2025
4103603,2027
4103613,2025
4103624,2015
4103634,2000
4103645,2009
4103655,2004
4103666,2000
4103676,1991
4103687,1985
4103697,1981
4103708,1967
4103718,1968
4103729,1966
4103740,1968
4103750,1958
4103761,1955
4103771,1948
4103782,1940
4103792,1940
4103803,1935
4103813,1942
4103824,1927
4103834,1917
4103845,1914
4103855,1904
4103866,1903
4103876,1902
4103887,1891
4103898,1888
4103908,1879
4103919,1873
4103929,1867
4103940,1863
4103950,1856
4103961,1853
4103971,1840
4103982,1831
4103992,1826
4104003,1823
4104013,1813
4104024,1808
4104034,1805
4104045,1792
4104055,1785
4104066,1791
4104077,1781
4104087,1776
4104098,1765
4104108,1767
4104119,1765
4104129,1756
4104140,1750
4104150,1745
4104161,1743
4104171,1737
4104182,1742
4104192,1728
4104203,1722
4104213,1707
4104224,1705
4104234,1703
4104245,1687
4104256,1684
4104266,1678
4104277,1674
4104287,1673
4104298,1664
4104308,1664
4104319,1651
4104329,1647
4104340,1639
4104350,1635
4104361,1623
4104371,1623
4104382,1618
4104392,1622
4104403,1605
4104414,1603
4104424,1600
4104435,1600
4104445,1589
4104456,1586
4104466,1580
4104477,1579
4104487,1582
4104498,1573
4104508,1577
4104519,1574
4104529,1570
4104540,1566
4104550,1568
4104561,1558
4104571,1559
4104582,1535
4104593,1555
4104603,1535
4104614,1535
4104624,1557
4104635,1535
4104645,1535
4104656,1535
4104666,1532
4104677,1533
4104687,1531
4104698,1533
4104708,1535
4104719,1531
4104729,1527
4104740,1523
4104750,1520
4104761,1515
4104772,1511
4104782,1517
4104793,1520
4104803,1518
4104814,1517
4104824,1509
4104835,1515
4104845,1510
4104856,1506
4104866,1507
4104877,1504
4104887,1505
4104898,1511
4104908,1502
4104919,1501
4104930,1503
4104940,1499
4104951,1498
4104961,1495
4104972,1495
4104982,1499
4104993,1503
4105003,1488
4105014,1499
4105024,1488
4105035,1503
4105045,1489
4105056,1489
4105066,1497
4105077,1491
4105087,1495
4105098,1493
4105109,1491
4105119,1493
4105130,1495
4105140,1494
4105151,1497
4105161,1493
4105172,1493
4105182,1497
4105193,1492
4105203,1490
4105214,1497
4105224,1491
4105235,1491
4105245,1492
4105256,1497
4105266,1495
4105277,1490
4105288,1497
4105298,1490
4105309,1519
4105319,1501
4105330,1494
4105340,1490
4105351,1495
4105361,1493
4105372,1490
4105382,1493
4105393,1489
4105403,1495
4105414,1489
4105424,1488
4105435,1488
4105446,1489
4105456,1492
4105467,1492
4105477,1488
4105488,1490
4105498,1489
4105509,1494
4105519,1490
4105530,1493
4105540,1492
4105551,1488
4105561,1488
4105572,1487
4105582,1490
4105593,1489
4105603,1490
4105614,1489
4105625,1489
4105635,1489
4105646,1487
4105656,1486
4105667,1488
4105677,1493
4105688,1488
4105698,1488
4105709,1490
4105719,1485
4105730,1489
4105740,1491
4105751,1489
4105761,1488
4105772,1491
4105782,1492
4105793,1490
4105804,1491
4105814,1491
4105825,1488
4105835,1488
4105846,1492
4105856,1491
4105867,1488
4105877,1490
4105888,1492
4105898,1493
4105909,1495
4105919,1497
4105930,1495
4105940,1497
4105951,1497
4105962,1495
4105972,1501
4105983,1505
4105993,1504
4106004,1488
4106014,1507
4106025,1511
4106035,1506
4106046,1510
4106056,1516
4106067,1506
4106077,1515
4106088,1514
4106098,1519
4106109,1518
4106119,1517
4106130,1520
4106141,1521
4106151,1523
4106162,1520
4106172,1524
4106183,1523
4106193,1527
4106204,1526
4106214,1523
4106225,1526
4106235,1522
4106246,1535
4106256,1527
4106267,1535
4106277,1531
4106288,1534
4106298,1532
4106309,1533
4106320,1535
4106330,1535
4106341,1535
4106351,1535
4106362,1535
4106372,1535
4106383,1535
4106393,1535
4106404,1535
4106414,1535
4106425,1535
4106435,1535
4106446,1535
4106456,1555
4106467,1556
4106478,1553
4106488,1557
4106499,1559
4106509,1559
4106520,1565
4106530,1584
4106541,1563
4106551,1569
4106562,1577
4106572,1571
4106583,1567
4106593,1574
4106604,1569
4106614,1583
4106625,1579
4106635,1583
4106646,1584
4106657,1586
4106667,1584
4106678,1584
4106688,1584
4106699,1582
4106709,1584
4106720,1586
4106730,1588
4106741,1586
4106751,1587
4106762,1597
4106772,1591
4106783,1585
4106793,1593
4106804,1595
4106814,1593
4106825,1595
4106836,1584
4106846,1594
4106857,1595
4106867,1600
4106878,1581
4106888,1600
4106899,1603
4106909,1603
4106920,1602
4106930,1605
4106941,1605
4106951,1607
4106962,1604
4106972,1616
4106983,1602
4106994,1615
4107004,1616
4107015,1615
4107025,1621
4107036,1629
4107046,1632
4107057,1634
4107067,1634
4107078,1639
4107088,1642
4107099,1641
4107109,1646
4107120,1636
4107130,1638
4107141,1644
4107151,1647
4107162,1647
4107173,1650
4107183,1646
4107194,1647
4107204,1645
4107215,1645
4107225,1658
4107236,1648
4107246,1651
4107257,1650
4107267,1649
4107278,1654
4107288,1657
4107299,1659
4107309,1661
4107320,1661
4107330,1660
4107341,1658
4107352,1659
4107362,1660
4107373,1661
4107383,1664
4107394,1664
4107404,1671
4107415,1666
4107425,1666
4107436,1667
4107446,1666
4107457,1674
4107467,1677
4107478,1678
4107488,1671
4107499,1671
4107510,1675
4107520,1671
4107531,1674
4107541,1676
4107552,1680
4107562,1676
4107573,1678
4107583,1677
4107594,1677
4107604,1679
4107615,1671
4107625,1679
4107636,1680
4107646,1678
4107657,1676
4107667,1681
4107678,1680
4107689,1678
4107699,1680
4107710,1680
4107720,1675
4107731,1680
4107741,1677
4107752,1680
4107762,1686
4107773,1682
4107783,1679
4107794,1679
4107804,1680
4107815,1679
4107825,1679
4107836,1677
4107846,1679
4107857,1680
4107868,1676
4107878,1680
4107889,1677
4107899,1680
4107910,1680
4107920,1675
4107931,1677
4107941,1679
4107952,1677
4107962,1678
4107973,1678
4107983,1677
4107994,1673
4108004,1670
4108015,1678
4108026,1669
4108036,1671
4108047,1671
4108057,1669
4108068,1664
4108078,1671
4108089,1673
4108099,1665
4108110,1674
4108120,1667
4108131,1664
4108141,1664
4108152,1658
4108162,1660
4108173,1663
4108183,1664
4108194,1662
4108205,1663
4108215,1664
4108226,1662
4108236,1658
4108247,1657
4108257,1654
4108268,1651
4108278,1654
4108290,1657
4108300,1658
4108311,1649
4108321,1649
4108332,1647
4108342,1644
4108353,1644
4108363,1647
4108374,1641
4108385,1646
4108395,1634
4108406,1641
4108416,1634
4108427,1637
4108437,1638
4108448,1643
4108458,1634
4108469,1631
4108479,1623
4108490,1631
4108500,1616
4108511,1618
4108521,1620
4108532,1614
4108542,1613
4108553,1610
4108564,1602
4108574,1600
4108585,1600
4108595,1593
4108606,1599
4108616,1586
4108627,1585
4108637,1582
4108648,1568
4108658,1574
4108669,1573
4108679,1569
4108690,1568
4108700,1565
4108711,1559
4108721,1558
4108732,1556
4108743,1535
4108753,1553
4108764,1535
4108774,1535
4108785,1535
4108795,1535
4108806,1535
4108816,1535
4108827,1531
4108837,1534
4108848,1522
4108858,1520
4108869,1520
4108879,1513
4108890,1506
4108901,1505
4108911,1509
4108922,1507
4108932,1505
4108943,1503
4108953,1497
4108964,1494
4108974,1488
4108985,1488
4108995,1488
4109006,1478
4109016,1486
4109027,1479
4109037,1478
4109048,1481
4109058,1473
4109069,1475
4109080,1477
4109090,1472
4109101,1471
4109111,1472
4109122,1471
4109132,1469
4109143,1472
4109153,1465
4109164,1468
4109174,1467
4109185,1463
4109195,1464
4109206,1462
4109216,1465
4109227,1466
4109237,1461
4109248,1461
4109259,1456
4109269,1456
4109280,1456
4109290,1456
4109301,1454
4109311,1451
4109322,1451
4109332,1458
4109343,1452
4109353,1451
4109364,1455
4109374,1442
4109385,1451
4109395,1445
4109406,1455
4109417,1450
4109427,1453
4109438,1447
4109448,1447
4109459,1447
4109469,1450
4109480,1451
4109490,1455
4109501,1445
4109511,1451
4109522,1446
4109532,1447
4109543,1449
4109553,1439
4109564,1449
4109574,1453
4109585,1458
4109596,1443
4109606,1445
4109617,1442
4109627,1441
4109638,1439
4109648,1439
4109659,1445
4109669,1439
4109680,1450
4109690,1442
4109701,1443
4109711,1443
4109722,1443
4109732,1442
4109743,1445
4109753,1444
4109764,1442
4109775,1443
4109785,1439
4109796,1446
4109806,1441
4109817,1441
4109827,1447
4109838,1447
4109848,1445
4109859,1452
4109869,1450
4109880,1453
4109890,1452
4109901,1451
4109911,1456
4109922,1456
4109933,1457
4109943,1461
4109954,1452
4109964,1459
4109975,1457
4109985,1458
4109996,1459
4110006,1467
4110017,1463
4110027,1465
4110038,1472
4110048,1472
4110059,1472
4110069,1475
4110080,1475
4110090,1477
4110101,1477
4110112,1481
4110122,1483
4110133,1488
4110143,1489
4110154,1491
4110164,1489
4110175,1489
4110185,1502
4110196,1505
4110206,1510
4110217,1509
4110227,1509
4110238,1507
4110248,1511
4110259,1509
4110269,1513
4110280,1519
4110291,1519
4110301,1511
4110312,1520
4110322,1520
4110333,1519
4110343,1527
4110354,1525
4110364,1525
4110375,1522
4110385,1522
4110396,1524
4110406,1526
4110417,1527
4110427,1527
4110438,1523
4110449,1535
4110459,1525
4110470,1529
4110480,1529
4110491,1535
4110501,1535
4110512,1532
4110522,1535
4110533,1535
4110543,1535
4110554,1535
4110564,1533
4110575,1531
4110585,1531
4110596,1533
4110606,1535
4110617,1531
4110628,1535
4110638,1535
4110649,1535
4110659,1535
4110670,1535
4110680,1535
4110691,1535
4110701,1535
4110712,1535
4110722,1535
4110733,1555
4110743,1535
4110754,1535
4110764,1533
4110775,1535
4110785,1535
4110796,1535
4110807,1535
4110817,1535
4110828,1535
4110838,1535
4110849,1535
4110859,1535
4110870,1535
4110880,1535
4110891,1535
4110901,1535
4110912,1535
4110922,1535
4110933,1531
4110943,1535
4110954,1534
4110965,1533
4110975,1534
4110986,1535
4110996,1526
4111007,1527
4111017,1530
4111028,1531
4111038,1527
4111049,1531
4111059,1530
4111070,1526
4111080,1527
4111091,1526
4111101,1530
4111112,1526
4111122,1527
4111133,1521
4111144,1522
4111154,1525
4111165,1523
4111175,1522
4111186,1523
4111196,1520
4111207,1526
4111217,1520
4111228,1519
4111238,1524
4111249,1520
4111259,1520
4111270,1520
4111280,1522
4111291,1519
4111301,1522
4111312,1521
4111323,1520
4111333,1523
4111344,1520
4111354,1520
4111365,1520
4111375,1520
4111386,1519
4111396,1520
4111407,1520
4111417,1522
4111428,1518
4111438,1519
4111449,1520
4111459,1519
4111470,1514
4111481,1517
4111491,1517
4111502,1519
4111512,1523
4111523,1516
4111533,1520
4111544,1514
4111554,1519
4111565,1522
4111575,1525
4111586,1522
4111596,1520
4111607,1519
4111617,1520
4111628,1520
4111638,1525
4111649,1521
4111660,1523
4111670,1525
4111681,1527
4111691,1530
4111702,1527
4111712,1524
4111723,1531
4111733,1531
4111744,1535
4111754,1534
4111765,1535
4111775,1535
4111786,1535
4111796,1535
4111807,1534
4111817,1535
4111828,1535
4111839,1535
4111849,1535
4111860,1535
4111870,1535
4111881,1535
4111891,1535
4111902,1535
4111912,1535
4111923,1535
4111933,1535
4111944,1535
4111954,1555
4111965,1553
4111975,1552
4111986,1557
4111997,1557
4112007,1562
4112018,1559
4112028,1555
4112039,1557
4112049,1578
4112060,1567
4112070,1565
4112081,1567
4112091,1568
4112102,1575
4112112,1573
4112123,1574
4112133,1583
4112144,1584
4112154,1580
4112165,1582
4112176,1582
4112186,1594
4112197,1584
4112207,1597
4112218,1599
4112228,1602
4112239,1601
4112249,1605
4112260,1610
4112270,1613
4112281,1616
4112291,1618
4112302,1632
4112312,1633
4112323,1634
4112333,1634
4112344,1645
4112355,1633
4112365,1641
4112376,1648
4112386,1648
4112397,1648
4112407,1649
4112418,1654
4112428,1663
4112439,1658
4112449,1664
4112460,1671
4112470,1670
4112481,1665
4112491,1677
4112502,1682
4112513,1670
4112523,1683
4112534,1682
4112544,1686
4112555,1690
4112565,1691
4112576,1690
4112586,1693
4112597,1708
4112607,1704
4112618,1708
4112628,1707
4112639,1712
4112649,1710
4112660,1712
4112670,1717
4112681,1716
4112692,1719
4112702,1720
4112713,1713
4112723,1724
4112734,1727
4112744,1727
4112755,1729
4112765,1728
4112776,1731
4112786,1737
4112797,1732
4112807,1733
4112818,1730
4112828,1738
4112839,1741
4112849,1739
4112860,1738
4112871,1742
4112881,1742
4112892,1757
4112902,1739
4112913,1744
4112923,1738
4112934,1743
4112944,1738
4112955,1738
4112965,1741
4112976,1735
4112986,1744
4112997,1743
4113007,1742
4113018,1744
4113029,1745
4113039,1747
4113050,1741
4113060,1744
4113071,1745
4113081,1744
4113092,1744
4113102,1744
4113113,1743
4113123,1746
4113134,1745
4113144,1744
4113155,1744
4113165,1744
4113176,1746
4113186,1743
4113197,1743
4113208,1745
4113218,1742
4113229,1742
4113239,1744
4113250,1744
4113260,1743
4113271,1744
4113281,1745
4113292,1746
4113302,1734
4113313,1746
4113323,1744
4113334,1735
4113344,1741
4113355,1738
4113365,1740
4113376,1741
4113387,1739
4113397,1738
4113408,1734
4113418,1734
4113429,1734
4113439,1739
4113450,1738
4113460,1735
4113471,1736
4113481,1721
4113492,1739
4113502,1729
4113513,1728
4113523,1728
4113534,1726
4113545,1727
4113555,1731
4113566,1727
4113576,1726
4113587,1727
4113597,1725
4113608,1723
4113618,1723
4113629,1725
4113639,1719
4113650,1727
4113660,1719
4113671,1721
4113681,1721
4113692,1717
4113702,1715
4113713,1713
4113724,1718
4113734,1715
4113745,1718
4113755,1712
4113766,1713
4113776,1712
4113787,1716
4113797,1710
4113808,1712
4113818,1710
4113829,1707
4113839,1706
4113850,1712
4113860,1708
4113871,1709
4113881,1702
4113892,1698
4113903,1703
4113913,1701
4113924,1697
4113934,1702
4113945,1704
4113955,1703
4113966,1699
4113976,1699
4113987,1693
4113997,1697
4114008,1697
4114018,1691
4114029,1694
4114039,1695
4114050,1683
4114061,1692
4114071,1685
4114082,1686
4114092,1682
4114103,1684
4114113,1681
4114124,1679
4114134,1680
4114146,1678
4114156,1678
4114167,1678
4114177,1670
4114188,1674
4114198,1670
4114209,1675
4114219,1670
4114230,1666
4114240,1665
4114251,1670
4114262,1664
4114272,1667
4114283,1662
4114293,1655
4114304,1658
4114314,1662
4114325,1660
4114335,1661
4114346,1659
4114356,1654
4114367,1654
4114377,1652
4114388,1664
4114398,1649
4114409,1648
4114420,1648
4114430,1648
4114441,1639
4114451,1639
4114462,1638
4114472,1637
4114483,1642
4114493,1636
4114504,1632
4114514,1632
4114525,1629
4114535,1623
4114546,1625
4114556,1621
4114567,1619
4114577,1616
4114588,1617
4114599,1612
4114609,1616
4114620,1609
4114630,1600
4114641,1600
4114651,1601
4114662,1600
4114672,1597
4114683,1595
4114693,1587
4114704,1591
4114714,1585
4114725,1591
4114735,1584
4114746,1584
4114756,1583
4114767,1583
4114778,1587
4114788,1584
4114799,1578
4114809,1575
4114820,1582
4114830,1574
4114841,1579
4114851,1574
4114862,1574
4114872,1568
4114883,1575
4114893,1573
4114904,1574
4114914,1571
4114925,1579
4114936,1569
4114946,1567
4114957,1570
4114967,1563
4114978,1570
4114988,1566
4114999,1559
4115009,1555
4115020,1560
4115030,1553
4115041,1552
4115051,1553
4115062,1535
4115072,1535
4115083,1535
4115093,1535
4115104,1535
4115115,1535
4115125,1532
4115136,1527
4115146,1529
4115157,1528
4115167,1523
4115178,1519
4115188,1524
4115199,1519
4115209,1514
4115220,1518
4115230,1517
4115241,1511
4115251,1506
4115262,1504
4115272,1502
4115283,1505
4115294,1504
4115304,1499
4115315,1497
4115325,1498
4115336,1491
4115346,1488
4115357,1488
4115367,1488
4115378,1482
4115388,1479
4115399,1479
4115409,1481
4115420,1475
4115430,1477
4115441,1473
4115452,1475
4115462,1472
4115473,1471
4115483,1471
4115494,1467
4115504,1467
4115515,1461
4115525,1469
4115536,1465
4115546,1471
4115557,1459
4115567,1456
4115578,1460
4115588,1462
4115599,1456
4115609,1459
4115620,1459
4115631,1456
4115641,1456
4115652,1456
4115662,1456
4115673,1454
4115683,1456
4115694,1455
4115704,1456
4115715,1456
4115725,1460
4115736,1433
4115746,1456
4115757,1456
4115767,1455
4115778,1456
4115788,1450
4115799,1456
4115810,1456
4115820,1456
4115831,1456
4115841,1456
4115852,1456
4115862,1456
4115873,1457
4115883,1456
4115894,1462
4115904,1456
4115915,1456
4115925,1470
4115936,1456
4115946,1457
4115957,1458
4115968,1456
4115978,1459
4115989,1458
4115999,1459
4116010,1460
4116020,1457
4116031,1455
4116041,1459
4116052,1462
4116062,1462
4116073,1463
4116083,1465
4116094,1463
4116104,1463
4116115,1461
4116125,1461
4116136,1463
4116147,1468
4116157,1471
4116168,1469
4116178,1471
4116189,1472
4116199,1472
4116210,1472
4116220,1473
4116231,1474
4116241,1479
4116252,1479
4116262,1478
4116273,1486
4116283,1486
4116294,1488
4116304,1485
4116315,1491
4116326,1493
4116336,1488
4116347,1493
4116357,1493
4116368,1493
4116378,1500
4116389,1502
4116399,1499
4116410,1505
4116420,1511
4116431,1516
4116441,1521
4116452,1519
4116462,1518
4116473,1533
4116484,1534
4116494,1532
4116505,1535
4116515,1535
4116526,1535
4116536,1535
4116547,1561
4116557,1575
4116568,1582
4116578,1585
4116589,1594
4116599,1597
4116610,1604
4116620,1616
4116631,1622
4116641,1629
4116652,1644
4116663,1648
4116673,1663
4116684,1677
4116694,1685
4116705,1690
4116715,1708
4116726,1719
4116736,1725
4116747,1738
4116757,1739
4116768,1745
4116778,1757
4116789,1762
4116799,1773
4116810,1777
4116820,1792
4116831,1797
4116842,1808
4116852,1813
4116863,1822
4116873,1830
4116884,1841
4116894,1847
4116905,1850
4116915,1865
4116926,1873
4116936,1878
4116947,1883
4116957,1893
4116968,1907
4116978,1917
4116989,1922
4117000,1931
4117010,1936
4117021,1966
4117031,1975
4117042,1978
4117052,1995
4117063,2000
4117073,2009
4117084,2020
4117094,2035
4117105,2044
4117115,2064
4117126,2071
4117136,2081
4117147,2096
4117157,2115
4117168,2144
4117179,2146
4117189,2161
4117200,2172
4117210,2207
4117221,2213
4117231,2231
4117242,2241
4117252,2253
4117263,2260
4117273,2278
4117284,2290
4117294,2301
4117305,2307
4117315,2320
4117326,2334
4117336,2339
4117347,2357
4117358,2370
4117368,2387
4117379,2395
4117389,2403
4117400,2415
4117410,2420
4117421,2419
4117431,2431
4117442,2432
4117452,2432
4117463,2437
4117473,2432
4117484,2423
4117494,2427
4117505,2418
4117516,2431
4117526,2416
4117537,2411
4117547,2405
4117558,2407
4117568,2397
4117579,2391
4117589,2389
4117600,2385
4117610,2377
4117621,2374
4117631,2368
4117642,2363
4117652,2355
4117663,2350
4117673,2349
4117684,2342
4117695,2341
4117705,2339
4117716,2336
4117726,2335
4117737,2326
4117747,2331
4117758,2320
4117768,2320
4117779,2320
4117789,2319
4117800,2313
4117810,2310
4117821,2311
4117831,2314
4117842,2307
4117852,2311
4117863,2303
4117874,2305
4117884,2298
4117895,2301
4117905,2293
4117916,2304
4117926,2298
4117937,2298
4117947,2300
4117958,2297
4117968,2299
4117979,2298
4117989,2299
4118000,2304
4118010,2297
4118021,2303
4118032,2289
4118042,2296
4118053,2288
4118063,2289
4118074,2293
4118084,2290
4118095,2291
4118105,2285
4118116,2287
4118126,2290
4118137,2287
4118147,2288
4118158,2288
4118168,2294
4118179,2288
4118189,2293
4118200,2291
4118211,2294
4118221,2300
4118232,2295
4118242,2299
4118253,2299
4118263,2307
4118274,2313
4118284,2318
4118295,2318
4118305,2320
4118316,2322
4118326,2330
4118337,2325
4118347,2339
4118358,2338
4118369,2352
4118379,2353
4118390,2352
4118400,2351
4118411,2355
4118421,2357
4118432,2352
4118442,2352
4118453,2353
4118463,2350
4118474,2347
4118484,2334
4118495,2333
4118505,2325
4118516,2306
4118526,2290
4118537,2271
4118548,2255
4118558,2234
4118569,2223
4118579,2208
4118590,2178
4118600,2154
4118611,2145
4118621,2126
4118632,2110
4118642,2098
4118653,2075
4118663,2061
4118674,2034
4118684,2027
4118695,2015
4118705,2009
4118716,1982
4118727,1968
4118737,1946
4118748,1938
4118758,1931
4118769,1926
4118779,1921
4118790,1914
4118800,1911
4118811,1911
4118821,1895
4118832,1886
4118842,1873
4118853,1869
4118863,1863
4118874,1857
4118885,1853
4118895,1845
4118906,1840
4118916,1838
4118927,1834
4118937,1834
4118948,1834
4118958,1829
4118969,1840
4118979,1834
4118990,1840
4119000,1840
4119011,1872
4119021,1852
4119032,1857
4119042,1859
4119053,1863
4119064,1865
4119074,1870
4119085,1867
4119095,1872
4119106,1865
4119116,1872
4119127,1863
4119137,1872
4119148,1877
4119158,1868
4119169,1866
4119179,1871
4119190,1859
4119200,1857
4119211,1854
4119221,1852
4119232,1846
4119243,1842
4119253,1834
4119264,1844
4119274,1835
4119285,1838
4119295,1825
4119306,1826
4119316,1825
4119327,1826
4119337,1825
4119348,1822
4119358,1831
4119369,1829
4119379,1840
4119390,1840
4119401,1846
4119411,1862
4119422,1873
4119432,1890
4119443,1911
4119453,1936
4119464,1959
4119474,2011
4119485,2043
4119495,2110
4119506,2156
4119516,2231
4119527,2334
4119537,2471
4119548,2640
4119558,2823
4119569,2994
4119580,3152
4119590,3286
4119601,3567
4119611,3920
4119622,4095
4119632,4095
4119643,4095
4119653,4093
4119664,4095
4119674,4080
4119685,4079
4119695,4095
4119706,4089
4119716,4045
4119727,4074
4119737,4071
4119748,4050
4119759,4046
4119769,4050
4119780,4051
4119790,4048
4119801,4037
4119811,4001
4119822,3999
4119832,3991
4119843,3989
4119853,3985
4119864,3958
4119874,3946
4119885,3920
4119895,3953
4119906,3949
4119917,3937
4119927,3953
4119938,3947
4119948,3969
4119959,3970
4119969,3968
4119980,3980
4119991,3978
4120002,3985
4120012,3983
4120023,3977
4120033,3975
4120044,4004
4120054,4018
4120065,4030
4120075,4034
4120086,4051
4120096,4085
4120107,4073
4120118,4095
4120128,4095
4120139,4095
4120149,3920
4120160,3804
4120170,3699
4120181,3510
4120191,3397
4120202,3235
4120212,3063
4120223,2807
4120233,2628
4120244,2476
4120254,2355
4120265,2256
4120275,2192
4120286,2114
4120297,2043
4120307,1991
4120318,1941
4120328,1904
4120339,1858
4120349,1837
4120360,1797
4120370,1776
4120381,1767
4120391,1744
4120402,1736
4120412,1712
4120423,1695
4120433,1687
4120444,1673
4120455,1677
4120465,1666
4120476,1661
4120486,1653
4120497,1648
4120507,1645
4120518,1648
4120528,1645
4120539,1647
4120549,1646
4120560,1648
4120570,1647
4120581,1658
4120591,1651
4120602,1655
4120612,1657
4120623,1661
4120634,1666
4120644,1675
4120655,1676
4120665,1671
4120676,1668
4120686,1673
4120697,1675
4120707,1673
4120718,1671
4120728,1669
4120739,1659
4120749,1664
4120760,1659
4120770,1659
4120781,1651
4120791,1647
4120802,1639
4120813,1638
4120823,1624
4120834,1623
4120844,1616
4120855,1615
4120865,1613
4120876,1613
4120886,1600
4120897,1601
4120907,1604
4120918,1607
4120928,1600
4120939,1603
4120949,1597
4120960,1597
4120971,1600
4120981,1600
4120992,1601
4121002,1607
4121013,1600
4121023,1603
4121034,1601
4121044,1601
4121055,1609
4121065,1611
4121076,1617
4121086,1622
4121097,1627
4121107,1635
4121118,1635
4121128,1645
4121139,1659
4121150,1659
4121160,1662
4121171,1677
4121181,1685
4121192,1708
4121202,1732
4121213,1743
4121223,1762
4121234,1789
4121244,1819
4121255,1859
4121265,1920
4121276,1996
4121286,2092
4121297,2187
4121307,2290
4121318,2441
4121329,2612
4121339,2779
4121350,2924
4121360,3090
4121371,3263
4121381,3467
4121392,3781
4121402,3810
4121413,3829
4121423,3765
4121434,3757
4121444,3750
4121455,3760
4121465,3758
4121476,3727
4121487,3738
4121497,3766
4121508,3765
4121518,3755
4121529,3749
4121539,3765
4121550,3746
4121560,3774
4121571,3759
4121581,3757
4121592,3758
4121602,3757
4121613,3771
4121623,3750
4121634,3765
4121644,3772
4121655,3776
4121666,3776
4121676,3790
4121687,3782
4121697,3783
4121708,3783
4121718,3792
4121729,3794
4121739,3789
4121750,3791
4121760,3792
4121771,3790
4121781,3792
4121792,3806
4121802,3805
4121813,3811
4121823,3812
4121834,3811
4121845,3811
4121855,3808
4121866,3792
4121876,3778
4121887,3732
4121897,3693
4121908,3600
4121918,3566
4121929,3487
4121939,3403
4121950,3339
4121960,3248
4121971,3171
4121981,3115
4121992,3021
4122003,2865
4122013,2723
4122024,2581
4122034,2422
4122045,2306
4122055,2223
4122066,2149
4122076,2073
4122087,2009
4122097,1959
4122108,1922
4122118,1887
4122129,1854
4122139,1837
4122150,1827
4122160,1808
4122171,1806
4122182,1793
4122192,1776
4122203,1775
4122213,1773
4122224,1761
4122234,1759
4122245,1765
4122255,1766
4122266,1771
4122276,1771
4122287,1773
4122297,1774
4122308,1775
4122318,1775
4122329,1775
4122339,1770
4122350,1766
4122361,1749
4122371,1751
4122382,1744
4122392,1743
4122403,1738
4122413,1731
4122424,1726
4122434,1715
4122445,1710
4122455,1692
4122466,1694
4122476,1686
4122487,1685
4122497,1671
4122508,1667
4122519,1659
4122529,1653
4122540,1648
4122550,1648
4122561,1643
4122571,1640
4122582,1631
4122592,1633
4122603,1629
4122613,1626
4122624,1616
4122634,1621
4122645,1616
4122655,1633
4122666,1616
4122676,1618
4122687,1621
4122698,1620
4122708,1616
4122719,1617
4122729,1616
4122740,1616
4122750,1622
4122761,1618
4122771,1619
4122782,1624
4122792,1629
4122803,1625
4122813,1637
4122824,1643
4122834,1645
4122845,1643
4122855,1648
4122866,1653
4122877,1655
4122887,1657
4122898,1653
4122908,1669
4122919,1670
4122929,1686
4122940,1694
4122950,1707
4122961,1713
4122971,1732
4122982,1741
4122992,1747
4123003,1758
4123013,1774
4123024,1797
4123034,1808
4123045,1823
4123056,1855
4123066,1877
4123077,1904
4123087,1941
4123098,2000
4123108,2059
4123119,2108
4123129,2187
4123140,2259
4123150,2337
4123161,2433
4123171,2559
4123182,2701
4123192,2832
4123203,2957
4123214,3053
4123224,3183
4123235,3308
4123245,3527
4123256,3805
4123266,3882
4123277,3793
4123287,3759
4123298,3777
4123308,3746
4123319,3727
4123329,3754
4123340,3728
4123350,3749
4123361,3763
4123371,3767
4123382,3779
4123393,3824
4123403,3795
4123414,3802
4123424,3823
4123435,3850
4123445,3794
4123456,3830
4123466,3826
4123477,3830
4123487,3824
4123498,3856
4123508,3885
4123519,3872
4123529,3855
4123540,3856
4123550,3898
4123561,3895
4123572,3879
4123582,3906
4123593,3920
4123603,3907
4123614,3921
4123624,3906
4123635,3933
4123645,3963
4123656,3971
4123666,3965
4123677,3952
4123687,3978
4123698,3979
4123708,3985
4123719,3972
4123730,3968
4123740,3941
4123751,3968
4123761,3921
4123772,3809
4123782,3675
4123793,3543
4123803,3420
4123814,3264
4123824,3187
4123835,3066
4123845,2918
4123856,2764
4123866,2614
4123877,2464
4123887,2326
4123898,2238
4123909,2170
4123919,2111
4123930,2034
4123940,1979
4123951,1941
4123961,1904
4123972,1867
4123982,1838
4123993,1817
4124003,1791
4124014,1785
4124024,1770
4124035,1749
4124045,1742
4124056,1715
4124066,1703
4124077,1690
4124088,1670
4124098,1661
4124109,1648
4124119,1644
4124130,1642
4124140,1632
4124151,1626
4124161,1621
4124172,1617
4124182,1615
4124193,1606
4124203,1611
4124214,1609
4124224,1599
4124235,1598
4124246,1603
4124256,1599
4124267,1597
4124277,1598
4124288,1599
4124298,1593
4124309,1594
4124319,1589
4124330,1593
4124340,1595
4124351,1589
4124361,1586
4124372,1590
4124382,1587
4124393,1589
4124403,1584
4124414,1593
4124425,1584
4124435,1590
4124446,1590
4124456,1584
4124467,1590
4124477,1589
4124488,1589
4124498,1589
4124509,1591
4124519,1605
4124530,1600
4124540,1600
4124551,1603
4124561,1605
4124572,1598
4124583,1609
4124593,1615
4124604,1610
4124614,1616
4124625,1618
4124635,1619
4124646,1621
4124656,1622
4124667,1623
4124677,1631
4124688,1638
4124698,1630
4124709,1631
4124719,1642
4124730,1648
4124740,1648
4124751,1662
4124762,1665
4124772,1671
4124783,1679
4124793,1680
4124804,1691
4124814,1705
4124825,1726
4124835,1734
4124846,1750
4124856,1765
4124867,1783
4124877,1809
4124888,1831
4124898,1855
4124909,1879
4124919,1915
4124930,1969
4124941,2023
4124951,2105
4124962,2181
4124972,2254
4124983,2371
4124993,2546
4125004,2708
4125014,2895
4125025,3053
4125035,3180
4125046,3470
4125056,3691
4125067,3824
4125077,3838
4125088,3872
4125099,3877
4125109,3889
4125120,3851
4125130,3829
4125141,3836
4125151,3835
4125162,3822
4125172,3825
4125183,3806
4125193,3819
4125204,3819
4125214,3823
4125225,3821
4125235,3803
4125246,3803
4125256,3803
4125267,3821
4125278,3836
4125288,3859
4125299,3849
4125309,3856
4125320,3826
4125330,3829
4125341,3824
4125351,3824
4125362,3835
4125372,3805
4125383,3820
4125393,3824
4125404,3837
4125414,3840
4125425,3827
4125435,3846
4125446,3845
4125457,3861
4125467,3846
4125478,3869
4125488,3861
4125499,3920
4125509,3922
4125520,3934
4125530,3920
4125541,3942
4125551,3952
4125562,3959
4125572,3969
4125583,3971
4125593,3971
4125604,3786
4125615,3623
4125625,3378
4125636,3238
4125646,3067
4125657,2985
4125667,2803
4125678,2677
4125688,2525
4125699,2377
4125709,2299
4125720,2226
4125730,2168
4125741,2112
4125751,2044
4125762,1998
4125772,1947
4125783,1919
4125794,1882
4125804,1856
4125815,1835
4125825,1818
4125836,1798
4125847,1791
4125858,1778
4125868,1766
4125879,1765
4125889,1746
4125900,1739
4125910,1733
4125921,1721
4125931,1712
4125942,1699
4125952,1691
4125963,1682
4125973,1674
4125984,1670
4125995,1668
4126005,1664
4126016,1660
4126026,1660
4126037,1658
4126047,1658
4126058,1664
4126068,1660
4126079,1661
4126089,1657
4126100,1664
4126110,1661
4126121,1667
4126131,1662
4126142,1667
4126153,1668
4126163,1666
4126174,1670
4126184,1675
4126195,1680
4126205,1682
4126216,1686
4126226,1687
4126237,1694
4126247,1689
4126258,1692
4126268,1698
4126279,1698
4126289,1697
4126300,1697
4126310,1696
4126321,1689
4126332,1674
4126342,1696
4126353,1694
4126363,1693
4126374,1687
4126384,1695
4126395,1698
4126405,1699
4126416,1687
4126426,1694
4126437,1694
4126447,1703
4126458,1701
4126468,1710
4126479,1714
4126489,1712
4126500,1727
4126511,1725
4126521,1728
4126532,1730
4126542,1729
4126553,1733
4126563,1737
4126574,1737
4126584,1742
4126595,1742
4126605,1744
4126616,1744
4126626,1744
4126637,1744
4126647,1747
4126658,1751
4126669,1754
4126679,1748
4126690,1751
4126700,1754
4126711,1755
4126721,1751
4126732,1760
4126742,1769
4126753,1774
4126763,1776
4126774,1791
4126784,1795
4126795,1802
4126805,1808
4126816,1823
4126826,1830
4126837,1849
4126848,1874
4126858,1869
4126869,1890
4126879,1916
4126890,1942
4126900,1975
4126911,2022
4126921,2107
4126932,2160
4126942,2230
4126953,2323
4126963,2470
4126974,2608
4126984,2705
4126995,2847
4127005,3019
4127016,3129
4127027,3274
4127037,3411
4127048,3583
4127058,3754
4127069,3790
4127079,3813
4127090,3807
4127100,3824
4127111,3781
4127121,3775
4127132,3815
4127142,3772
4127153,3785
4127163,3792
4127174,3798
4127185,3808
4127195,3815
4127206,3792
4127216,3835
4127227,3825
4127237,3818
4127248,3819
4127258,3823
4127269,3803
4127279,3824
4127290,3838
4127300,3839
4127311,3851
4127321,3847
4127332,3839
4127342,3823
4127353,3825
4127364,3843
4127374,3849
4127385,3837
4127395,3854
4127406,3855
4127416,3887
4127427,3859
4127437,3871
4127448,3898
4127458,3908
4127469,3919
4127479,3930
4127490,3948
4127500,3936
4127511,3943
4127521,3922
4127532,3904
4127543,3926
4127553,3918
4127564,3920
4127574,3919
4127585,3913
4127595,3748
4127606,3671
4127616,3583
4127627,3459
4127637,3346
4127648,3210
4127658,3122
4127669,3051
4127679,2989
4127690,2881
4127701,2781
4127711,2719
4127722,2627
4127732,2550
4127743,2449
4127753,2371
4127764,2319
4127774,2261
4127785,2214
4127795,2178
4127806,2128
4127816,2094
4127827,2041
4127837,1999
4127848,1970
4127858,1948
4127869,1926
4127880,1909
4127890,1893
4127901,1882
4127911,1871
4127922,1854
4127932,1844
4127943,1835
4127953,1826
4127964,1808
4127974,1817
4127985,1809
4127995,1808
4128006,1808
4128016,1799
4128027,1797
4128037,1792
4128048,1795
4128059,1787
4128069,1783
4128080,1785
4128090,1778
4128101,1777
4128111,1776
4128122,1777
4128132,1773
4128143,1773
4128153,1783
4128164,1771
4128174,1771
4128185,1774
4128195,1768
4128206,1762
4128217,1770
4128227,1774
4128238,1773
4128248,1770
4128259,1776
4128269,1767
4128280,1767
4128290,1765
4128301,1766
4128311,1765
4128322,1757
4128332,1759
4128343,1753
4128353,1755
4128364,1746
4128374,1742
4128385,1743
4128396,1743
4128406,1731
4128417,1731
4128427,1727
4128438,1731
4128448,1728
4128459,1726
4128469,1730
4128480,1727
4128490,1728
4128501,1711
4128511,1728
4128522,1729
4128532,1723
4128543,1729
4128553,1732
4128564,1734
4128575,1742
4128585,1737
4128596,1744
4128606,1744
4128617,1753
4128627,1760
4128638,1763
4128648,1766
4128659,1777
4128669,1783
4128680,1805
4128690,1821
4128701,1839
4128711,1847
4128722,1870
4128733,1901
4128743,1927
4128754,1953
4128764,1998
4128775,2065
4128785,2128
4128796,2180
4128806,2251
4128817,2335
4128827,2489
4128838,2602
4128848,2723
4128859,2862
4128869,2987
4128880,3103
4128890,3218
4128901,3429
4128912,3625
4128922,3679
4128933,3861
4128943,3918
4128954,3871
4128964,3850
4128975,3839
4128985,3840
4128996,3823
4129006,3822
4129017,3823
4129027,3822
4129038,3825
4129048,3856
4129059,3856
4129069,3851
4129080,3866
4129091,3851
4129101,3871
4129112,3865
4129122,3888
4129133,3888
4129143,3899
4129154,3902
4129164,3899
4129175,3921
4129185,3891
4129196,3909
4129206,3935
4129217,3921
4129227,3941
4129238,3958
4129249,3953
4129259,3930
4129270,3951
4129280,3965
4129291,3955
4129301,3985
4129312,3984
4129322,3987
4129333,4001
4129343,4009
4129354,3989
4129364,4001
4129375,3990
4129385,4010
4129396,4016
4129406,4011
4129417,4016
4129428,4022
4129438,4029
4129449,4022
4129459,4034
4129470,4022
4129480,4017
4129491,3798
4129501,3674
4129512,3542
4129522,3407
4129533,3296
4129543,3159
4129554,3067
4129564,3003
4129575,2923
4129585,2780
4129596,2681
4129607,2590
4129617,2508
4129628,2393
4129638,2320
4129649,2256
4129659,2210
4129670,2156
4129680,2119
4129691,2077
4129701,2047
4129712,1979
4129722,1949
4129733,1924
4129743,1904
4129754,1883
4129765,1870
4129775,1855
4129786,1836
4129796,1813
4129807,1808
4129817,1798
4129828,1792
4129838,1777
4129849,1765
4129859,1766
4129870,1750
4129880,1749
4129891,1739
4129901,1731
4129912,1723
4129922,1722
4129933,1712
4129944,1702
4129954,1693
4129965,1701
4129975,1699
4129986,1696
4129996,1697
4130007,1694
4130017,1695
4130028,1682
4130038,1673
4130049,1681
4130059,1682
4130070,1680
4130080,1676
4130091,1662
4130102,1664
4130112,1659
4130123,1651
4130133,1648
4130144,1641
4130154,1636
4130165,1623
4130175,1614
4130186,1616
4130196,1611
4130207,1600
4130217,1604
4130228,1593
4130238,1589
4130249,1585
4130259,1584
4130270,1582
4130281,1583
4130291,1574
4130302,1575
4130312,1559
4130323,1570
4130333,1561
4130344,1566
4130354,1568
4130365,1565
4130375,1566
4130386,1563
4130396,1564
4130407,1567
4130417,1567
4130428,1566
4130438,1569
4130449,1571
4130460,1569
4130470,1573
4130481,1572
4130491,1571
4130502,1578
4130512,1579
4130523,1582
4130533,1584
4130544,1584
4130554,1584
4130565,1589
4130575,1597
4130586,1602
4130596,1610
4130607,1609
4130618,1615
4130628,1617
4130639,1630
4130649,1645
4130660,1663
4130670,1683
4130681,1697
4130691,1719
4130702,1731
4130712,1757
4130723,1785
4130733,1827
4130744,1850
4130754,1901
4130765,1945
4130775,2026
4130786,2125
4130797,2221
4130807,2325
4130818,2544
4130828,2718
4130839,2896
4130849,3120
4130860,3262
4130870,3484
4130881,3615
4130891,3538
4130902,3526
4130912,3475
4130923,3509
4130933,3504
4130944,3518
4130954,3506
4130965,3489
4130976,3492
4130986,3505
4130997,3510
4131007,3511
4131018,3536
4131028,3554
4131039,3547
4131049,3541
4131060,3549
4131070,3551
4131081,3549
4131091,3521
4131102,3540
4131112,3536
4131123,3552
4131134,3546
4131144,3530
4131155,3530
4131165,3545
4131176,3557
4131186,3567
4131197,3568
4131207,3569
4131218,3567
4131228,3582
4131239,3600
4131249,3583
4131260,3602
4131270,3605
4131281,3606
4131291,3606
4131302,3629
4131313,3633
4131323,3629
4131334,3627
4131344,3610
4131355,3623
4131365,3619
4131376,3604
4131386,3600
4131397,3630
4131407,3600
4131418,3582
4131428,3575
4131439,3489
4131449,3344
4131460,3237
4131470,3181
4131481,3114
4131492,3024
4131502,2991
4131513,2951
4131523,2859
4131534,2746
4131544,2650
4131555,2559
4131565,2471
4131576,2383
4131586,2307
4131597,2242
4131607,2211
4131618,2163
4131628,2112
4131639,2086
4131650,2035
4131660,2019
4131671,1970
4131681,1955
4131693,1923
4131703,1904
4131714,1872
4131724,1854
4131735,1840
4131745,1815
4131756,1812
4131766,1791
4131777,1782
4131787,1782
4131798,1778
4131808,1776
4131819,1776
4131829,1776
4131840,1778
4131851,1776
4131861,1781
4131872,1786
4131882,1792
4131893,1797
4131903,1796
4131914,1794
4131924,1793
4131935,1796
4131945,1791
4131956,1785
4131966,1781
4131977,1776
4131987,1771
4131998,1763
4132008,1755
4132019,1744
4132030,1743
4132040,1735
4132051,1719
4132061,1712
4132072,1702
4132082,1702
4132093,1690
4132103,1685
4132114,1671
4132124,1667
4132135,1661
4132145,1654
4132156,1647
4132166,1650
4132177,1639
4132188,1635
4132198,1634
4132209,1631
4132219,1619
4132230,1616
4132240,1616
4132251,1607
4132261,1609
4132272,1603
4132282,1603
4132293,1602
4132303,1602
4132314,1602
4132324,1599
4132335,1597
4132345,1598
4132356,1595
4132367,1595
4132377,1599
4132388,1601
4132398,1597
4132409,1603
4132419,1610
4132430,1602
4132440,1603
4132451,1607
4132461,1606
4132472,1605
4132482,1602
4132493,1603
4132503,1607
4132514,1600
4132525,1600
4132535,1603
4132546,1606
4132556,1608
4132567,1616
4132577,1617
4132588,1619
4132598,1631
4132609,1645
4132619,1650
4132630,1659
4132640,1667
4132651,1686
4132661,1693
4132672,1714
4132682,1735
4132693,1742
4132704,1760
4132714,1776
4132725,1793
4132735,1814
4132746,1843
4132756,1866
4132767,1900
4132777,1935
4132788,1958
4132798,2011
4132809,2079
4132819,2118
4132830,2162
4132840,2224
4132851,2304
4132861,2462
4132872,2605
4132883,2752
4132893,2918
4132904,3105
4132914,3211
4132925,3337
4132935,3473
4132946,3524
4132956,3614
4132967,3601
4132977,3600
4132988,3570
4132998,3549
4133009,3568
4133019,3557
4133030,3563
4133041,3567
4133051,3569
4133062,3581
4133072,3600
4133083,3583
4133093,3568
4133104,3573
4133114,3570
4133125,3579
4133135,3558
4133146,3570
4133156,3575
4133167,3580
4133177,3572
4133188,3574
4133198,3583
4133209,3583
4133220,3599
4133230,3605
4133241,3605
4133251,3615
4133262,3626
4133272,3627
4133283,3643
4133293,3639
4133304,3638
4133314,3638
4133325,3648
4133335,3655
4133346,3657
4133356,3671
4133367,3630
4133377,3498
4133388,3451
4133399,3335
4133409,3226
4133420,3103
4133430,2998
4133441,2925
4133451,2775
4133462,2674
4133472,2539
4133483,2407
4133493,2320
4133504,2266
4133514,2211
4133525,2157
4133535,2104
4133546,2062
4133557,1999
4133567,1939
4133578,1904
4133588,1872
4133599,1847
4133609,1819
4133620,1808
4133630,1790
4133641,1776
4133651,1764
4133662,1754
4133672,1742
4133683,1734
4133693,1712
4133704,1701
4133714,1693
4133725,1681
4133736,1669
4133746,1661
4133757,1651
4133767,1639
4133778,1639
4133788,1631
4133799,1631
4133809,1623
4133820,1620
4133830,1618
4133841,1616
4133851,1611
4133862,1613
4133872,1606
4133883,1610
4133894,1603
4133904,1607
4133915,1605
4133925,1607
4133936,1609
4133946,1602
4133957,1603
4133967,1606
4133978,1605
4133988,1607
4133999,1611
4134009,1602
4134020,1600
4134030,1602
4134041,1602
4134051,1601
4134062,1598
4134073,1596
4134083,1600
4134094,1597
4134104,1596
4134115,1590
4134125,1589
4134136,1590
4134146,1584
4134157,1584
4134167,1584
4134178,1585
4134188,1585
4134199,1584
4134209,1583
4134220,1584
4134230,1578
4134241,1581
4134252,1577
4134262,1579
4134273,1581
4134283,1570
4134294,1582
4134304,1580
4134315,1581
4134325,1577
4134336,1580
4134346,1584
4134357,1584
4134367,1584
4134378,1584
4134388,1599
4134399,1595
4134409,1599
4134420,1607
4134431,1616
4134441,1627
4134452,1653
4134462,1670
4134473,1690
4134483,1717
4134494,1746
4134504,1779
4134515,1813
4134525,1865
4134536,1923
4134546,1991
4134557,2081
4134567,2157
4134578,2240
4134589,2325
4134599,2452
4134610,2589
4134620,2714
4134631,2801
4134641,2959
4134652,3087
4134662,3209
4134673,3381
4134683,3648
4134694,3667
4134704,3600
4134715,3575
4134725,3551
4134736,3543
4134746,3555
4134757,3551
4134768,3547
4134778,3555
4134789,3553
4134799,3573
4134810,3563
4134820,3568
4134831,3569
4134841,3599
4134852,3583
4134862,3583
4134873,3583
4134883,3583
4134894,3595
4134904,3600
4134915,3600
4134926,3597
4134936,3595
4134947,3583
4134957,3583
4134968,3600
4134978,3616
4134989,3629
4134999,3639
4135010,3632
4135020,3649
4135031,3632
4135041,3640
4135052,3635
4135062,3649
4135073,3654
4135083,3646
4135094,3647
4135105,3638
4135115,3645
4135126,3637
4135136,3638
4135147,3643
4135157,3639
4135168,3642
4135178,3642
4135189,3646
4135199,3643
4135210,3648
4135220,3648
4135231,3641
4135241,3650
4135252,3655
4135262,3659
4135273,3648
4135284,3583
4135294,3479
4135305,3305
4135315,3197
4135326,3071
4135336,3005
4135347,2948
4135357,2833
4135368,2726
4135378,2623
4135389,2559
4135399,2442
4135410,2367
4135420,2293
4135431,2237
4135442,2176
4135452,2128
4135463,2082
4135473,2018
4135484,1968
4135494,1936
4135505,1906
4135515,1887
4135526,1867
4135536,1840
4135547,1823
4135557,1810
4135568,1801
4135578,1791
4135589,1776
4135599,1762
4135610,1753
4135621,1755
4135631,1744
4135642,1740
4135652,1732
4135663,1728
4135673,1722
4135684,1713
4135694,1703
4135705,1704
4135715,1688
4135726,1684
4135736,1679
4135747,1676
4135757,1667
4135768,1668
4135778,1660
4135789,1648
4135800,1648
4135810,1647
4135821,1638
4135831,1630
4135842,1625
4135852,1622
4135863,1616
4135873,1612
4135884,1611
4135894,1600
4135905,1601
4135915,1600
4135926,1590
4135936,1589
4135947,1589
4135958,1582
4135968,1590
4135979,1584
4135989,1587
4136000,1584
4136010,1585
4136021,1584
4136031,1584
4136042,1580
4136052,1575
4136063,1578
4136073,1573
4136084,1578
4136094,1570
4136105,1570
4136115,1566
4136126,1567
4136137,1567
4136147,1567
4136158,1565
4136168,1566
4136179,1565
4136189,1567
4136200,1572
4136210,1569
4136221,1574
4136231,1583
4136242,1587
4136252,1597
4136263,1600
4136273,1610
4136284,1621
4136294,1631
4136305,1651
4136316,1665
4136326,1687
4136337,1708
4136347,1737
4136358,1757
4136368,1781
4136379,1808
4136389,1840
4136400,1867
4136410,1907
4136421,1947
4136431,1995
4136442,2083
4136452,2133
4136463,2192
4136474,2261
4136484,2368
4136495,2502
4136505,2635
4136516,2754
4136526,2873
4136537,2998
4136547,3089
4136558,3182
4136568,3301
4136579,3478
4136589,3637
4136600,3671
4136610,3629
4136621,3613
4136631,3610
4136642,3578
4136653,3582
4136663,3582
4136674,3583
4136684,3583
4136695,3597
4136705,3583
4136716,3626
4136726,3631
4136737,3648
4136747,3693
4136758,3699
4136768,3711
4136779,3711
4136789,3707
4136800,3712
4136810,3712
4136821,3712
4136832,3715
4136842,3728
4136853,3728
4136863,3734
4136874,3733
4136884,3742
4136895,3745
4136905,3758
4136916,3769
4136926,3775
4136937,3785
4136947,3779
4136958,3784
4136968,3794
4136979,3775
4136990,3778
4137000,3792
4137011,3801
4137021,3803
4137032,3815
4137042,3814
4137053,3810
4137063,3811
4137074,3819
4137084,3819
4137095,3742
4137105,3513
4137116,3347
4137126,3120
4137137,3003
4137147,2931
4137158,2771
4137169,2652
4137179,2483
4137190,2350
4137200,2258
4137211,2161
4137221,2100
4137232,2022
4137242,1947
4137253,1895
4137263,1847
4137274,1803
4137284,1778
4137295,1756
4137305,1734
4137316,1706
4137326,1681
4137337,1646
4137348,1631
4137358,1619
4137369,1600
4137379,1581
4137390,1577
4137400,1570
4137411,1555
4137421,1535
4137432,1535
4137442,1530
4137453,1524
4137463,1521
4137474,1509
4137484,1505
4137495,1499
4137506,1494
4137516,1485
4137527,1476
4137537,1472
4137549,1461
4137559,1463
4137570,1458
4137580,1456
4137591,1453
4137601,1451
4137612,1451
4137622,1450
4137633,1445
4137643,1443
4137654,1443
4137664,1451
4137675,1447
4137685,1461
4137696,1455
4137707,1456
4137717,1456
4137728,1462
4137738,1472
4137749,1475
4137759,1479
4137770,1490
4137780,1493
4137791,1505
4137801,1510
4137812,1515
4137822,1520
4137833,1520
4137843,1526
4137854,1531
4137864,1532
4137875,1535
4137886,1535
4137896,1534
4137907,1535
4137917,1535
4137928,1535
4137938,1535
4137949,1535
4137959,1535
4137970,1553
4137980,1535
4137991,1553
4138001,1554
4138012,1557
4138022,1566
4138033,1563
4138044,1566
4138054,1571
4138065,1570
4138075,1574
4138086,1586
4138096,1586
4138107,1589
4138117,1603
4138128,1614
4138138,1629
4138149,1648
4138159,1669
4138170,1689
4138180,1712
4138191,1739
4138201,1776
4138212,1808
4138223,1849
4138233,1917
4138244,1985
4138254,2079
4138265,2164
4138275,2266
4138286,2413
4138296,2606
4138307,2768
4138317,2960
4138328,3111
4138338,3226
4138349,3362
4138359,3474
4138370,3493
4138380,3411
4138391,3386
4138402,3395
4138412,3423
4138423,3440
4138433,3441
4138444,3455
4138454,3447
4138465,3467
4138475,3465
4138486,3471
4138496,3493
4138507,3493
4138517,3489
4138528,3490
4138538,3477
4138549,3505
4138560,3498
4138570,3516
4138581,3515
4138591,3507
4138602,3529
4138612,3535
4138623,3550
4138633,3541
4138644,3543
4138654,3557
4138665,3554
4138675,3551
4138686,3561
4138696,3555
4138707,3577
4138717,3600
4138728,3583
4138739,3604
4138749,3616
4138760,3609
4138770,3626
4138781,3639
4138791,3647
4138802,3665
4138812,3682
4138823,3713
4138833,3728
4138844,3740
4138854,3735
4138865,3745
4138875,3746
4138886,3770
4138897,3781
4138907,3781
4138918,3787
4138928,3651
4138939,3547
4138949,3487
4138960,3351
4138970,3216
4138981,3148
4138991,3038
4139002,2977
4139012,2950
4139023,2864
4139033,2767
4139044,2671
4139054,2585
4139065,2529
4139076,2415
4139086,2335
4139097,2267
4139107,2219
4139118,2157
4139128,2112
4139139,2067
4139149,2016
4139160,1980
4139170,1950
4139181,1935
4139191,1910
4139202,1893
4139212,1873
4139223,1857
4139233,1842
4139244,1827
4139255,1814
4139265,1803
4139276,1794
4139286,1788
4139297,1782
4139307,1777
4139318,1775
4139328,1767
4139339,1762
4139349,1759
4139360,1759
4139370,1749
4139381,1744
4139391,1744
4139402,1744
4139413,1744
4139423,1744
4139434,1746
4139444,1742
4139455,1734
4139465,1731
4139476,1734
4139486,1729
4139497,1729
4139507,1730
4139518,1734
4139528,1738
4139539,1740
4139549,1738
4139560,1736
4139570,1739
4139581,1719
4139592,1735
4139602,1739
4139613,1738
4139623,1734
4139634,1738
4139644,1735
4139655,1733
4139665,1735
4139676,1738
4139686,1731
4139697,1733
4139707,1731
4139718,1738
4139728,1733
4139739,1733
4139749,1729
4139760,1719
4139771,1724
4139781,1718
4139792,1717
4139802,1712
4139813,1711
4139823,1703
4139834,1698
4139844,1691
4139855,1693
4139865,1694
4139876,1693
4139886,1698
4139897,1699
4139907,1706
4139918,1714
4139929,1722
4139939,1727
4139950,1740
4139960,1754
4139971,1770
4139981,1790
4139992,1817
4140002,1840
4140013,1880
4140023,1921
4140034,1968
4140044,2032
4140055,2102
4140065,2162
4140076,2240
4140086,2326
4140097,2448
4140108,2585
4140118,2708
4140129,2837
4140139,2997
4140150,3088
4140160,3184
4140171,3285
4140181,3474
4140192,3611
4140202,3603
4140213,3582
4140223,3555
4140234,3536
4140244,3503
4140255,3471
4140265,3465
4140276,3482
4140287,3477
4140297,3471
4140308,3474
4140318,3474
4140329,3486
4140339,3489
4140350,3507
4140360,3503
4140371,3504
4140381,3507
4140392,3521
4140402,3518
4140413,3504
4140423,3531
4140434,3534
4140445,3537
4140455,3521
4140466,3523
4140476,3521
4140487,3525
4140497,3527
4140508,3528
4140518,3511
4140529,3523
4140539,3523
4140550,3541
4140560,3536
4140571,3552
4140581,3546
4140592,3550
4140602,3536
4140613,3549
4140624,3568
4140634,3569
4140645,3579
4140655,3581
4140666,3583
4140676,3599
4140687,3583
4140697,3475
4140708,3387
4140718,3262
4140729,3171
4140739,3054
4140750,2989
4140760,2960
4140771,2901
4140781,2782
4140792,2701
4140803,2627
4140813,2544
4140824,2436
4140834,2359
4140845,2301
4140855,2238
4140866,2165
4140876,2117
4140887,2055
4140897,2001
4140908,1951
4140918,1916
4140929,1890
4140939,1855
4140950,1837
4140960,1810
4140971,1788
4140982,1772
4140992,1759
4141003,1744
4141013,1735
4141024,1712
4141034,1701
4141045,1698
4141055,1690
4141066,1688
4141076,1679
4141087,1681
4141097,1679
4141108,1670
4141118,1680
4141129,1679
4141140,1677
4141150,1674
4141161,1674
4141171,1670
4141182,1664
4141192,1665
4141203,1659
4141213,1658
4141224,1655
4141234,1659
4141245,1648
4141255,1646
4141266,1637
4141276,1633
4141287,1631
4141297,1626
4141308,1625
4141319,1621
4141329,1616
4141340,1616
4141350,1599
4141361,1600
4141371,1596
4141382,1595
4141392,1584
4141403,1581
4141413,1571
4141424,1568
4141434,1563
4141445,1562
4141455,1535
4141466,1535
4141476,1535
4141487,1534
4141498,1522
4141508,1520
4141519,1520
4141529,1518
4141540,1509
4141550,1510
4141561,1505
4141571,1497
4141582,1496
4141592,1498
4141603,1498
4141613,1494
4141624,1489
4141634,1488
4141645,1491
4141656,1491
4141666,1490
4141677,1490
4141687,1490
4141698,1488
4141708,1493
4141719,1494
4141729,1501
4141740,1495
4141750,1502
4141761,1502
4141771,1504
4141782,1493
4141792,1508
4141803,1519
4141813,1520
4141824,1530
4141835,1526
4141845,1535
4141856,1535
4141866,1555
4141877,1566
4141887,1569
4141898,1582
4141908,1593
4141919,1604
4141929,1615
4141940,1632
4141950,1645
4141961,1671
4141971,1685
4141982,1712
4141993,1744
4142003,1766
4142014,1808
4142024,1850
4142035,1895
4142045,1948
4142056,2001
4142066,2109
4142077,2189
4142087,2299
4142098,2470
4142108,2704
4142119,2831
4142129,3005
4142140,3106
4142150,3280
4142161,3442
4142172,3644
4142182,3846
4142193,3937
4142203,3913
4142214,3863
4142224,3855
4142235,3854
4142245,3860
4142256,3815
4142266,3792
4142277,3808
4142287,3815
4142298,3793
4142308,3781
4142319,3775
4142329,3789
4142340,3790
4142351,3797
4142361,3795
4142372,3792
4142382,3811
4142393,3807
4142403,3821
4142414,3806
4142424,3815
4142435,3795
4142445,3799
4142456,3805
4142466,3789
4142477,3786
4142487,3773
4142498,3760
4142508,3774
4142519,3753
4142530,3763
4142540,3760
4142551,3744
4142561,3739
4142572,3747
4142582,3754
4142593,3730
4142603,3754
4142614,3748
4142624,3758
4142635,3759
4142645,3765
4142656,3760
4142666,3765
4142677,3763
4142688,3763
4142698,3755
4142709,3740
4142719,3737
4142730,3728
4142740,3537
4142751,3358
4142761,3214
4142772,3068
4142782,2955
4142793,2765
4142803,2654
4142814,2513
4142824,2383
4142835,2311
4142845,2241
4142856,2175
4142867,2126
4142877,2076
4142888,2000
4142898,1942
4142909,1910
4142919,1869
4142930,1834
4142940,1803
4142951,1785
4142961,1766
4142972,1750
4142982,1731
4142993,1709
4143003,1694
4143014,1682
4143024,1666
4143035,1648
4143046,1643
4143056,1631
4143067,1629
4143077,1616
4143088,1607
4143098,1602
4143109,1596
4143119,1594
4143130,1589
4143140,1584
4143151,1584
4143161,1582
4143172,1575
4143182,1573
4143193,1566
4143204,1573
4143214,1570
4143225,1567
4143235,1566
4143246,1563
4143256,1558
4143267,1558
4143277,1535
4143288,1556
4143298,1535
4143309,1535
4143319,1552
4143330,1535
4143340,1535
4143351,1535
4143361,1535
4143372,1535
4143383,1526
4143393,1531
4143405,1535
4143415,1535
4143426,1532
4143436,1531
4143447,1530
4143457,1535
4143468,1527
4143478,1532
4143489,1535
4143499,1524
4143510,1526
4143520,1526
4143531,1521
4143541,1523
4143552,1521
4143562,1521
4143573,1530
4143584,1526
4143594,1523
4143605,1522
4143615,1533
4143626,1521
4143636,1527
4143647,1535
4143657,1524
4143668,1529
4143678,1531
4143689,1523
4143699,1529
4143710,1531
4143720,1535
4143731,1535
4143742,1535
4143752,1535
4143763,1557
4143773,1535
4143784,1535
4143794,1555
4143805,1565
4143815,1568
4143826,1575
4143836,1583
4143847,1589
4143857,1600
4143868,1605
4143878,1614
4143889,1623
4143899,1636
4143910,1648
4143921,1657
4143931,1680
4143942,1693
4143952,1715
4143963,1735
4143973,1751
4143984,1789
4143994,1808
4144005,1842
4144015,1893
4144026,1936
4144036,2000
4144047,2080
4144057,2143
4144068,2217
4144078,2307
4144089,2462
4144100,2642
4144110,2816
4144121,2975
4144131,3113
4144142,3214
4144152,3328
4144163,3482
4144173,3619
4144184,3682
4144194,3799
4144205,3751
4144215,3722
4144226,3726
4144236,3725
4144247,3723
4144258,3741
4144268,3704
4144279,3698
4144289,3710
4144300,3717
4144310,3712
4144321,3715
4144331,3728
4144342,3728
4144352,3729
4144363,3755
4144373,3741
4144384,3738
4144394,3730
4144405,3774
4144415,3766
4144426,3792
4144437,3794
4144447,3797
4144458,3812
4144468,3826
4144479,3825
4144489,3822
4144500,3824
4144510,3839
4144521,3842
4144531,3829
4144542,3824
4144552,3833
4144563,3830
4144573,3831
4144584,3856
4144594,3861
4144605,3853
4144616,3847
4144626,3839
4144637,3792
4144647,3613
4144658,3388
4144668,3185
4144679,3024
4144689,2946
4144700,2769
4144710,2624
4144721,2398
4144731,2266
4144742,2187
4144752,2112
4144763,2043
4144774,2000
4144784,1939
4144795,1903
4144805,1871
4144816,1839
4144826,1810
4144837,1795
4144847,1776
4144858,1766
4144868,1755
4144879,1742
4144889,1729
4144900,1711
4144910,1705
4144921,1690
4144931,1680
4144942,1678
4144953,1655
4144963,1651
4144974,1648
4144984,1634
4144995,1631
4145005,1626
4145016,1619
4145026,1623
4145037,1616
4145047,1617
4145058,1614
4145068,1616
4145079,1617
4145089,1605
4145100,1607
4145110,1609
4145121,1611
4145132,1609
4145142,1613
4145153,1605
4145163,1604
4145174,1602
4145184,1602
4145195,1600
4145205,1601
4145216,1597
4145226,1595
4145237,1598
4145247,1598
4145258,1597
4145268,1597
4145279,1596
4145290,1596
4145300,1585
4145311,1584
4145321,1586
4145332,1586
4145342,1583
4145353,1581
4145363,1583
4145374,1587
4145384,1583
4145395,1584
4145405,1581
4145416,1578
4145426,1582
4145437,1574
4145447,1574
4145458,1575
4145469,1579
4145479,1570
4145490,1584
4145500,1574
4145511,1582
4145521,1579
4145532,1577
4145542,1575
4145553,1573
4145563,1583
4145574,1580
4145584,1577
4145595,1581
4145605,1583
4145616,1583
4145626,1582
4145637,1577
4145648,1584
4145658,1585
4145669,1591
4145679,1584
4145690,1585
4145700,1593
4145711,1598
4145721,1601
4145732,1601
4145742,1602
4145753,1604
4145763,1603
4145774,1616
4145784,1615
4145795,1615
4145806,1618
4145816,1630
4145827,1635
4145837,1643
4145848,1647
4145858,1653
4145869,1662
4145879,1671
4145890,1675
4145900,1689
4145911,1697
4145921,1712
4145932,1728
4145942,1743
4145953,1755
4145963,1771
4145974,1778
4145985,1797
4145995,1808
4146006,1831
4146016,1854
4146027,1873
4146037,1898
4146048,1937
4146058,1981
4146069,2039
4146079,2106
4146090,2166
4146100,2229
4146111,2310
4146121,2463
4146132,2614
4146142,2754
4146153,2906
4146164,3063
4146174,3153
4146185,3275
4146195,3367
4146206,3462
4146216,3573
4146227,3635
4146237,3601
4146248,3603
4146258,3599
4146269,3598
4146279,3563
4146290,3558
4146300,3561
4146311,3561
4146322,3550
4146332,3568
4146343,3573
4146353,3570
4146364,3571
4146374,3562
4146385,3570
4146395,3568
4146406,3597
4146416,3583
4146427,3600
4146437,3607
4146448,3610
4146458,3606
4146469,3610
4146479,3615
4146490,3625
4146501,3610
4146511,3619
4146522,3616
4146532,3629
4146543,3616
4146553,3621
4146564,3635
4146574,3638
4146585,3651
4146595,3642
4146606,3642
4146616,3632
4146627,3630
4146637,3633
4146648,3633
4146658,3638
4146669,3648
4146680,3651
4146690,3648
4146701,3649
4146711,3641
4146722,3648
4146732,3664
4146743,3650
4146753,3649
4146764,3632
4146774,3607
4146785,3580
4146795,3507
4146806,3472
4146816,3421
4146827,3344
4146838,3217
4146848,3184
4146859,3115
4146869,3045
4146880,2995
4146890,2970
4146901,2933
4146911,2850
4146922,2750
4146932,2675
4146943,2622
4146953,2559
4146964,2517
4146974,2448
4146985,2390
4146995,2354
4147006,2320
4147017,2282
4147027,2241
4147038,2207
4147048,2183
4147059,2160
4147069,2135
4147080,2112
4147090,2087
4147101,2043
4147111,2025
4147122,1991
4147132,1979
4147143,1965
4147153,1940
4147164,1932
4147175,1909
4147185,1898
4147196,1878
4147206,1859
4147217,1855
4147227,1840
4147238,1835
4147248,1821
4147259,1814
4147269,1820
4147280,1812
4147290,1817
4147301,1815
4147311,1814
4147322,1807
4147332,1799
4147343,1797
4147354,1791
4147364,1787
4147375,1783
4147385,1782
4147396,1777
4147406,1787
4147417,1786
4147427,1779
4147438,1776
4147448,1776
4147459,1775
4147469,1774
4147480,1769
4147490,1774
4147501,1773
4147511,1776
4147522,1769
4147533,1762
4147543,1771
4147554,1768
4147564,1766
4147575,1771
4147585,1774
4147596,1773
4147606,1770
4147617,1771
4147627,1771
4147638,1774
4147648,1775
4147659,1774
4147669,1765
4147680,1774
4147691,1762
4147701,1761
4147712,1760
4147722,1757
4147733,1758
4147743,1755
4147754,1755
4147764,1759
4147775,1760
4147785,1760
4147796,1761
4147806,1759
4147817,1762
4147827,1755
4147838,1755
4147848,1756
4147859,1758
4147870,1755
4147880,1778
4147891,1753
4147901,1756
4147912,1751
4147922,1753
4147933,1749
4147943,1749
4147954,1751
4147964,1753
4147975,1757
4147985,1760
4147996,1764
4148006,1767
4148017,1770
4148027,1777
4148038,1783
4148049,1790
4148059,1803
4148070,1811
4148080,1833
4148091,1841
4148101,1857
4148112,1875
4148122,1909
4148133,1947
4148143,1981
4148154,2000
4148164,2043
4148175,2071
4148185,2099
4148196,2128
4148207,2165
4148217,2189
4148228,2213
4148238,2240
4148249,2262
4148259,2302
4148270,2333
4148280,2374
4148291,2417
4148301,2463
4148312,2514
4148322,2543
4148333,2559
4148343,2609
4148354,2630
4148364,2647
4148375,2671
4148386,2689
4148396,2717
4148407,2736
4148417,2769
4148428,2794
4148438,2806
4148449,2831
4148459,2864
4148470,2882
4148480,2901
4148491,2935
4148501,2947
4148512,2967
4148522,2998
4148533,3010
4148543,3024
4148554,3021
4148565,3041
4148575,3041
4148586,3051
4148596,3045
4148607,3029
4148617,3011
4148628,3010
4148638,2994
4148649,2992
4148659,2989
4148670,2977
4148680,2975
4148691,2967
4148701,2961
4148712,2960
4148723,2955
4148733,2954
4148744,2943
4148754,2941
4148765,2930
4148775,2927
4148786,2933
4148796,2941
4148807,2948
4148817,2962
4148828,2941
4148838,2925
4148849,2869
4148859,2819
4148870,2757
4148880,2672
4148891,2631
4148902,2581
4148912,2510
4148923,2458
4148933,2418
4148944,2386
4148954,2375
4148965,2357
4148975,2352
4148986,2339
4148996,2331
4149007,2315
4149017,2294
4149028,2291
4149038,2295
4149049,2304
4149059,2321
4149070,2367
4149081,2406
4149091,2446
4149102,2470
4149112,2490
4149123,2496
4149133,2511
4149144,2512
4149154,2537
4149165,2522
4149175,2545
4149186,2559
4149196,2599
4149207,2607
4149217,2592
4149228,2559
4149239,2559
4149249,2559
4149261,2559
4149271,2550
4149282,2546
4149292,2545
4149303,2524
4149313,2473
4149324,2426
4149334,2369
4149345,2306
4149355,2254
4149366,2215
4149376,2186
4149387,2162
4149397,2146
4149408,2129
4149418,2121
4149429,2129
4149440,2142
4149450,2151
4149461,2160
4149471,2165
4149482,2176
4149492,2194
4149503,2202
4149513,2224
4149524,2237
4149534,2249
4149545,2267
4149555,2279
4149566,2284
4149576,2299
4149587,2319
4149598,2331
4149608,2347
4149619,2355
4149629,2368
4149640,2393
4149650,2397
4149661,2400
4149671,2417
4149682,2422
4149692,2432
4149703,2446
4149713,2448
4149724,2470
4149734,2480
4149745,2494
4149755,2512
4149766,2515
4149777,2529
4149787,2538
4149798,2545
4149808,2554
4149819,2559
4149829,2585
4149840,2618
4149850,2638
4149861,2659
4149871,2679
4149882,2697
4149892,2710
4149903,2734
4149913,2756
4149924,2786
4149934,2800
4149945,2813
4149956,2842
4149966,2869
4149977,2910
4149987,2925
4149998,2939
4150008,2947
4150019,2944
4150029,2960
4150040,2987
4150050,3006
4150061,2986
4150071,3001
4150082,2987
4150092,2979
4150103,2983
4150114,2975
4150124,2945
4150135,2932
4150145,2929
4150156,2926
4150166,2928
4150177,2925
4150187,2923
4150198,2919
4150208,2913
4150219,2903
4150229,2901
4150240,2893
4150250,2896
4150261,2890
4150271,2895
4150282,2885
4150293,2888
4150303,2882
4150314,2880
4150324,2874
4150335,2870
4150345,2867
4150356,2873
4150366,2881
4150377,2891
4150387,2891
4150398,2904
4150408,2896
4150419,2910
4150429,2925
4150440,2927
4150450,2917
4150461,2928
4150472,2934
4150482,2933
4150493,2949
4150503,2964
4150514,2954
4150524,2950
4150535,2957
4150545,2958
4150556,2943
4150566,2949
4150577,2943
4150587,2949
4150598,2939
4150608,2937
4150619,2929
4150629,2928
4150640,2924
4150651,2914
4150661,2915
4150672,2915
4150682,2907
4150693,2901
4150703,2902
4150714,2894
4150724,2890
4150735,2890
4150745,2887
4150756,2883
4150766,2880
4150777,2867
4150787,2870
4150798,2874
4150809,2874
4150819,2877
4150830,2877
4150840,2867
4150851,2876
4150861,2869
4150872,2873
4150882,2875
4150893,2871
4150903,2872
4150914,2877
4150924,2865
4150935,2864
4150945,2864
4150956,2864
4150966,2864
4150977,2859
4150988,2858
4150998,2858
4151009,2858
4151019,2859
4151030,2857
4151040,2851
4151051,2854
4151061,2853
4151072,2855
4151082,2854
4151093,2855
4151103,2857
4151114,2853
4151124,2856
4151135,2850
4151146,2849
4151156,2857
4151167,2853
4151177,2859
4151188,2857
4151198,2858
4151209,2859
4151219,2862
4151230,2863
4151240,2860
4151251,2859
4151261,2861
4151272,2863
4151282,2861
4151293,2866
4151303,2863
4151314,2861
4151325,2877
4151335,2875
4151346,2873
4151356,2879
4151367,2880
4151377,2880
4151388,2879
4151398,2885
4151409,2883
4151419,2880
4151430,2882
4151440,2882
4151451,2881
4151461,2880
4151472,2888
4151483,2882
4151493,2878
4151504,2881
4151514,2883
4151525,2878
4151535,2883
4151546,2880
4151556,2882
4151567,2880
4151577,2882
4151588,2878
4151598,2874
4151609,2878
4151619,2879
4151630,2880
4151640,2877
4151651,2879
4151662,2882
4151672,2881
4151683,2880
4151693,2878
4151704,2879
4151714,2875
4151725,2878
4151735,2876
4151746,2874
4151756,2878
4151767,2880
4151777,2882
4151788,2879
4151798,2887
4151809,2891
4151819,2890
4151830,2894
4151841,2900
4151851,2902
4151862,2899
4151872,2894
4151883,2893
4151893,2896
4151904,2896
4151914,2901
4151925,2903
4151935,2903
4151946,2896
4151956,2899
4151967,2896
4151977,2892
4151988,2896
4151999,2895
4152009,2901
4152020,2889
4152030,2891
4152041,2890
4152051,2884
4152062,2886
4152072,2881
4152083,2884
4152093,2881
4152104,2871
4152114,2866
4152125,2868
4152135,2866
4152146,2864
4152156,2867
4152167,2869
4152178,2867
4152188,2875
4152199,2877
4152209,2891
4152220,2907
4152230,2907
4152241,2911
4152251,2919
4152262,2930
4152272,2934
4152283,2932
4152293,2943
4152304,2957
4152314,2958
4152325,2963
4152335,2970
4152346,2987
4152357,2982
4152367,2987
4152378,2993
4152388,2994
4152399,3002
4152409,3005
4152420,3012
4152430,3024
4152441,3024
4152451,3024
4152462,3024
4152472,3029
4152483,3042
4152493,3061
4152504,3056
4152515,3082
4152525,3066
4152536,3085
4152546,3098
4152557,3118
4152567,3136
4152578,3159
4152588,3173
4152599,3203
4152609,3201
4152620,3204
4152630,3209
4152641,3206
4152651,3204
4152662,3226
4152672,3293
4152683,3287
4152694,3312
4152704,3339
4152715,3339
4152725,3356
4152736,3394
4152746,3437
4152757,3472
4152767,3503
4152778,3504
4152788,3515
4152799,3535
4152809,3551
4152820,3537
4152830,3571
4152841,3551
4152851,3575
4152862,3583
4152873,3642
4152883,3687
4152894,3709
4152904,3726
4152915,3734
4152925,3802
4152936,3875
4152946,3952
4152957,3981
4152967,4021
4152978,4016
4152988,4095
4152999,4089
4153009,4036
4153020,4033
4153031,4019
4153041,4000
4153052,3986
4153062,4040
4153073,4095
4153083,4095
4153094,4095
4153104,4095
4153115,4095
4153125,4095
4153136,4095
4153146,4095
4153157,4095
4153167,4095
4153178,4095
4153188,4095
4153199,4095
4153210,4095
4153220,4095
4153231,4095
4153241,4095
4153252,4095
4153262,4095
4153273,4095
4153283,4095
4153294,4095
4153304,4095
4153315,4095
4153325,4095
4153336,4095
4153346,4095
4153357,4095
4153367,4095
4153378,4095
4153389,4095
4153399,4095
4153410,4095
4153420,4095
4153431,4095
4153441,4095
4153452,4095
4153462,4095
4153473,4095
4153483,4095
4153494,4095
4153504,4095
4153515,4095
4153525,4095
4153536,4095
4153547,4095
4153557,4095
4153568,4095
4153578,4095
4153589,4095
4153599,4095
4153610,4095
4153620,4095
4153631,4095
4153641,4095
4153652,4095
4153662,4095
4153673,4095
4153683,4095
4153694,4095
4153704,4095
4153715,4095
4153726,4095
4153736,4095
4153747,4095
4153757,4095
4153768,4095
4153778,4095
4153789,4095
4153799,4095
4153810,4095
4153820,4095
4153831,4095
4153841,4095
4153852,4095
4153862,4095
4153873,4095
4153883,4095
4153894,4095
4153905,4095
4153915,4095
4153926,4095
4153936,4095
4153947,4095
4153957,4095
4153968,4095
4153978,4095
4153989,4095
4153999,4095
4154010,4057
4154020,4019
4154031,3952
4154041,3903
4154052,3901
4154063,3898
4154073,3894
4154084,3857
4154094,3881
4154105,3920
4154115,3959
4154126,3973
4154136,4009
4154147,4095
4154157,4095
4154168,4095
4154178,4095
4154189,4095
4154199,4095
4154210,4095
4154220,4095
4154231,4095
4154242,4095
4154252,4095
4154263,4095
4154273,4095
4154284,4095
4154294,4095
4154305,4095
4154315,4095
4154326,4095
4154336,4095
4154347,4095
4154357,4095
4154368,4095
4154378,4095
4154389,4095
4154399,4095
4154410,4095
4154421,4095
4154431,4095
4154442,4095
4154452,4095
4154463,4095
4154473,4095
4154484,4095
4154494,4095
4154505,4095
4154515,4095
4154526,4095
4154536,4095
4154547,4095
4154557,4095
4154568,4095
4154579,4095
4154589,4095
4154600,4095
4154610,4095
4154621,4095
4154631,4095
4154642,4095
4154652,4095
4154663,4095
4154673,4095
4154684,4095
4154694,4095
4154705,4095
4154715,4095
4154726,4095
4154736,4095
4154747,4095
4154758,4095
4154768,4095
4154779,4095
4154789,4095
4154800,4095
4154810,4095
4154821,4095
4154831,4095
4154842,4095
4154852,4095
4154863,4095
4154873,4095
4154884,4095
4154894,4095
4154905,4095
4154915,4095
4154926,4095
4154937,4095
4154947,4095
4154958,4095
4154968,4095
4154979,4095
4154989,4095
4155000,4095
4155010,4095
4155021,4095
4155031,4095
4155042,4095
4155052,4095
4155063,4095
4155073,4095
4155084,4095
4155095,4095
4155105,4095
4155117,4095
4155127,4095
4155138,4095
4155148,4095
4155159,4095
4155169,4095
4155180,4095
4155190,4095
4155201,4095
4155211,4095
4155222,4095
4155232,4095
4155243,4095
4155253,4095
4155264,4095
4155274,4095
4155285,4095
4155296,4095
4155306,4095
4155317,4095
4155327,4095
4155338,4095
4155348,4095
4155359,4095
4155369,4095
4155380,4095
4155390,4095
4155401,4095
4155411,4095
4155422,4095
4155432,4095
4155443,4095
4155453,4095
4155464,4095
4155475,4095
4155485,4095
4155496,4095
4155506,4095
4155517,4095
4155527,4095
4155538,4095
4155548,4095
4155559,4095
4155569,4095
4155580,4095
4155590,4095
4155601,4095
4155611,4095
4155622,4095
4155633,4095
4155643,4095
4155654,4095
4155664,4095
4155675,4095
4155685,4095
4155696,4095
4155706,4095
4155717,4095
4155727,4095
4155738,4095
4155748,4095
4155759,4095
4155769,4095
4155780,4095
4155790,4095
4155801,4095
4155812,4095
4155822,4095
4155833,4095
4155843,4095
4155854,4095
4155864,4095
4155875,4095
4155885,4095
4155896,4095
4155906,4095
4155917,4095
4155927,4095
4155938,4095
4155948,4095
4155959,4095
4155969,4095
4155980,4095
4155991,4095
4156001,4095
4156012,4095
4156022,4095
4156033,4095
4156043,4095
4156054,4095
4156064,4095
4156075,4095
4156085,4095
4156096,4095
4156106,4095
4156117,4095
4156127,4095
4156138,4095
4156149,4095
4156159,4095
4156170,4095
4156180,4095
4156191,4095
4156201,4095
4156212,4095
4156222,4095
4156233,4095
4156243,4095
4156254,4095
4156264,4095
4156275,4095
4156285,4095
4156296,4095
4156306,4095
4156317,4095
4156328,4095
4156338,4095
4156349,4095
4156359,4095
4156370,4095
4156380,4095
4156391,4095
4156401,4095
4156412,4095
4156422,4095
4156433,4095
4156443,4095
4156454,4095
4156464,4095
4156475,4095
4156485,4095
4156496,4095
4156507,4095
4156517,4095
4156528,4095
4156538,4095
4156549,4095
4156559,4095
4156570,4095
4156580,4095
4156591,4095
4156601,4095
4156612,4095
4156622,4095
4156633,4095
4156643,4095
4156654,4095
4156665,4095
4156675,4095
4156686,4095
4156696,4095
4156707,4095
4156717,4095
4156728,4095
4156738,4095
4156749,4095
4156759,4095
4156770,4095
4156780,4095
4156791,4095
4156801,4095
4156812,4095
4156822,4095
4156833,4095
4156844,4095
4156854,4095
4156865,4095
4156875,4095
4156886,4095
4156896,4095
4156907,4095
4156917,4095
4156928,4095
4156938,4095
4156949,4095
4156959,4095
4156970,4095
4156980,4095
4156991,4095
4157001,4095
4157012,4095
4157023,4095
4157033,4095
4157044,4095
4157054,4095
4157065,4095
4157075,4095
4157086,4095
4157096,4095
4157107,4095
4157117,4095
4157128,4095
4157138,4095
4157149,4095
4157159,4095
4157170,4095
4157181,4095
4157191,4095
4157202,4095
4157212,4095
4157223,4095
4157233,4095
4157244,4095
4157254,4095
4157265,4095
4157275,4095
4157286,4095
4157296,4095
4157307,4095
4157317,4095
4157328,4095
4157338,4095
4157349,4095
4157360,4095
4157370,4095
4157381,4095
4157391,4095
4157402,4095
4157412,4095
4157423,4095
4157433,4095
4157444,4095
4157454,4095
4157465,4095
4157475,4095
4157486,4095
4157496,4095
4157507,4095
4157517,4095
4157528,4095
4157539,4095
4157549,4095
4157560,4095
4157570,4095
4157581,4095
4157591,4095
4157602,4095
4157612,4095
4157623,4095
4157633,4095
4157644,4095
4157654,4095
4157665,4095
4157675,4095
4157686,4095
4157697,4095
4157707,4095
4157718,4095
4157728,4095
4157739,4095
4157749,4095
4157760,4095
4157770,4095
4157781,4095
4157791,4095
4157802,4095
4157812,4095
4157823,4095
4157833,4095
4157844,4095
4157854,4095
4157865,4095
4157876,4095
4157886,4095
4157897,4095
4157907,4095
4157918,4095
4157928,4095
4157939,4095
4157949,4095
4157960,4095
4157970,4095
4157981,4095
4157991,4095
4158002,4095
4158012,4095
4158023,4095
4158033,4095
4158044,4095
4158055,4095
4158065,4095
4158076,4095
4158086,4095
4158097,4095
4158107,4095
4158118,4095
4158128,4095
4158139,4095
4158149,4095
4158160,4095
4158170,4095
4158181,4095
4158191,4095
4158202,4095
4158213,4095
4158223,4095
4158234,4095
4158244,4095
4158255,4095
4158265,4095
4158276,4095
4158286,4095
4158297,4095
4158307,4095
4158318,4095
4158328,4095
4158339,4095
4158349,4095
4158360,4095
4158370,4095
4158381,4095
4158392,4095
4158402,4095
4158413,4095
4158423,4095
4158434,4095
4158444,4095
4158455,4095
4158465,4095
4158476,4095
4158486,4095
4158497,4095
4158507,4095
4158518,4095
4158528,4095
4158539,4095
4158549,4095
4158560,4095
4158571,4095
4158581,4095
4158592,4095
4158602,4095
4158613,4095
4158623,4095
4158634,4095
4158644,4095
4158655,4095
4158665,4095
4158676,4095
4158686,4095
4158697,4095
4158707,4095
4158718,4095
4158729,4095
4158739,4095
4158750,4095
4158760,4095
4158771,4095
4158781,4095
4158792,4095
4158802,4095
4158813,4095
4158823,4095
4158834,4095
4158844,4095
4158855,4095
4158865,4095
4158876,4095
4158886,4095
4158897,4095
4158908,4095
4158918,4095
4158929,4095
4158939,4095
4158950,4095
4158960,4095
4158971,4095
4158981,4095
4158992,4095
4159002,4095
4159013,4095
4159023,4095
4159034,4095
4159044,4095
4159055,4095
4159065,4095
4159076,4095
4159087,4095
4159097,4095
4159108,4095
4159118,4095
4159129,4095
4159139,4095
4159150,4095
4159160,4095
4159171,4095
4159181,4095
4159192,4095
4159202,4095
4159213,4095
4159223,4095
4159234,4095
4159245,4095
4159255,4095
4159266,4095
4159276,4095
4159287,4095
4159297,4095
4159308,4095
4159318,4095
4159329,4095
4159339,4095
4159350,4095
4159360,4095
4159371,4095
4159381,4095
4159392,4095
4159402,4095
4159413,4095
4159424,4095
4159434,4095
4159445,4095
4159455,4095
4159466,4095
4159476,4095
4159487,4095
4159497,4095
4159508,4095
4159518,4095
4159529,4095
4159539,4095
4159550,4095
4159560,4095
4159571,4095
4159581,4095
4159592,4095
4159603,4095
4159613,4095
4159624,4095
4159634,4095
4159645,4095
4159655,4095
4159666,4095
4159676,4095
4159687,4095
4159697,4095
4159708,4095
4159718,4095
4159729,4095
4159739,4095
4159750,4095
4159761,4095
4159771,4095
4159782,4095
4159792,4095
4159803,4095
4159813,4095
4159824,4095
4159834,4095
4159845,4095
4159855,4095
4159866,4095
4159876,4095
4159887,4095
4159897,4095
4159908,4095
4159918,4095
4159929,4095
4159940,4095
4159950,4095
4159961,4095
4159971,4095
4159982,4095
4159992,4095
4160003,4095
4160013,4095
4160024,4095
4160034,4095
4160045,4095
4160055,4095
4160066,4095
4160076,4095
4160087,4095
4160097,4095
4160108,4095
4160119,4095
4160129,4095
4160140,4095
4160150,4095
4160161,4095
4160171,4095
4160182,4095
4160192,4095
4160203,4095
4160213,4095
4160224,4095
4160234,4095
4160245,4095
4160255,4095
4160266,4095
4160277,4095
4160287,4095
4160298,4095
4160308,4095
4160319,4095
4160329,4095
4160340,4095
4160350,4095
4160361,4095
4160371,4095
4160382,4095
4160392,4095
4160403,4095
4160413,4095
4160424,4095
4160434,4095
4160445,4095
4160456,4095
4160466,4095
4160477,4095
4160487,4095
4160498,4095
4160508,4095
4160519,4095
4160529,4095
4160540,4095
4160550,4095
4160561,4095
4160571,4095
4160582,4095
4160592,4095
4160603,4095
4160614,4095
4160624,4095
4160635,4095
4160645,4095
4160656,4095
4160666,4095
4160677,4095
4160687,4095
4160698,4095
4160708,4095
4160719,4095
4160729,4095
4160740,4095
4160750,4095
4160761,4095
4160771,4095
4160782,4095
4160793,4095
4160803,4095
4160814,4095
4160824,4095
4160835,4095
4160845,4095
4160856,4095
4160866,4095
4160877,4095
4160887,4095
4160898,4095
4160908,4095
4160919,4095
4160929,4095
4160940,4095
4160950,4095
4160962,4095
4160972,4095
4160983,4095
4160994,4095
4161004,4095
4161015,4095
4161025,4095
4161036,4095
4161046,4095
4161057,4095
4161067,4095
4161078,4095
4161088,4095
4161099,4095
4161109,4095
4161120,4095
4161130,4095
4161141,4095
4161152,4095
4161162,4095
4161173,4095
4161183,4095
4161194,4095
4161204,4095
4161215,4095
4161225,4095
4161236,4095
4161246,4095
4161257,4095
4161267,4095
4161278,4095
4161288,4095
4161299,4095
4161309,4095
4161320,4095
4161331,4095
4161341,4095
4161352,4095
4161362,4095
4161373,4095
4161383,4095
4161394,4095
4161404,4095
4161415,4095
4161425,4095
4161436,4095
4161446,4095
4161457,4095
4161467,4095
4161478,4095
4161488,4095
4161499,4095
4161510,4095
4161520,4095
4161531,4095
4161541,4095
4161552,4095
4161562,4095
4161573,4095
4161583,4095
4161594,4095
4161604,4095
4161615,4095
4161625,4095
4161636,4095
4161646,4095
4161657,4095
4161668,4095
4161678,4095
4161689,4095
4161699,4095
4161710,4095
4161720,4095
4161731,4095
4161741,4095
4161752,4095
4161762,4095
4161773,4095
4161783,4095
4161794,4095
4161804,4095
4161815,4095
4161825,4095
4161836,4095
4161847,4095
4161857,4095
4161868,4095
4161878,4095
4161889,4095
4161899,4095
4161910,4095
4161920,4095
4161931,4095
4161941,4095
4161952,4095
4161962,4095
4161973,4095
4161983,4095
4161994,4095
4162005,4095
4162015,4095
4162026,4095
4162036,4095
4162047,4095
4162057,4095
4162068,4095
4162078,4095
4162089,4095
4162099,4095
4162110,4095
4162120,4095
4162131,4095
4162141,4095
4162152,4095
4162162,4095
4162173,4095
4162184,4095
4162194,4095
4162205,4095
4162215,4095
4162226,4095
4162236,4095
4162247,4095
4162257,4095
4162268,4095
4162278,4095
4162289,4095
4162299,4095
4162310,4095
4162320,4095
4162331,4095
4162341,4095
4162352,4095
4162363,4095
4162373,4095
4162384,4095
4162394,4095
4162405,4095
4162415,4095
4162426,4095
4162436,4095
4162447,4095
4162457,4095
4162468,4095
4162478,4095
4162489,4095
4162499,4095
4162510,4095
4162521,4095
4162531,4095
4162542,4095
4162552,4095
4162563,4095
4162573,4095
4162584,4095
4162594,4095
4162605,4095
4162615,4095
4162626,4095
4162636,4095
4162647,4095
4162657,4095
4162668,4095
4162678,4095
4162689,4095
4162700,4095
4162710,4095
4162721,4095
4162731,4095
4162742,4095
4162752,4095
4162763,4095
4162773,4095
4162784,4095
4162794,4095
4162805,4095
4162815,4095
4162826,4095
4162836,4095
4162847,4095
4162857,4095
4162868,4095
4162879,4095
4162889,4095
4162900,4095
4162910,4095
4162921,4095
4162931,4095
4162942,4095
4162952,4095
4162963,4095
4162973,4095
4162984,4095
4162994,4095
4163005,4095
4163015,4095
4163026,4095
4163036,4095
4163047,4095
4163058,4095
4163068,4095
4163079,4095
4163089,4095
4163100,4095
4163110,4095
4163121,4095
4163131,4095
4163142,4095
4163152,4095
4163163,4095
4163173,4095
4163184,4095
4163194,4095
4163205,4095
4163216,4095
4163226,4095
4163237,4095
4163247,4095
4163258,4095
4163268,4095
4163279,4095
4163289,4095
4163300,4095
4163310,4095
4163321,4095
4163331,4095
4163342,4095
4163352,4095
4163363,4095
4163373,4095
4163384,4095
4163395,4095
4163405,4095
4163416,4095
4163426,4095
4163437,4095
4163447,4095
4163458,4095
4163468,4095
4163479,4095
4163489,4095
4163500,4095
4163510,4095
4163521,4095
4163531,4095
4163542,4095
4163553,4095
4163563,4095
4163574,4095
4163584,4095
4163595,4095
4163605,4095
4163616,4095
4163626,4095
4163637,4095
4163647,4095
4163658,4095
4163668,4095
4163679,4095
4163689,4095
4163700,4095
4163710,4095
4163721,4095
4163732,4095
4163742,4095
4163753,4095
4163763,4095
4163774,4095
4163784,4095
4163795,4095
4163805,4095
4163816,4095
4163826,4095
4163837,4095
4163847,4095
4163858,4095
4163868,4095
4163879,4095
4163890,4095
4163900,4095
4163911,4095
4163921,4095
4163932,4095
4163942,4095
4163953,4095
4163963,4095
4163974,4095
4163984,4095
4163995,4095
4164005,4095
4164016,4095
4164026,4095
4164037,4095
4164047,4095
4164058,4095
4164069,4095
4164079,4095
4164090,4095
4164100,4095
4164111,4095
4164121,4095
4164132,4095
4164142,4095
4164153,4095
4164163,4095
4164174,4095
4164184,4095
4164195,4095
4164205,4095
4164216,4095
4164226,4095
4164237,4095
4164248,4095
4164258,4095
4164269,4095
4164279,4095
4164290,4095
4164300,4095
4164311,4095
4164321,4095
4164332,4095
4164342,4095
4164353,4095
4164363,4095
4164374,4095
4164384,4095
4164395,4095
4164406,4095
4164416,4095
4164427,4095
4164437,4095
4164448,4095
4164458,4095
4164469,4095
4164479,4095
4164490,4095
4164500,4095
4164511,4095
4164521,4095
4164532,4095
4164542,4095
4164553,4095
4164563,4095
4164574,4095
4164585,4095
4164595,4095
4164606,4095
4164616,4095
4164627,4095
4164637,4095
4164648,4095
4164658,4095
4164669,4095
4164679,4095
4164690,4095
4164700,4095
4164711,4095
4164721,4095
4164732,4095
4164742,4095
4164753,4095
4164764,4095
4164774,4095
4164785,4095
4164795,4095
4164806,4095
4164816,4095
4164827,4095
4164837,4095
4164848,4095
4164858,4095
4164869,4095
4164879,4095
4164890,4095
4164900,4095
4164911,4095
4164922,4095
4164932,4095
4164943,4095
4164953,4095
4164964,4095
4164974,4095
4164985,4095
4164995,4095
4165006,4095
4165016,4095
4165027,4095
4165037,4095
4165048,4095
4165058,4095
4165069,4095
4165079,4095
4165090,4095
4165101,4095
4165111,4095
4165122,4095
4165132,4095
4165143,4095
4165153,4095
4165164,4095
4165174,4095
4165185,4095
4165195,4095
4165206,4095
4165216,4095
4165227,4095
4165237,4095
4165248,4095
4165258,4095
4165269,4095
4165280,4095
4165290,4095
4165301,4095
4165311,4095
4165322,4095
4165332,4095
4165343,4095
4165353,4095
4165364,4095
4165374,4095
4165385,4095
4165395,4095
4165406,4095
4165416,4095
4165427,4095
4165438,4095
4165448,4095
4165459,4095
4165469,4095
4165480,4095
4165490,4095
4165501,4095
4165511,4095
4165522,4095
4165532,4095
4165543,4095
4165553,4095
4165564,4095
4165574,4095
4165585,4095
4165595,4095
4165606,4095
4165617,4095
4165627,4095
4165638,4095
4165648,4095
4165659,4095
4165669,4095
4165680,4095
4165690,4095
4165701,4095
4165711,4095
4165722,4095
4165732,4095
4165743,4095
4165753,4095
4165764,4095
4165775,4095
4165785,4095
4165796,4095
4165806,4095
4165817,4095
4165827,4095
4165838,4095
4165848,4095
4165859,4095
4165869,4095
4165880,4095
4165890,4095
4165901,4095
4165911,4095
4165922,4095
4165932,4095
4165943,4095
4165954,4095
4165964,4095
4165975,4095
4165985,4095
4165996,4095
4166006,4095
4166017,4095
4166027,4095
4166038,4095
4166048,4095
4166059,4095
4166069,4095
4166080,4095
4166090,4095
4166101,4095
4166111,4095
4166122,4095
4166133,4095
4166143,4095
4166154,4095
4166164,4095
4166175,4095
4166185,4095
4166196,4095
4166206,4095
4166217,4095
4166227,4095
4166238,4095
4166248,4095
4166259,4095
4166269,4095
4166280,4095
4166291,4095
4166301,4095
4166312,4095
4166322,4095
4166333,4095
4166343,4095
4166354,4095
4166364,4095
4166375,4095
4166385,4095
4166396,4095
4166406,4095
4166417,4095
4166427,4095
4166438,4095
4166448,4095
4166459,4095
4166470,4095
4166480,4095
4166491,4095
4166501,4095
4166512,4095
4166522,4095
4166533,4095
4166543,4095
4166554,4095
4166564,4095
4166575,4095
4166585,4095
4166596,4095
4166606,4095
4166617,4095
4166627,4095
4166638,4095
4166649,4095
4166659,4095
4166670,4095
4166680,4095
4166691,4095
4166701,4095
4166712,4095
4166722,4095
4166733,4095
4166743,4095
4166754,4095
4166764,4095
4166775,4095
4166785,4095
4166796,4095
4166806,4095
4166818,4095
4166829,4095
4166839,4095
4166850,4095
4166860,4095
4166871,4095
4166881,4095
4166892,4095
4166902,4095
4166913,4095
4166923,4095
4166934,4095
4166944,4095
4166955,4095
4166965,4095
4166976,4095
4166986,4095
4166997,4095
4167008,4095
4167018,4095
4167029,4095
4167039,4095
4167050,4095
4167060,4095
4167071,4095
4167081,4095
4167092,4095
4167102,4095
4167113,4095
4167123,4095
4167134,4095
4167144,4095
4167155,4095
4167165,4095
4167176,4095
4167187,4095
4167197,4095
4167208,4095
4167218,4095
4167229,4095
4167239,4095
4167250,4095
4167260,4095
4167271,4095
4167281,4095
4167292,4095
4167302,4095
4167313,4095
4167323,4095
4167334,4095
4167345,4095
4167355,4095
4167366,4095
4167376,4095
4167387,4095
4167397,4095
4167408,4095
4167418,4095
4167429,4095
4167439,4095
4167450,4095
4167460,4095
4167471,4095
4167481,4095
4167492,4095
4167502,4095
4167513,4095
4167524,4095
4167534,4095
4167545,4095
4167555,4095
4167566,4095
4167576,4095
4167587,4095
4167597,4095
4167608,4095
4167618,4095
4167629,4095
4167639,4095
4167650,4095
4167660,4095
4167671,4095
4167681,4095
4167692,4095
4167703,4095
4167713,4095
4167724,4095
4167734,4095
4167745,4095
4167755,4095
4167766,4095
4167776,4095
4167787,4095
4167797,4095
4167808,4095
4167818,4095
4167829,4095
4167839,4095
4167850,4095
4167861,4095
4167871,4095
4167882,4095
4167892,4095
4167903,4095
4167913,4095
4167924,4095
4167934,4095
4167945,4095
4167955,4095
4167966,4095
4167976,4095
4167987,4095
4167997,4095
4168008,4095
4168018,4095
4168029,4095
4168040,4095
4168050,4095
4168061,4095
4168071,4095
4168082,4095
4168092,4095
4168103,4095
4168113,4095
4168124,4095
4168134,4095
4168145,4095
4168155,4095
4168166,4095
4168176,4095
4168187,4095
4168197,4095
4168208,4095
4168219,4095
4168229,4095
4168240,4095
4168250,4095
4168261,4095
4168271,4095
4168282,4095
4168292,4095
4168303,4095
4168313,4095
4168324,4095
4168334,4095
4168345,4095
4168355,4095
4168366,4095
4168377,4095
4168387,4095
4168398,4095
4168408,4095
4168419,4095
4168429,4095
4168440,4095
4168450,4095
4168461,4095
4168471,4095
4168482,4095
4168492,4095
4168503,4095
4168513,4095
4168524,4095
4168534,4095
4168545,4095
4168556,4095
4168566,4095
4168577,4095
4168587,4095
4168598,4095
4168608,4095
4168619,4095
4168629,4095
4168640,4095
4168650,4095
4168661,4095
4168671,4095
4168682,4095
4168692,4095
4168703,4095
4168713,4095
4168724,4095
4168735,4095
4168745,4095
4168756,4095
4168766,4095
4168777,4095
4168787,4095
4168798,4095
4168808,4095
4168819,4095
4168829,4095
4168840,4095
4168850,4095
4168861,4095
4168871,4095
4168882,4095
4168893,4095
4168903,4095
4168914,4095
4168924,4095
4168935,4095
4168945,4095
4168956,4095
4168966,4095
4168977,4095
4168987,4095
4168998,4095
4169008,4095
4169019,4095
4169029,4095
4169040,4095
4169050,4095
4169061,4095
4169072,4095
4169082,4095
4169093,4095
4169103,4095
4169114,4095
4169124,4095
4169135,4095
4169145,4095
4169156,4095
4169166,4095
4169177,4095
4169187,4095
4169198,4095
4169208,4095
4169219,4095
4169229,4095
4169240,4095
4169251,4095
4169261,4095
4169272,4095
4169282,4095
4169293,4095
4169303,4095
4169314,4095
4169324,4095
4169335,4095
4169345,4095
4169356,4095
4169366,4095
4169377,4095
4169387,4095
4169398,4095
4169409,4095
4169419,4095
4169430,4095
4169440,4095
4169451,4095
4169461,4095
4169472,4095
4169482,4095
4169493,4095
4169503,4095
4169514,4095
4169524,4095
4169535,4095
4169545,4095
4169556,4095
4169566,4095
4169577,4095
4169588,4095
4169598,4095
4169609,4095
4169619,4095
4169630,4095
4169640,4095
4169651,4095
4169661,4095
4169672,4095
4169682,4095
4169693,4095
4169703,4095
4169714,4095
4169724,4095
4169735,4095
4169745,4095
4169756,4095
4169767,4095
4169777,4095
4169788,4095
4169798,4095
4169809,4095
4169819,4095
4169830,4095
4169840,4095
4169851,4095
4169861,4095
4169872,4095
4169882,4095
4169893,4095
4169903,4095
4169914,4095
4169925,4095
4169935,4095
4169946,4095
4169956,4095
4169967,4095
4169977,4095
4169988,4095
4169998,4095
4170009,4095
4170019,4095
4170030,4095
4170040,4095
4170051,4095
4170061,4095
4170072,4095
4170082,4095
4170093,4095
4170104,4095
4170114,4095
4170125,4095
4170135,4095
4170146,4095
4170156,4095
4170167,4095
4170177,4095
4170188,4095
4170198,4095
4170209,4095
4170219,4095
4170230,4095
4170240,4095
4170251,4095
4170261,4095
4170272,4095
4170283,4095
4170293,4095
4170304,4095
4170314,4095
4170325,4095
4170335,4095
4170346,4095
4170356,4095
4170367,4095
4170377,4095
4170388,4095
4170398,4095
4170409,4095
4170419,4095
4170430,4095
4170441,4095
4170451,4095
4170462,4095
4170472,4095
4170483,4095
4170493,4095
4170504,4095
4170514,4095
4170525,4095
4170535,4095
4170546,4095
4170556,4095
4170567,4095
4170577,4095
4170588,4095
4170598,4095
4170609,4095
4170620,4095
4170630,4095
4170641,4095
4170651,4095
4170662,4095
4170672,4095
4170683,4095
4170693,4095
4170704,4095
4170714,4095
4170725,4095
4170735,4095
4170746,4095
4170756,4095
4170767,4095
4170777,4095
4170788,4095
4170799,4095
4170809,4095
4170820,4095
4170830,4095
4170841,4095
4170851,4095
4170862,4095
4170872,4095
4170883,4095
4170893,4095
4170904,4095
4170914,4095
4170925,4095
4170935,4095
4170946,4095
4170957,4095
4170967,4095
4170978,4095
4170988,4095
4170999,4095
4171009,4095
4171020,4095
4171030,4095
4171041,4095
4171051,4095
4171062,4095
4171072,4095
4171083,4095
4171093,4095
4171104,4095
4171114,4095
4171125,4095
4171136,4095
4171146,4095
4171157,4095
4171167,4095
4171178,4095
4171188,4095
4171199,4095
4171209,4095
4171220,4095
4171230,4095
4171241,4095
4171251,4095
4171262,4095
4171272,4095
4171283,4095
4171293,4095
4171304,4095
4171315,4095
4171325,4095
4171336,4095
4171346,4095
4171357,4095
4171367,4095
4171378,4095
4171388,4095
4171399,4095
4171409,4095
4171420,4095
4171430,4095
4171441,4095
4171451,4095
4171462,4095
4171473,4095
4171483,4095
4171494,4095
4171504,4095
4171515,4095
4171525,4095
4171536,4095
4171546,4095
4171557,4095
4171567,4095
4171578,4095
4171588,4095
4171599,4095
4171609,4095
4171620,4095
4171630,4095
4171641,4095
4171652,4095
4171662,4095
4171673,4095
4171683,4095
4171694,4095
4171704,4095
4171715,4095
4171725,4095
4171736,4095
4171746,4095
4171757,4095
4171767,4095
4171778,4095
4171788,4095
4171799,4095
4171809,4095
4171820,4095
4171831,4095
4171841,4095
4171852,4095
4171862,4095
4171873,4095
4171883,4095
4171894,4095
4171904,4095
4171915,4095
4171925,4095
4171936,4095
4171946,4095
4171957,4095
4171967,4095
4171978,4095
4171989,4095
4171999,4095
4172010,4095
4172020,4095
4172031,4095
4172041,4095
4172052,4095
4172062,4095
4172073,4095
4172083,4095
4172094,4095
4172104,4095
4172115,4095
4172125,4095
4172136,4095
4172146,4095
4172157,4095
4172168,4095
4172178,4095
4172189,4095
4172199,4095
4172210,4095
4172220,4095
4172231,4095
4172241,4095
4172252,4095
4172262,4095
4172273,4095
4172283,4095
4172294,4095
4172304,4095
4172315,4095
4172326,4095
4172336,4095
4172347,4095
4172357,4095
4172368,4095
4172378,4095
4172389,4095
4172399,4095
4172410,4095
4172420,4095
4172431,4095
4172441,4095
4172452,4095
4172462,4095
4172473,4095
4172483,4095
4172494,4095
4172505,4095
4172515,4095
4172526,4095
4172536,4095
4172547,4095
4172557,4095
4172568,4095
4172578,4095
4172589,4095
4172599,4095
4172610,4095
4172620,4095
4172631,4095
4172641,4095
4172652,4095
4172663,4095
4172674,4095
4172684,4095
4172695,4095
4172706,4095
4172716,4095
4172727,4095
4172737,4095
4172748,4095
4172758,4095
4172769,4095
4172779,4095
4172790,4095
4172800,4095
4172811,4095
4172821,4095
4172832,4095
4172842,4095
4172853,4095
4172864,4095
4172874,4095
4172885,4095
4172895,4095
4172906,4095
4172916,4095
4172927,4095
4172937,4095
4172948,4095
4172958,4095
4172969,4095
4172979,4095
4172990,4095
4173000,4095
4173011,4095
4173021,4095
4173032,4095
4173043,4095
4173053,4095
4173064,4095
4173074,4095
4173085,4095
4173095,4095
4173106,4095
4173116,4095
4173127,4095
4173137,4095
4173148,4095
4173158,4095
4173169,4095
4173179,4095
4173190,4095
4173200,4095
4173211,4095
4173222,4095
4173232,4095
4173243,4095
4173253,4095
4173264,4095
4173274,4095
4173285,4095
4173295,4095
4173306,4095
4173316,4095
4173327,4095
4173337,4095
4173348,4095
4173358,4095
4173369,4095
4173380,4095
4173390,4095
4173401,4095
4173411,4095
4173422,4095
4173432,4095
4173443,4095
4173453,4095
4173464,4095
4173474,4095
4173485,4095
4173495,4095
4173506,4095
4173516,4095
4173527,4095
4173537,4095
4173548,4095
4173559,4095
4173569,4095
4173580,4095
4173590,4095
4173601,4095
4173611,4095
4173622,4095
4173632,4095
4173643,4095
4173653,4095
4173664,4095
4173674,4095
4173685,4095
4173695,4095
4173706,4095
4173716,4095
4173727,4095
4173738,4095
4173748,4095
4173759,4095
4173769,4095
4173780,4095
4173790,4095
4173801,4095
4173811,4095
4173822,4095
4173832,4095
4173843,4095
4173853,4095
4173864,4095
4173874,4095
4173885,4095
4173896,4095
4173906,4095
4173917,4095
4173927,4095
4173938,4095
4173948,4095
4173959,4095
4173969,4095
4173980,4095
4173990,4095
4174001,4095
4174011,4095
4174022,4095
4174032,4095
4174043,4095
4174053,4095
4174064,4095
4174075,4095
4174085,4095
4174096,4095
4174106,4095
4174117,4095
4174127,4095
4174138,4095
4174148,4095
4174159,4095
4174169,4095
4174180,4095
4174190,4095
4174201,4095
4174211,4095
4174222,4095
4174232,4095
4174243,4095
4174254,4095
4174264,4095
4174275,4095
4174285,4095
4174296,4095
4174306,4095
4174317,4095
4174327,4095
4174338,4095
4174348,4095
4174359,4095
4174369,4095
4174380,4095
4174390,4095
4174401,4095
4174412,4095
4174422,4095
4174433,4095
4174443,4095
4174454,4095
4174464,4095
4174475,4095
4174485,4095
4174496,4095
4174506,4095
4174517,4095
4174527,4095
4174538,4095
4174548,4095
4174559,4095
4174569,4095
4174580,4095
4174591,4095
4174601,4095
4174612,4095
4174622,4095
4174633,4095
4174643,4095
4174654,4095
4174664,4095
4174675,4095
4174685,4095
4174696,4095
4174706,4095
4174717,4095
4174727,4095
4174738,4095
4174748,4095
4174759,4095
4174770,4095
4174780,4095
4174791,4095
4174801,4095
4174812,4095
4174822,4095
4174833,4095
4174843,4095
4174854,4095
4174864,4095
4174875,4095
4174885,4095
4174896,4095
4174906,4095
4174917,4095
4174927,4095
4174938,4095
4174949,4095
4174959,4095
4174970,4095
4174980,4095
4174991,4095
4175001,4095
4175012,4095
4175022,4095
4175033,4095
4175043,4095
4175054,4095
4175064,4095
4175075,4095
4175085,4095
4175096,4095
4175107,4095
4175117,4095
4175128,4095
4175138,4095
4175149,4095
4175159,4095
4175170,4095
4175180,4095
4175191,4095
4175201,4095
4175212,4095
4175222,4095
4175233,4095
4175243,4095
4175254,4095
4175264,4095
4175275,4095
4175286,4095
4175296,4095
4175307,4095
4175317,4095
4175328,4095
4175338,4095
4175349,4095
4175359,4095
4175370,4095
4175380,4095
4175391,4095
4175401,4095
4175412,4095
4175422,4095
4175433,4095
4175444,4095
4175454,4095
4175465,4095
4175475,4095
4175486,4095
4175496,4095
4175507,4095
4175517,4095
4175528,4095
4175538,4095
4175549,4095
4175559,4095
4175570,4095
4175580,4095
4175591,4095
4175601,4095
4175612,4095
4175623,4095
4175633,4095
4175644,4095
4175654,4095
4175665,4095
4175675,4095
4175686,4095
4175696,4095
4175707,4095
4175717,4095
4175728,4095
4175738,4095
4175749,4095
4175759,4095
4175770,4095
4175780,4095
4175791,4095
4175802,4095
4175812,4095
4175823,4095
4175833,4095
4175844,4095
4175854,4095
4175865,4095
4175875,4095
4175886,4095
4175896,4095
4175907,4095
4175917,4095
4175928,4095
4175938,4095
4175949,4095
4175960,4095
4175970,4095
4175981,4095
4175991,4095
4176002,4095
4176012,4095
4176023,4095
4176033,4095
4176044,4095
4176054,4095
4176065,4095
4176075,4095
4176086,4095
4176096,4095
4176107,4095
4176117,4095
4176128,4095
4176139,4095
4176149,4095
4176160,4095
4176170,4095
4176181,4095
4176191,4095
4176202,4095
4176212,4095
4176223,4095
4176233,4095
4176244,4095
4176254,4095
4176265,4095
4176275,4095
4176286,4095
4176296,4095
4176307,4095
4176318,4095
4176328,4095
4176339,4095
4176349,4095
4176360,4095
4176370,4095
4176381,4095
4176391,4095
4176402,4095
4176412,4095
4176423,4095
4176433,4095
4176444,4095
4176454,4095
4176465,4095
4176476,4095
4176486,4095
4176497,4095
4176507,4095
4176518,4095
4176528,4095
4176539,4095
4176549,4095
4176560,4095
4176570,4095
4176581,4095
4176591,4095
4176602,4095
4176612,4095
4176623,4095
4176633,4095
4176644,4095
4176655,4095
4176665,4095
4176676,4095
4176686,4095
4176697,4095
4176707,4095
4176718,4095
4176728,4095
4176739,4095
4176749,4095
4176760,4095
4176770,4095
4176781,4095
4176791,4095
4176802,4095
4176812,4095
4176823,4095
4176834,4095
4176844,4095
4176855,4095
4176865,4095
4176876,4095
4176886,4095
4176897,4095
4176907,4095
4176918,4095
4176928,4095
4176939,4095
4176949,4095
4176960,4095
4176970,4095
4176981,4095
4176992,4095
4177002,4095
4177013,4095
4177023,4095
4177034,4095
4177044,4095
4177055,4095
4177065,4095
4177076,4095
4177086,4095
4177097,4095
4177107,4095
4177118,4095
4177128,4095
4177139,4095
4177149,4095
4177160,4095
4177171,4095
4177181,4095
4177192,4095
4177202,4095
4177213,4095
4177223,4095
4177234,4095
4177244,4095
4177255,4095
4177265,4095
4177276,4095
4177286,4095
4177297,4095
4177307,4095
4177318,4095
4177328,4095
4177339,4095
4177350,4095
4177360,4095
4177371,4095
4177381,4095
4177392,4095
4177402,4095
4177413,4095
4177423,4095
4177434,4095
4177444,4095
4177455,4095
4177465,4095
4177476,4095
4177486,4095
4177497,4095
4177508,4095
4177518,4095
4177529,4095
4177539,4095
4177550,4095
4177560,4095
4177571,4095
4177581,4095
4177592,4095
4177602,4095
4177613,4095
4177623,4095
4177634,4095
4177644,4095
4177655,4095
4177665,4095
4177676,4095
4177687,4095
4177697,4095
4177708,4095
4177718,4095
4177729,4095
4177739,4095
4177750,4095
4177760,4095
4177771,4095
4177781,4095
4177792,4095
4177802,4095
4177813,4095
4177823,4095
4177834,4095
4177844,4095
4177855,4095
4177866,4095
4177876,4095
4177887,4095
4177897,4095
4177908,4095
4177918,4095
4177929,4095
4177939,4095
4177950,4095
4177960,4095
4177971,4095
4177981,4095
4177992,4095
4178002,4095
4178013,4095
4178024,4095
4178034,4095
4178045,4095
4178055,4095
4178066,4095
4178076,4095
4178087,4095
4178097,4095
4178108,4095
4178118,4095
4178129,4095
4178139,4095
4178150,4095
4178160,4095
4178171,4095
4178181,4095
4178192,4095
4178203,4095
4178213,4095
4178224,4095
4178234,4095
4178245,4095
4178255,4095
4178266,4095
4178276,4095
4178287,4095
4178297,4095
4178308,4095
4178318,4095
4178329,4095
4178339,4095
4178350,4095
4178361,4095
4178371,4095
4178382,4095
4178392,4095
4178403,4095
4178413,4095
4178424,4095
4178434,4095
4178445,4095
4178455,4095
4178466,4095
4178476,4095
4178487,4095
4178497,4095
4178508,4095
4178519,4095
4178530,4095
4178540,4095
4178551,4095
4178562,4095
4178572,4095
4178583,4095
4178593,4095
4178604,4095
4178614,4095
4178625,4095
4178635,4095
4178646,4095
4178656,4095
4178667,4095
4178677,4095
4178688,4095
4178698,4095
4178709,4095
4178719,4095
4178730,4095
4178741,4095
4178751,4095
4178762,4095
4178772,4095
4178783,4095
4178793,4095
4178804,4095
4178814,4095
4178825,4095
4178835,4095
4178846,4095
4178856,4095
4178867,4095
4178877,4095
4178888,4095
4178899,4095
4178909,4095
4178920,4095
4178930,4095
4178941,4095
4178951,4095
4178962,4095
4178972,4095
4178983,4095
4178993,4095
4179004,4095
4179014,4095
4179025,4095
4179035,4095
4179046,4095
4179056,4095
4179067,4095
4179078,4095
4179088,4095
4179099,4095
4179109,4095
4179120,4095
4179130,4095
4179141,4095
4179151,4095
4179162,4095
4179172,4095
4179183,4095
4179193,4095
4179204,4095
4179214,4095
4179225,4095
4179235,4095
4179246,4095
4179257,4095
4179267,4095
4179278,4095
4179288,4095
4179299,4095
4179309,4095
4179320,4095
4179330,4095
4179341,4095
4179351,4095
4179362,4095
4179372,4095
4179383,4095
4179393,4095
4179404,4095
4179415,4095
4179425,4095
4179436,4095
4179446,4095
4179457,4095
4179467,4095
4179478,4095
4179488,4095
4179499,4095
4179509,4095
4179520,4095
4179530,4095
4179541,4095
4179551,4095
4179562,4095
4179572,4095
4179583,4095
4179594,4095
4179604,4095
4179615,4095
4179625,4095
4179636,4095
4179646,4095
4179657,4095
4179667,4095
4179678,4095
4179688,4095
4179699,4095
4179709,4095
4179720,4095
4179730,4095
4179741,4095
4179752,4095
4179762,4095
4179773,4095
4179783,4095
4179794,4095
4179804,4095
4179815,4095
4179825,4095
4179836,4095
4179846,4095
4179857,4095
4179867,4095
4179878,4095
4179888,4095
4179899,4095
4179909,4095
4179920,4095
4179931,4095
4179941,4095
4179952,4095
4179962,4095
4179973,4095
4179983,4095
4179994,4095
4180004,4095
4180015,4095
4180025,4095
4180036,4095
4180046,4095
4180057,4095
4180067,4095
4180078,4095
4180088,4095
4180099,4095
4180110,4095
4180120,4095
4180131,4095
4180141,4095
4180152,4095
4180162,4095
4180173,4095
4180183,4095
4180194,4095
4180204,4095
4180215,4095
4180225,4095
4180236,4095
4180246,4095
4180257,4095
4180267,4095
4180278,4095
4180289,4095
4180299,4095
4180310,4095
4180320,4095
4180331,4095
4180341,4095
4180352,4095
4180362,4095
4180373,4095
4180383,4095
4180394,4095
4180404,4095
4180415,4095
4180425,4095
4180436,4095
4180447,4095
4180457,4095
4180468,4095
4180478,4095
4180489,4095
4180499,4095
4180510,4095
4180520,4095
4180531,4095
4180541,4095
4180552,4095
4180562,4095
4180573,4095
4180583,4095
4180594,4095
4180604,4095
4180615,4095
4180626,4095
4180636,4095
4180647,4095
4180657,4095
4180668,4095
4180678,4095
4180689,4095
4180699,4095
4180710,4095
4180720,4095
4180731,4095
4180741,4095
4180752,4095
4180762,4095
4180773,4095
4180784,4095
4180794,4095
4180805,4095
4180815,4095
4180826,4095
4180836,4095
4180847,4095
4180857,4095
4180868,4095
4180878,4095
4180889,4095
4180899,4095
4180910,4095
4180920,4095
4180931,4095
4180941,4095
4180952,4095
4180963,4095
4180973,4095
4180984,4095
4180994,4095
4181005,4095
4181015,4095
4181026,4095
4181036,4095
4181047,4095
4181057,4095
4181068,4095
4181078,4095
4181089,4095
4181099,4095
4181110,4095
4181120,4095
4181131,4095
4181142,4095
4181152,4095
4181163,4095
4181173,4095
4181184,4095
4181194,4095
4181205,4095
4181215,4095
4181226,4095
4181236,4095
4181247,4095
4181257,4095
4181268,4095
4181278,4095
4181289,4095
4181299,4095
4181310,4095
4181321,4095
4181331,4095
4181342,4095
4181352,4095
4181363,4095
4181373,4095
4181384,4095
4181394,4095
4181405,4095
4181415,4095
4181426,4095
4181436,4095
4181447,4095
4181457,4095
4181468,4095
4181479,4095
4181489,4095
4181500,4095
4181510,4095
4181521,4095
4181531,4095
4181542,4095
4181552,4095
4181563,4095
4181573,4095
4181584,4095
4181594,4095
4181605,4095
4181615,4095
4181626,4095
4181636,4095
4181647,4095
4181658,4095
4181668,4095
4181679,4095
4181689,4095
4181700,4095
4181710,4095
4181721,4095
4181731,4095
4181742,4095
4181752,4095
4181763,4095
4181773,4095
4181784,4095
4181794,4095
4181805,4095
4181816,4095
4181826,4095
4181837,4095
4181847,4095
4181858,4095
4181868,4095
4181879,4095
4181889,4095
4181900,4095
4181910,4095
4181921,4095
4181931,4095
4181942,4095
4181952,4095
4181963,4095
4181973,4095
4181984,4095
4181995,4095
4182005,4095
4182016,4095
4182026,4095
4182037,4095
4182047,4095
4182058,4095
4182068,4095
4182079,4095
4182089,4095
4182100,4095
4182110,4095
4182121,4095
4182131,4095
4182142,4095
4182152,4095
4182163,4095
4182174,4095
4182184,4095
4182195,4095
4182205,4095
4182216,4095
4182226,4095
4182237,4095
4182247,4095
4182258,4095
4182268,4095
4182279,4095
4182289,4095
4182300,4095
4182310,4095
4182321,4095
4182332,4095
4182342,4095
4182353,4095
4182363,4095
4182374,4095
4182384,4095
4182395,4095
4182405,4095
4182416,4095
4182426,4095
4182437,4095
4182447,4095
4182458,4095
4182468,4095
4182479,4095
4182489,4095
4182500,4095
4182511,4095
4182521,4095
4182532,4095
4182542,4095
4182553,4095
4182563,4095
4182574,4095
4182584,4095
4182595,4095
4182605,4095
4182616,4095
4182626,4095
4182637,4095
4182647,4095
4182658,4095
4182668,4095
4182679,4095
4182690,4095
4182700,4095
4182711,4095
4182721,4095
4182732,4095
4182742,4095
4182753,4095
4182763,4095
4182774,4095
4182784,4095
4182795,4095
4182805,4095
4182816,4095
4182826,4095
4182837,4095
4182848,4095
4182858,4095
4182869,4095
4182879,4095
4182890,4095
4182900,4095
4182911,4095
4182921,4095
4182932,4095
4182942,4095
4182953,4095
4182963,4095
4182974,4095
4182984,4095
4182995,4095
4183005,4095
4183016,4095
4183027,4095
4183037,4095
4183048,4095
4183058,4095
4183069,4095
4183079,4095
4183090,4095
4183100,4095
4183111,4095
4183121,4095
4183132,4095
4183142,4095
4183153,4095
4183163,4095
4183174,4095
4183184,4095
4183195,4095
4183206,4095
4183216,4095
4183227,4095
4183237,4095
4183248,4095
4183258,4095
4183269,4095
4183279,4095
4183290,4095
4183300,4095
4183311,4095
4183321,4095
4183332,4095
4183342,4095
4183353,4095
4183363,4095
4183374,4095
4183385,4095
4183395,4095
4183406,4095
4183416,4095
4183427,4095
4183437,4095
4183448,4095
4183458,4095
4183469,4095
4183479,4095
4183490,4095
4183500,4095
4183511,4095
4183521,4095
4183532,4095
4183543,4095
4183553,4095
4183564,4095
4183574,4095
4183585,4095
4183595,4095
4183606,4095
4183616,4095
4183627,4095
4183637,4095
4183648,4095
4183658,4095
4183669,4095
4183679,4095
4183690,4095
4183700,4095
4183711,4095
4183722,4095
4183732,4095
4183743,4095
4183753,4095
4183764,4095
4183774,4095
4183785,4095
4183795,4095
4183806,4095
4183816,4095
4183827,4095
4183837,4095
4183848,4095
4183858,4095
4183869,4095
4183880,4095
4183890,4095
4183901,4095
4183911,4095
4183922,4095
4183932,4095
4183943,4095
4183953,4095
4183964,4095
4183974,4095
4183985,4095
4183995,4095
4184006,4095
4184016,4095
4184027,4095
4184037,4095
4184048,4095
4184059,4095
4184069,4095
4184080,4095
4184090,4095
4184101,4095
4184111,4095
4184122,4095
4184132,4095
4184143,4095
4184153,4095
4184164,4095
4184174,4095
4184185,4095
4184195,4095
4184206,4095
4184216,4095
4184227,4095
4184238,4095
4184248,4095
4184259,4095
4184269,4095
4184280,4095
4184290,4095
4184301,4095
4184311,4095
4184322,4095
4184332,4095
4184343,4095
4184353,4095
4184364,4095
4184375,4095
4184386,4095
4184396,4095
4184407,4095
4184418,4095
4184428,4095
4184439,4095
4184449,4095
4184460,4095
4184470,4095
4184481,4095
4184491,4095
4184502,4095
4184512,4095
4184523,4095
4184533,4095
4184544,4095
4184554,4095
4184565,4095
4184575,4095
4184586,4095
4184597,4095
4184607,4095
4184618,4095
4184628,4095
4184639,4095
4184649,4095
4184660,4095
4184670,4095
4184681,4095
4184691,4095
4184702,4095
4184712,4095
4184723,4095
4184733,4095
4184744,4095
4184755,4095
4184765,4095
4184776,4095
4184786,4095
4184797,4095
4184807,4095
4184818,4095
4184828,4095
4184839,4095
4184849,4095
4184860,4095
4184870,4095
4184881,4095
4184891,4095
4184902,4095
4184912,4095
4184923,4095
4184934,4095
4184944,4095
4184955,4095
4184965,4095
4184976,4095
4184986,4095
4184997,4095
4185007,4095
4185018,4095
4185028,4095
4185039,4095
4185049,4095
4185060,4095
4185070,4095
4185081,4095
4185091,4095
4185102,4095
4185113,4095
4185123,4095
4185134,4095
4185144,4095
4185155,4095
4185165,4095
4185176,4095
4185186,4095
4185197,4095
4185207,4095
4185218,4095
4185228,4095
4185239,4095
4185249,4095
4185260,4095
4185270,4095
4185281,4095
4185292,4095
4185302,4095
4185313,4095
4185323,4095
4185334,4095
4185344,4095
4185355,4095
4185365,4095
4185376,4095
4185386,4095
4185397,4095
4185407,4095
4185418,4095
4185428,4095
4185439,4095
4185450,4095
4185460,4095
4185471,4095
4185481,4095
4185492,4095
4185502,4095
4185513,4095
4185523,4095
4185534,4095
4185544,4095
4185555,4095
4185565,4095
4185576,4095
4185586,4095
4185597,4095
4185607,4095
4185618,4095
4185629,4095
4185639,4095
4185650,4095
4185660,4095
4185671,4095
4185681,4095
4185692,4095
4185702,4095
4185713,4095
4185723,4095
4185734,4095
4185744,4095
4185755,4095
4185765,4095
4185776,4095
4185786,4095
4185797,4095
4185808,4095
4185818,4095
4185829,4095
4185839,4095
4185850,4095
4185860,4095
4185871,4095
4185881,4095
4185892,4095
4185902,4095
4185913,4095
4185923,4095
4185934,4095
4185944,4095
4185955,4095
4185966,4095
4185976,4095
4185987,4095
4185997,4095
4186008,4095
4186018,4095
4186029,4095
4186039,4095
4186050,4095
4186060,4095
4186071,4095
4186081,4095
4186092,4095
4186102,4095
4186113,4095
4186123,4095
4186134,4095
4186145,4095
4186155,4095
4186166,4095
4186176,4095
4186187,4095
4186197,4095
4186208,4095
4186218,4095
4186229,4095
4186239,4095
4186250,4095
4186260,4095
4186271,4095
4186281,4095
4186292,4095
4186302,4095
4186313,4095
4186324,4095
4186334,4095
4186345,4095
4186355,4095
4186366,4095
4186376,4095
4186387,4095
4186397,4095
4186408,4095
4186418,4095
4186429,4095
4186439,4095
4186450,4095
4186460,4095
4186471,4095
4186482,4095
4186492,4095
4186503,4095
4186513,4095
4186524,4095
4186534,4095
4186545,4095
4186555,4095
4186566,4095
4186576,4095
4186587,4095
4186597,4095
4186608,4095
4186618,4095
4186629,4095
4186639,4095
4186650,4095
4186661,4095
4186671,4095
4186682,4095
4186692,4095
4186703,4095
4186713,4095
4186724,4095
4186734,4095
4186745,4095
4186755,4095
4186766,4095
4186776,4095
4186787,4095
4186797,4095
4186808,4095
4186818,4095
4186829,4095
4186840,4095
4186850,4095
4186861,4095
4186871,4095
4186882,4095
4186892,4095
4186903,4095
4186913,4095
4186924,4095
4186934,4095
4186945,4095
4186955,4095
4186966,4095
4186976,4095
4186987,4095
4186998,4095
4187008,4095
4187019,4095
4187029,4095
4187040,4095
4187050,4095
4187061,4095
4187071,4095
4187082,4095
4187092,4095
4187103,4095
4187113,4095
4187124,4095
4187134,4095
4187145,4095
4187155,4095
4187166,4095
4187177,4095
4187187,4095
4187198,4095
4187208,4095
4187219,4095
4187229,4095
4187240,4095
4187250,4095
4187261,4095
4187271,4095
4187282,4095
4187292,4095
4187303,4095
4187313,4095
4187324,4095
4187334,4095
4187345,4095
4187356,4095
4187366,4095
4187377,4095
4187387,4095
4187398,4095
4187408,4095
4187419,4095
4187429,4095
4187440,4095
4187450,4095
4187461,4095
4187471,4095
4187482,4095
4187492,4095
4187503,4095
4187514,4095
4187524,4095
4187535,4095
4187545,4095
4187556,4095
4187566,4095
4187577,4095
4187587,4095
4187598,4095
4187608,4095
4187619,4095
4187629,4095
4187640,4095
4187650,4095
4187661,4095
4187671,4095
4187682,4095
4187693,4095
4187703,4095
4187714,4095
4187724,4095
4187735,4095
4187745,4095
4187756,4095
4187766,4095
4187777,4095
4187787,4095
4187798,4095
4187808,4095
4187819,4095
4187829,4095
4187840,4095
4187850,4095
4187861,4095
4187872,4095
4187882,4095
4187893,4095
4187903,4095
4187914,4095
4187924,4095
4187935,4095
4187945,4095
4187956,4095
4187966,4095
4187977,4095
4187987,4095
4187998,4095
4188008,4095
4188019,4095
4188030,4095
4188040,4095
4188051,4095
4188061,4095
4188072,4095
4188082,4095
4188093,4095
4188103,4095
4188114,4095
4188124,4095
4188135,4095
4188145,4095
4188156,4095
4188166,4095
4188177,4095
4188187,4095
4188198,4095
4188209,4095
4188219,4095
4188230,4095
4188240,4095
4188251,4095
4188261,4095
4188272,4095
4188282,4095
4188293,4095
4188303,4095
4188314,4095
4188324,4095
4188335,4095
4188345,4095
4188356,4095
4188366,4095
4188377,4095
4188388,4095
4188398,4095
4188409,4095
4188419,4095
4188430,4095
4188440,4095
4188451,4095
4188461,4095
4188472,4095
4188482,4095
4188493,4095
4188503,4095
4188514,4095
4188524,4095
4188535,4095
4188546,4095
4188556,4095
4188567,4095
4188577,4095
4188588,4095
4188598,4095
4188609,4095
4188619,4095
4188630,4095
4188640,4095
4188651,4095
4188661,4095
4188672,4095
4188682,4095
4188693,4095
4188703,4095
4188714,4095
4188725,4095
4188735,4095
4188746,4095
4188756,4095
4188767,4095
4188777,4095
4188788,4095
4188798,4095
4188809,4095
4188819,4095
4188830,4095
4188840,4095
4188851,4095
4188861,4095
4188872,4095
4188882,4095
4188893,4095
4188904,4095
4188914,4095
4188925,4095
4188935,4095
4188946,4095
4188956,4095
4188967,4095
4188977,4095
4188988,4095
4188998,4095
4189009,4095
4189019,4095
4189030,4095
4189040,4095
4189051,4095
4189062,4095
4189072,4095
4189083,4095
4189093,4095
4189104,4095
4189114,4095
4189125,4095
4189135,4095
4189146,4095
4189156,4095
4189167,4095
4189177,4095
4189188,4095
4189198,4095
4189209,4095
4189219,4095
4189230,4095
4189241,4095
4189251,4095
4189262,4095
4189272,4095
4189283,4095
4189293,4095
4189304,4095
4189314,4095
4189325,4095
4189335,4095
4189346,4095
4189356,4095
4189367,4095
4189377,4095
4189388,4095
4189398,4095
4189409,4095
4189420,4095
4189430,4095
4189441,4095
4189451,4095
4189462,4095
4189472,4095
4189483,4095
4189493,4095
4189504,4095
4189514,4095
4189525,4095
4189535,4095
4189546,4095
4189556,4095
4189567,4095
4189578,4095
4189588,4095
4189599,4095
4189609,4095
4189620,4095
4189630,4095
4189641,4095
4189651,4095
4189662,4095
4189672,4095
4189683,4095
4189693,4095
4189704,4095
4189714,4095
4189725,4095
4189735,4095
4189746,4095
4189757,4095
4189767,4095
4189778,4095
4189788,4095
4189799,4095
4189809,4095
4189820,4095
4189830,4095
4189841,4095
4189851,4095
4189862,4095
4189872,4095
4189883,4095
4189893,4095
4189904,4095
4189914,4095
4189925,4095
4189936,4095
4189946,4095
4189957,4095
4189967,4095
4189978,4095
4189988,4095
4189999,4095
4190009,4095
4190020,4095
4190030,4095
4190041,4095
4190051,4095
4190062,4095
4190072,4095
4190083,4095
4190094,4095
4190104,4095
4190115,4095
4190125,4095
4190136,4095
4190146,4095
4190157,4095
4190167,4095
4190178,4095
4190188,4095
4190199,4095
4190209,4095
4190221,4095
4190231,4095
4190242,4095
4190252,4095
4190263,4095
4190273,4095
4190284,4095
4190295,4095
4190305,4095
4190316,4095
4190326,4095
4190337,4095
4190347,4095
4190358,4095
4190368,4095
4190379,4095
4190389,4095
4190400,4095
4190410,4095
4190421,4095
4190431,4095
4190442,4095
4190452,4095
4190463,4095
4190474,4095
4190484,4095
4190495,4095
4190505,4095
4190516,4095
4190526,4095
4190537,4095
4190547,4095
4190558,4095
4190568,4095
4190579,4095
4190589,4095
4190600,4095
4190610,4095
4190621,4095
4190632,4095
4190642,4095
4190653,4095
4190663,4095
4190674,4095
4190684,4095
4190695,4095
4190705,4095
4190716,4095
4190726,4095
4190737,4095
4190747,4095
4190758,4095
4190768,4095
4190779,4095
4190789,4095
4190800,4095
4190811,4095
4190821,4095
4190832,4095
4190842,4095
4190853,4095
4190863,4095
4190874,4095
4190884,4095
4190895,4095
4190905,4095
4190916,4095
4190926,4095
4190937,4095
4190947,4095
4190958,4095
4190968,4095
4190979,4095
4190990,4095
4191000,4095
4191011,4095
4191021,4095
4191032,4095
4191042,4095
4191053,4095
4191063,4095
4191074,4095
4191084,4095
4191095,4095
4191105,4095
4191116,4095
4191126,4095
4191137,4095
4191147,4095
4191158,4095
4191169,4095
4191179,4095
4191190,4095
4191200,4095
4191211,4095
4191221,4095
4191232,4095
4191242,4095
4191253,4095
4191263,4095
4191274,4095
4191284,4095
4191295,4095
4191305,4095
4191316,4095
4191327,4095
4191337,4095
4191348,4095
4191358,4095
4191369,4095
4191379,4095
4191390,4095
4191400,4095
4191411,4095
4191421,4095
4191432,4095
4191442,4095
4191453,4095
4191463,4095
4191474,4095
4191484,4095
4191495,4095
4191506,4095
4191516,4095
4191527,4095
4191537,4095
4191548,4095
4191558,4095
4191569,4095
4191579,4095
4191590,4095
4191600,4095
4191611,4095
4191621,4095
4191632,4095
4191642,4095
4191653,4095
4191663,4095
4191674,4095
4191685,4095
4191695,4095
4191706,4095
4191716,4095
4191727,4095
4191737,4095
4191748,4095
4191758,4095
4191769,4095
4191779,4095
4191790,4095
4191800,4095
4191811,4095
4191821,4095
4191832,4095
4191843,4095
4191853,4095
4191864,4095
4191874,4095
4191885,4095
4191895,4095
4191906,4095
4191916,4095
4191927,4095
4191937,4095
4191948,4095
4191958,4095
4191969,4095
4191979,4095
4191990,4095
4192000,4095
4192011,4095
4192022,4095
4192032,4095
4192043,4095
4192053,4095
4192064,4095
4192074,4095
4192085,4095
4192095,4095
4192106,4095
4192116,4095
4192127,4095
4192137,4095
4192148,4095
4192158,4095
4192169,4095
4192179,4095
4192190,4095
4192201,4095
4192211,4095
4192222,4095
4192232,4095
4192243,4095
4192253,4095
4192264,4095
4192274,4095
4192285,4095
4192295,4095
4192306,4095
4192316,4095
4192327,4095
4192337,4095
4192348,4095
4192359,4095
4192369,4095
4192380,4095
4192390,4095
4192401,4095
4192411,4095
4192422,4095
4192432,4095
4192443,4095
4192453,4095
4192464,4095
4192474,4095
4192485,4095
4192495,4095
4192506,4095
4192516,4095
4192527,4095
4192538,4095
4192548,4095
4192559,4095
4192569,4095
4192580,4095
4192590,4095
4192601,4095
4192611,4095
4192622,4095
4192632,4095
4192643,4095
4192653,4095
4192664,4095
4192674,4095
4192685,4095
4192695,4095
4192706,4095
4192717,4095
4192727,4095
4192738,4095
4192748,4095
4192759,4095
4192769,4095
4192780,4095
4192790,4095
4192801,4095
4192811,4095
4192822,4095
4192832,4095
4192843,4095
4192853,4095
4192864,4095
4192875,4095
4192885,4095
4192896,4095
4192906,4095
4192917,4095
4192927,4095
4192938,4095
4192948,4095
4192959,4095
4192969,4095
4192980,4095
4192990,4095
4193001,4095
4193011,4095
4193022,4095
4193032,4095
4193043,4095
4193054,4095
4193064,4095
4193075,4095
4193085,4095
4193096,4095
4193106,4095
4193117,4095
4193127,4095
4193138,4095
4193148,4095
4193159,4095
4193169,4095
4193180,4095
4193190,4095
4193201,4095
4193211,4095
4193222,4095
4193233,4095
4193243,4095
4193254,4095
4193264,4095
4193275,4095
4193285,4095
4193296,4095
4193306,4095
4193317,4095
4193327,4095
4193338,4095
4193348,4095
4193359,4095
4193369,4095
4193380,4095
4193391,4095
4193401,4095
4193412,4095
4193422,4095
4193433,4095
4193443,4095
4193454,4095
4193464,4095
4193475,4095
4193485,4095
4193496,4095
4193506,4095
4193517,4095
4193527,4095
4193538,4095
4193548,4095
4193559,4095
4193570,4095
4193580,4095
4193591,4095
4193601,4095
4193612,4095
4193622,4095
4193633,4095
4193643,4095
4193654,4095
4193664,4095
4193675,4095
4193685,4095
4193696,4095
4193706,4095
4193717,4095
4193727,4095
4193738,4095
4193749,4095
4193759,4095
4193770,4095
4193780,4095
4193791,4095
4193801,4095
4193812,4095
4193822,4095
4193833,4095
4193843,4095
4193854,4095
4193864,4095
4193875,4095
4193885,4095
4193896,4095
4193907,4095
4193917,4095
4193928,4095
4193938,4095
4193949,4095
4193959,4095
4193970,4095
4193980,4095
4193991,4095
4194001,4095
4194012,4095
4194022,4095
4194033,4095
4194043,4095
4194054,4095
4194064,4095
4194075,4095
4194086,4095
4194096,4095
4194107,4095
4194117,4095
4194128,4095
4194138,4095
4194149,4095
4194159,4095
4194170,4095
4194180,4095
4194191,4095
4194201,4095
4194212,4095
4194222,4095
4194233,4095
4194243,4095
4194254,4095
4194265,4095
4194275,4095
4194286,4095
4194296,4095
4194307,4095
4194317,4095
4194328,4095
4194338,4095
4194349,4095
4194359,4095
4194370,4095
4194380,4095
4194391,4095
4194401,4095
4194412,4095
4194422,4095
4194433,4095
4194444,4095
4194454,4095
4194465,4095
4194475,4095
4194486,4095
4194496,4095
4194507,4095
4194517,4095
4194528,4095
4194538,4095
4194549,4095
4194559,4095
4194570,4095
4194580,4095
4194591,4095
4194602,4095
4194612,4095
4194623,4095
4194633,4095
4194644,4095
4194654,4095
4194665,4095
4194675,4095
4194686,4095
4194696,4095
4194707,4095
4194717,4095
4194728,4095
4194738,4095
4194749,4095
4194759,4095
4194770,4095
4194781,4095
4194791,4095
4194802,4095
4194812,4095
4194823,4095
4194833,4095
4194844,4095
4194854,4095
4194865,4095
4194875,4095
4194886,4095
4194896,4095
4194907,4095
4194917,4095
4194928,4095
4194939,4095
4194949,4095
4194960,4095
4194970,4095
4194981,4095
4194991,4095
4195002,4095
4195012,4095
4195023,4095
4195033,4095
4195044,4095
4195054,4095
4195065,4095
4195075,4095
4195086,4095
4195096,4095
4195107,4095
4195118,4095
4195128,4095
4195139,4095
4195149,4095
4195160,4095
4195170,4095
4195181,4095
4195191,4095
4195202,4095
4195212,4095
4195223,4095
4195233,4095
4195244,4095
4195254,4095
4195265,4095
4195275,4095
4195286,4095
4195297,4095
4195307,4095
4195318,4095
4195328,4095
4195339,4095
4195349,4095
4195360,4095
4195370,4095
4195381,4095
4195391,4095
4195402,4095
4195412,4095
4195423,4095
4195433,4095
4195444,4095
4195454,4095
4195465,4095
4195476,4095
4195486,4095
4195497,4095
4195507,4095
4195518,4095
4195528,4095
4195539,4095
4195549,4095
4195560,4095
4195570,4095
4195581,4095
4195591,4095
4195602,4095
4195612,4095
4195623,4095
4195634,4095
4195644,4095
4195655,4095
4195665,4095
4195676,4095
4195686,4095
4195697,4095
4195707,4095
4195718,4095
4195728,4095
4195739,4095
4195749,4095
4195760,4095
4195770,4095
4195781,4095
4195791,4095
4195802,4095
4195813,4095
4195823,4095
4195834,4095
4195844,4095
4195855,4095
4195865,4095
4195876,4095
4195886,4095
4195897,4095
4195907,4095
4195918,4095
4195928,4095
4195939,4095
4195949,4095
4195960,4095
4195971,4095
4195981,4095
4195992,4095
4196002,4095
4196013,4095
4196023,4095
4196034,4095
4196044,4095
4196055,4095
4196065,4095
4196077,4095
4196087,4095
4196098,4095
4196108,4095
4196119,4095
4196129,4095
4196140,4095
4196150,4095
4196161,4095
4196172,4095
4196182,4095
4196193,4095
4196203,4095
4196214,4095
4196224,4095
4196235,4095
4196245,4095
4196256,4095
4196266,4095
4196277,4095
4196287,4095
4196298,4095
4196308,4095
4196319,4095
4196329,4095
4196340,4095
4196351,4095
4196361,4095
4196372,4095
4196382,4095
4196393,4095
4196403,4095
4196414,4095
4196424,4095
4196435,4095
4196445,4095
4196456,4095
4196466,4095
4196477,4095
4196487,4095
4196498,4095
4196509,4095
4196519,4095
4196530,4095
4196540,4095
4196551,4095
4196561,4095
4196572,4095
4196582,4095
4196593,4095
4196603,4095
4196614,4095
4196624,4095
4196635,4095
4196645,4095
4196656,4095
4196666,4095
4196677,4095
4196688,4095
4196698,4095
4196709,4095
4196719,4095
4196730,4095
4196740,4095
4196751,4095
4196761,4095
4196772,4095
4196782,4095
4196793,4095
4196803,4095
4196814,4095
4196824,4095
4196835,4095
4196845,4095
4196856,4095
4196867,4095
4196877,4095
4196888,4095
4196898,4095
4196909,4095
4196919,4095
4196930,4095
4196940,4095
4196951,4095
4196961,4095
4196972,4095
4196982,4095
4196993,4095
4197003,4095
4197014,4095
4197025,4095
4197035,4095
4197046,4095
4197056,4095
4197067,4095
4197077,4095
4197088,4095
4197098,4095
4197109,4095
4197119,4095
4197130,4095
4197140,4095
4197151,4095
4197161,4095
4197172,4095
4197182,4095
4197193,4095
4197204,4095
4197214,4095
4197225,4095
4197235,4095
4197246,4095
4197256,4095
4197267,4095
4197277,4095
4197288,4095
4197298,4095
4197309,4095
4197319,4095
4197330,4095
4197340,4095
4197351,4095
4197361,4095
4197372,4095
4197383,4095
4197393,4095
4197404,4095
4197414,4095
4197425,4095
4197435,4095
4197446,4095
4197456,4095
4197467,4095
4197477,4095
4197488,4095
4197498,4095
4197509,4095
4197519,4095
4197530,4095
4197540,4095
4197551,4095
4197562,4095
4197572,4095
4197583,4095
4197593,4095
4197604,4095
4197614,4095
4197625,4095
4197635,4095
4197646,4095
4197656,4095
4197667,4095
4197677,4095
4197688,4095
4197698,4095
4197709,4095
4197720,4095
4197730,4095
4197741,4095
4197751,4095
4197762,4095
4197772,4095
4197783,4095
4197793,4095
4197804,4095
4197814,4095
4197825,4095
4197835,4095
4197846,4095
4197856,4095
4197867,4095
4197877,4095
4197888,4095
4197899,4095
4197909,4095
4197920,4095
4197930,4095
4197941,4095
4197951,4095
4197962,4095
4197972,4095
4197983,4095
4197993,4095
4198004,4095
4198014,4095
4198025,4095
4198035,4095
4198046,4095
4198057,4095
4198067,4095
4198078,4095
4198088,4095
4198099,4095
4198109,4095
4198120,4095
4198130,4095
4198141,4095
4198151,4095
4198162,4095
4198172,4095
4198183,4095
4198193,4095
4198204,4095
4198214,4095
4198225,4095
4198236,4095
4198246,4095
4198257,4095
4198267,4095
4198278,4095
4198288,4095
4198299,4095
4198309,4095
4198320,4095
4198330,4095
4198341,4095
4198351,4095
4198362,4095
4198372,4095
4198383,4095
4198393,4095
4198404,4095
4198415,4095
4198425,4095
4198436,4095
4198446,4095
4198457,4095
4198467,4095
4198478,4095
4198488,4095
4198499,4095
4198509,4095
4198520,4095
4198530,4095
4198541,4095
4198551,4095
4198562,4095
4198573,4095
4198583,4095
4198594,4095
4198604,4095
4198615,4095
4198625,4095
4198636,4095
4198646,4095
4198657,4095
4198667,4095
4198678,4095
4198688,4095
4198699,4095
4198709,4095
4198720,4095
4198730,4095
4198741,4095
4198752,4095
4198762,4095
4198773,4095
4198783,4095
4198794,4095
4198804,4095
4198815,4095
4198825,4095
4198836,4095
4198846,4095
4198857,4095
4198867,4095
4198878,4095
4198888,4095
4198899,4095
4198909,4095
4198920,4095
4198931,4095
4198941,4095
4198952,4095
4198962,4095
4198973,4095
4198983,4095
4198994,4095
4199004,4095
4199015,4095
4199025,4095
4199036,4095
4199046,4095
4199057,4095
4199067,4095
4199078,4095
4199088,4095
4199099,4095
4199110,4095
4199120,4095
4199131,4095
4199141,4095
4199152,4095
4199162,4095
4199173,4095
4199183,4095
4199194,4095
4199204,4095
4199215,4095
4199225,4095
4199236,4095
4199246,4095
4199257,4095
4199268,4095
4199278,4095
4199289,4095
4199299,4095
4199310,4095
4199320,4095
4199331,4095
4199341,4095
4199352,4095
4199362,4095
4199373,4095
4199383,4095
4199394,4095
4199404,4095
4199415,4095
4199425,4095
4199436,4095
4199447,4095
4199457,4095
4199468,4095
4199478,4095
4199489,4095
4199499,4095
4199510,4095
4199520,4095
4199531,4095
4199541,4095
4199552,4095
4199562,4095
4199573,4095
4199583,4095
4199594,4095
4199604,4095
4199615,4095
4199626,4095
4199636,4095
4199647,4095
4199657,4095
4199668,4095
4199678,4095
4199689,4095
4199699,4095
4199710,4095
4199720,4095
4199731,4095
4199741,4095
4199752,4095
4199762,4095
4199773,4095
4199784,4095
4199794,4095
4199805,4095
4199815,4095
4199826,4095
4199836,4095
4199847,4095
4199857,4095
4199868,4095
4199878,4095
4199889,4095
4199899,4095
4199910,4095
4199920,4095
4199931,4095
4199941,4095
4199952,4095
4199963,4095
4199973,4095
4199984,4095
4199994,4095
4200005,4095
4200015,4095
4200026,4095
4200036,4095
4200047,4095
4200057,4095
4200068,4095
4200078,4095
4200089,4095
4200099,4095
4200110,4095
4200120,4095
4200131,4095
4200142,4095
4200152,4095
4200163,4095
4200173,4095
4200184,4095
4200194,4095
4200205,4095
4200215,4095
4200226,4095
4200236,4095
4200247,4095
4200257,4095
4200268,4095
4200278,4095
4200289,4095
4200300,4095
4200310,4095
4200321,4095
4200331,4095
4200342,4095
4200352,4095
4200363,4095
4200373,4095
4200384,4095
4200394,4095
4200405,4095
4200415,4095
4200426,4095
4200436,4095
4200447,4095
4200457,4095
4200468,4095
4200479,4095
4200489,4095
4200500,4095
4200510,4095
4200521,4095
4200531,4095
4200542,4095
4200552,4095
4200563,4095
4200573,4095
4200584,4095
4200594,4095
4200605,4095
4200615,4095
4200626,4095
4200636,4095
4200647,4095
4200658,4095
4200668,4095
4200679,4095
4200689,4095
4200700,4095
4200710,4095
4200721,4095
4200731,4095
4200742,4095
4200752,4095
4200763,4095
4200773,4095
4200784,4095
4200794,4095
4200805,4095
4200816,4095
4200826,4095
4200837,4095
4200847,4095
4200858,4095
4200868,4095
4200879,4095
4200889,4095
4200900,4095
4200910,4095
4200921,4095
4200931,4095
4200942,4095
4200952,4095
4200963,4095
4200973,4095
4200984,4095
4200995,4095
4201005,4095
4201016,4095
4201026,4095
4201037,4095
4201047,4095
4201058,4095
4201068,4095
4201079,4095
4201089,4095
4201100,4095
4201110,4095
4201121,4095
4201131,4095
4201142,4095
4201152,4095
4201163,4095
4201174,4095
4201184,4095
4201195,4095
4201205,4095
4201216,4095
4201226,4095
4201237,4095
4201247,4095
4201258,4095
4201268,4095
4201279,4095
4201289,4095
4201300,4095
4201310,4095
4201321,4095
4201332,4095
4201342,4095
4201353,4095
4201363,4095
4201374,4095
4201384,4095
4201395,4095
4201405,4095
4201416,4095
4201426,4095
4201437,4095
4201447,4095
4201458,4095
4201468,4095
4201479,4095
4201489,4095
4201500,4095
4201511,4095
4201521,4095
4201532,4095
4201542,4095
4201553,4095
4201563,4095
4201574,4095
4201584,4095
4201595,4095
4201605,4095
4201616,4095
4201626,4095
4201637,4095
4201647,4095
4201658,4095
4201668,4095
4201679,4095
4201690,4095
4201700,4095
4201711,4095
4201721,4095
4201732,4095
4201742,4095
4201753,4095
4201763,4095
4201774,4095
4201784,4095
4201795,4095
4201805,4095
4201816,4095
4201826,4095
4201837,4095
4201848,4095
4201858,4095
4201869,4095
4201879,4095
4201890,4095
4201900,4095
4201911,4095
4201921,4095
4201933,4095
4201943,4095
4201954,4095
4201964,4095
4201975,4095
4201985,4095
4201996,4095
4202006,4095
4202017,4095
4202027,4095
4202038,4095
4202049,4095
4202059,4095
4202070,4095
4202080,4095
4202091,4095
4202101,4095
4202112,4095
4202122,4095
4202133,4095
4202143,4095
4202154,4095
4202164,4095
4202175,4095
4202185,4095
4202196,4095
4202206,4095
4202217,4095
4202228,4095
4202238,4095
4202249,4095
4202259,4095
4202270,4095
4202280,4095
4202291,4095
4202301,4095
4202312,4095
4202322,4095
4202333,4095
4202343,4095
4202354,4095
4202364,4095
4202375,4095
4202386,4095
4202396,4095
4202407,4095
4202417,4095
4202428,4095
4202438,4095
4202449,4095
4202459,4095
4202470,4095
4202480,4095
4202491,4095
4202501,4095
4202512,4095
4202522,4095
4202533,4095
4202543,4095
4202554,4095
4202565,4095
4202575,4095
4202586,4095
4202596,4095
4202607,4095
4202617,4095
4202628,4095
4202638,4095
4202649,4095
4202659,4095
4202670,4095
4202680,4095
4202691,4095
4202701,4095
4202712,4095
4202722,4095
4202733,4095
4202744,4095
4202754,4095
4202765,4095
4202775,4095
4202786,4095
4202796,4095
4202807,4095
4202817,4095
4202828,4095
4202838,4095
4202849,4095
4202859,4095
4202870,4095
4202880,4095
4202891,4095
4202902,4095
4202912,4095
4202923,4095
4202933,4095
4202944,4095
4202954,4095
4202965,4095
4202975,4095
4202986,4095
4202996,4095
4203007,4095
4203017,4095
4203028,4095
4203038,4095
4203049,4095
4203059,4095
4203070,4095
4203081,4095
4203091,4095
4203102,4095
4203112,4095
4203123,4095
4203133,4095
4203144,4095
4203154,4095
4203165,4095
4203175,4095
4203186,4095
4203196,4095
4203207,4095
4203217,4095
4203228,4095
4203238,4095
4203249,4095
4203260,4095
4203270,4095
4203281,4095
4203291,4095
4203302,4095
4203312,4095
4203323,4095
4203333,4095
4203344,4095
4203354,4095
4203365,4095
4203375,4095
4203386,4095
4203396,4095
4203407,4095
4203418,4095
4203428,4095
4203439,4095
4203449,4095
4203460,4095
4203470,4095
4203481,4095
4203491,4095
4203502,4095
4203512,4095
4203523,4095
4203533,4095
4203544,4095
4203554,4095
4203565,4095
4203575,4095
4203586,4095
4203597,4095
4203607,4095
4203618,4095
4203628,4095
4203639,4095
4203649,4095
4203660,4095
4203670,4095
4203681,4095
4203691,4095
4203702,4095
4203712,4095
4203723,4095
4203733,4095
4203744,4095
4203755,4095
4203765,4095
4203776,4095
4203786,4095
4203797,4095
4203807,4095
4203818,4095
4203828,4095
4203839,4095
4203849,4095
4203860,4095
4203870,4095
4203881,4095
4203891,4095
4203902,4095
4203912,4095
4203923,4095
4203934,4095
4203944,4095
4203955,4095
4203965,4095
4203976,4095
4203986,4095
4203997,4095
4204007,4095
4204018,4095
4204028,4095
4204039,4095
4204049,4095
4204060,4095
4204070,4095
4204081,4095
4204091,4095
4204102,4095
4204113,4095
4204123,4095
4204134,4095
4204144,4095
4204155,4095
4204165,4095
4204176,4095
4204186,4095
4204197,4095
4204207,4095
4204218,4095
4204228,4095
4204239,4095
4204249,4095
4204260,4095
4204270,4095
4204281,4095
4204292,4095
4204302,4095
4204313,4095
4204323,4095
4204334,4095
4204344,4095
4204355,4095
4204365,4095
4204376,4095
4204386,4095
4204397,4095
4204407,4095
4204418,4095
4204428,4095
4204439,4095
4204450,4095
4204460,4095
4204471,4095
4204481,4095
4204492,4095
4204502,4095
4204513,4095
4204523,4095
4204534,4095
4204544,4095
4204555,4095
4204565,4095
4204576,4095
4204586,4095
4204597,4095
4204607,4095
4204618,4095
4204629,4095
4204639,4095
4204650,4095
4204660,4095
4204671,4095
4204681,4095
4204692,4095
4204702,4095
4204713,4095
4204723,4095
4204734,4095
4204744,4095
4204755,4095
4204765,4095
4204776,4095
4204786,4095
4204797,4095
4204808,4095
4204818,4095
4204829,4095
4204839,4095
4204850,4095
4204860,4095
4204871,4095
4204881,4095
4204892,4095
4204902,4095
4204913,4095
4204923,4095
4204934,4095
4204944,4095
4204955,4095
4204966,4095
4204976,4095
4204987,4095
4204997,4095
4205008,4095
4205018,4095
4205029,4095
4205039,4095
4205050,4095
4205060,4095
4205071,4095
4205081,4095
4205092,4095
4205102,4095
4205113,4095
4205123,4095
4205134,4095
4205145,4095
4205155,4095
4205166,4095
4205176,4095
4205187,4095
4205197,4095
4205208,4095
4205218,4095
4205229,4095
4205239,4095
4205250,4095
4205260,4095
4205271,4095
4205281,4095
4205292,4095
4205302,4095
4205313,4095
4205324,4095
4205334,4095
4205345,4095
4205355,4095
4205366,4095
4205376,4095
4205387,4095
4205397,4095
4205408,4095
4205418,4095
4205429,4095
4205439,4095
4205450,4095
4205460,4095
4205471,4095
4205482,4095
4205492,4095
4205503,4095
4205513,4095
4205524,4095
4205534,4095
4205545,4095
4205555,4095
4205566,4095
4205576,4095
4205587,4095
4205597,4095
4205608,4095
4205618,4095
4205629,4095
4205639,4095
4205650,4095
4205661,4095
4205671,4095
4205682,4095
4205692,4095
4205703,4095
4205713,4095
4205724,4095
4205734,4095
4205745,4095
4205755,4095
4205766,4095
4205776,4095
4205787,4095
4205797,4095
4205808,4095
4205818,4095
4205829,4095
4205840,4095
4205850,4095
4205861,4095
4205871,4095
4205882,4095
4205892,4095
4205903,4095
4205913,4095
4205924,4095
4205934,4095
4205945,4095
4205955,4095
4205966,4095
4205976,4095
4205987,4095
4205998,4095
4206008,4095
4206019,4095
4206029,4095
4206040,4095
4206050,4095
4206061,4095
4206071,4095
4206082,4095
4206092,4095
4206103,4095
4206113,4095
4206124,4095
4206134,4095
4206145,4095
4206155,4095
4206166,4095
4206177,4095
4206187,4095
4206198,4095
4206208,4095
4206219,4095
4206229,4095
4206240,4095
4206250,4095
4206261,4095
4206271,4095
4206282,4095
4206292,4095
4206303,4095
4206313,4095
4206324,4095
4206334,4095
4206345,4095
4206356,4095
4206366,4095
4206377,4095
4206387,4095
4206398,4095
4206408,4095
4206419,4095
4206429,4095
4206440,4095
4206450,4095
4206461,4095
4206471,4095
4206482,4095
4206492,4095
4206503,4095
4206514,4095
4206524,4095
4206535,4095
4206545,4095
4206556,4095
4206566,4095
4206577,4095
4206587,4095
4206598,4095
4206608,4095
4206619,4095
4206629,4095
4206640,4095
4206650,4095
4206661,4095
4206671,4095
4206682,4095
4206693,4095
4206703,4095
4206714,4095
4206724,4095
4206735,4095
4206745,4095
4206756,4095
4206766,4095
4206777,4095
4206787,4095
4206798,4095
4206808,4095
4206819,4095
4206829,4095
4206840,4095
4206850,4095
4206861,4095
4206872,4095
4206882,4095
4206893,4095
4206903,4095
4206914,4095
4206924,4095
4206935,4095
4206945,4095
4206956,4095
4206966,4095
4206977,4095
4206987,4095
4206998,4095
4207008,4095
4207019,4095
4207030,4095
4207040,4095
4207051,4095
4207061,4095
4207072,4095
4207082,4095
4207093,4095
4207103,4095
4207114,4095
4207124,4095
4207135,4095
4207145,4095
4207156,4095
4207166,4095
4207177,4095
4207187,4095
4207198,4095
4207209,4095
4207219,4095
4207230,4095
4207240,4095
4207251,4095
4207261,4095
4207272,4095
4207282,4095
4207293,4095
4207303,4095
4207314,4095
4207324,4095
4207335,4095
4207345,4095
4207356,4095
4207366,4095
4207377,4095
4207388,4095
4207398,4095
4207409,4095
4207419,4095
4207430,4095
4207440,4095
4207451,4095
4207461,4095
4207472,4095
4207482,4095
4207493,4095
4207503,4095
4207514,4095
4207524,4095
4207535,4095
4207546,4095
4207556,4095
4207567,4095
4207577,4095
4207588,4095
4207598,4095
4207609,4095
4207619,4095
4207630,4095
4207640,4095
4207651,4095
4207661,4095
4207672,4095
4207682,4095
4207693,4095
4207703,4095
4207714,4095
4207725,4095
4207735,4095
4207746,4095
4207756,4095
4207767,4095
4207777,4095
4207789,4095
4207799,4095
4207810,4095
4207820,4095
4207831,4095
4207841,4095
4207852,4095
4207862,4095
4207873,4095
4207883,4095
4207894,4095
4207904,4095
4207915,4095
4207926,4095
4207936,4095
4207947,4095
4207957,4095
4207968,4095
4207978,4095
4207989,4095
4207999,4095
4208010,4095
4208020,4095
4208031,4095
4208041,4095
4208052,4095
4208062,4095
4208073,4095
4208084,4095
4208094,4095
4208105,4095
4208115,4095
4208126,4095
4208136,4095
4208147,4095
4208157,4095
4208168,4095
4208178,4095
4208189,4095
4208199,4095
4208210,4095
4208220,4095
4208231,4095
4208241,4095
4208252,4095
4208263,4095
4208273,4095
4208284,4095
4208294,4095
4208305,4095
4208315,4095
4208326,4095
4208336,4095
4208347,4095
4208357,4095
4208368,4095
4208378,4095
4208389,4095
4208399,4095
4208410,4095
4208420,4095
4208431,4095
4208442,4095
4208452,4095
4208463,4095
4208473,4095
4208484,4095
4208494,4095
4208505,4095
4208515,4095
4208526,4095
4208536,4095
4208547,4095
4208557,4095
4208568,4095
4208578,4095
4208589,4095
4208599,4095
4208610,4095
4208621,4095
4208631,4095
4208642,4095
4208652,4095
4208663,4095
4208673,4095
4208684,4095
4208694,4095
4208705,4095
4208715,4095
4208726,4095
4208736,4095
4208747,4095
4208757,4095
4208768,4095
4208779,4095
4208789,4095
4208800,4095
4208810,4095
4208821,4095
4208831,4095
4208842,4095
4208852,4095
4208863,4095
4208873,4095
4208884,4095
4208894,4095
4208905,4095
4208915,4095
4208926,4095
4208936,4095
4208947,4095
4208958,4095
4208968,4095
4208979,4095
4208989,4095
4209000,4095
4209010,4095
4209021,4095
4209031,4095
4209042,4095
4209052,4095
4209063,4095
4209073,4095
4209084,4095
4209094,4095
4209105,4095
4209115,4095
4209126,4095
4209137,4095
4209147,4095
4209158,4095
4209168,4095
4209179,4095
4209189,4095
4209200,4095
4209210,4095
4209221,4095
4209231,4095
4209242,4095
4209252,4095
4209263,4095
4209273,4095
4209284,4095
4209295,4095
4209305,4095
4209316,4095
4209326,4095
4209337,4095
4209347,4095
4209358,4095
4209368,4095
4209379,4095
4209389,4095
4209400,4095
4209410,4095
4209421,4095
4209431,4095
4209442,4095
4209452,4095
4209463,4095
4209474,4095
4209484,4095
4209495,4095
4209505,4095
4209516,4095
4209526,4095
4209537,4095
4209547,4095
4209558,4095
4209568,4095
4209579,4095
4209589,4095
4209600,4095
4209610,4095
4209621,4095
4209631,4095
4209642,4095
4209653,4095
4209663,4095
4209674,4095
4209684,4095
4209695,4095
4209705,4095
4209716,4095
4209726,4095
4209737,4095
4209747,4095
4209758,4095
4209768,4095
4209779,4095
4209789,4095
4209800,4095
4209811,4095
4209821,4095
4209832,4095
4209842,4095
4209853,4095
4209863,4095
4209874,4095
4209884,4095
4209895,4095
4209905,4095
4209916,4095
4209926,4095
4209937,4095
4209947,4095
4209958,4095
4209968,4095
4209979,4095
4209990,4095
4210000,4095
4210011,4095
4210021,4095
4210032,4095
4210042,4095
4210053,4095
4210063,4095
4210074,4095
4210084,4095
4210095,4095
4210105,4095
4210116,4095
4210126,4095
4210137,4095
4210147,4095
4210158,4095
4210169,4095
4210179,4095
4210190,4095
4210200,4095
4210211,4095
4210221,4095
4210232,4095
4210242,4095
4210253,4095
4210263,4095
4210274,4095
4210284,4095
4210295,4095
4210305,4095
4210316,4095
4210327,4095
4210337,4095
4210348,4095
4210358,4095
4210369,4095
4210379,4095
4210390,4095
4210400,4095
4210411,4095
4210421,4095
4210432,4095
4210442,4095
4210453,4095
4210463,4095
4210474,4095
4210484,4095
4210495,4095
4210506,4095
4210516,4095
4210527,4095
4210537,4095
4210548,4095
4210558,4095
4210569,4095
4210579,4095
4210590,4095
4210600,4095
4210611,4095
4210621,4095
4210632,4095
4210642,4095
4210653,4095
4210664,4095
4210674,4095
4210685,4095
4210695,4095
4210706,4095
4210716,4095
4210727,4095
4210737,4095
4210748,4095
4210758,4095
4210769,4095
4210779,4095
4210790,4095
4210800,4095
4210811,4095
4210821,4095
4210832,4095
4210843,4095
4210853,4095
4210864,4095
4210874,4095
4210885,4095
4210895,4095
4210906,4095
4210916,4095
4210927,4095
4210937,4095
4210948,4095
4210958,4095
4210969,4095
4210979,4095
4210990,4095
4211000,4095
4211011,4095
4211022,4095
4211032,4095
4211043,4095
4211053,4095
4211064,4095
4211074,4095
4211085,4095
4211095,4095
4211106,4095
4211116,4095
4211127,4095
4211137,4095
4211148,4095
4211158,4095
4211169,4095
4211180,4095
4211190,4095
4211201,4095
4211211,4095
4211222,4095
4211232,4095
4211243,4095
4211253,4095
4211264,4095
4211274,4095
4211285,4095
4211295,4095
4211306,4095
4211316,4095
4211327,4095
4211337,4095
4211348,4095
4211359,4095
4211369,4095
4211380,4095
4211390,4095
4211401,4095
4211411,4095
4211422,4095
4211432,4095
4211443,4095
4211453,4095
4211464,4095
4211474,4095
4211485,4095
4211495,4095
4211506,4095
4211516,4095
4211527,4095
4211538,4095
4211548,4095
4211559,4095
4211569,4095
4211580,4095
4211590,4095
4211601,4095
4211611,4095
4211622,4095
4211632,4095
4211643,4095
4211653,4095
4211664,4095
4211674,4095
4211685,4095
4211695,4095
4211706,4095
4211717,4095
4211727,4095
4211738,4095
4211748,4095
4211759,4095
4211769,4095
4211780,4095
4211790,4095
4211801,4095
4211811,4095
4211822,4095
4211832,4095
4211843,4095
4211853,4095
4211864,4095
4211875,4095
4211885,4095
4211896,4095
4211906,4095
4211917,4095
4211927,4095
4211938,4095
4211948,4095
4211959,4095
4211969,4095
4211980,4095
4211990,4095
4212001,4095
4212011,4095
4212022,4095
4212032,4095
4212043,4095
4212054,4095
4212064,4095
4212075,4095
4212085,4095
4212096,4095
4212106,4095
4212117,4095
4212127,4095
4212138,4095
4212148,4095
4212159,4095
4212169,4095
4212180,4095
4212190,4095
4212201,4095
4212212,4095
4212222,4095
4212233,4095
4212243,4095
4212254,4095
4212264,4095
4212275,4095
4212285,4095
4212296,4095
4212306,4095
4212317,4095
4212327,4095
4212338,4095
4212348,4095
4212359,4095
4212369,4095
4212380,4095
4212391,4095
4212401,4095
4212412,4095
4212422,4095
4212433,4095
4212443,4095
4212454,4095
4212464,4095
4212475,4095
4212485,4095
4212496,4095
4212506,4095
4212517,4095
4212527,4095
4212538,4095
4212548,4095
4212559,4095
4212570,4095
4212580,4095
4212591,4095
4212601,4095
4212612,4095
4212622,4095
4212633,4095
4212643,4095
4212654,4095
4212664,4095
4212675,4095
4212685,4095
4212696,4095
4212706,4095
4212717,4095
4212727,4095
4212738,4095
4212749,4095
4212759,4095
4212770,4095
4212780,4095
4212791,4095
4212801,4095
4212812,4095
4212822,4095
4212833,4095
4212843,4095
4212854,4095
4212864,4095
4212875,4095
4212885,4095
4212896,4095
4212907,4095
4212917,4095
4212928,4095
4212938,4095
4212949,4095
4212959,4095
4212970,4095
4212980,4095
4212991,4095
4213001,4095
4213012,4095
4213022,4095
4213033,4095
4213043,4095
4213054,4095
4213064,4095
4213075,4095
4213086,4095
4213096,4095
4213107,4095
4213117,4095
4213128,4095
4213138,4095
4213149,4095
4213159,4095
4213170,4095
4213180,4095
4213191,4095
4213201,4095
4213212,4095
4213222,4095
4213233,4095
4213243,4095
4213254,4095
4213265,4095
4213275,4095
4213286,4095
4213296,4095
4213307,4095
4213317,4095
4213328,4095
4213338,4095
4213349,4095
4213359,4095
4213370,4095
4213380,4095
4213391,4095
4213401,4095
4213412,4095
4213423,4095
4213433,4095
4213444,4095
4213454,4095
4213465,4095
4213475,4095
4213486,4095
4213496,4095
4213507,4095
4213517,4095
4213528,4095
4213538,4095
4213549,4095
4213559,4095
4213570,4095
4213580,4095
4213591,4095
4213602,4095
4213612,4095
4213623,4095
4213633,4095
4213645,4095
4213655,4095
4213666,4095
4213676,4095
4213687,4095
4213697,4095
4213708,4095
4213718,4095
4213729,4095
4213739,4095
4213750,4095
4213760,4095
4213771,4095
4213782,4095
4213792,4095
4213803,4095
4213813,4095
4213824,4095
4213834,4095
4213845,4095
4213855,4095
4213866,4095
4213876,4095
4213887,4095
4213897,4095
4213908,4095
4213918,4095
4213929,4095
4213939,4095
4213950,4095
4213961,4095
4213971,4095
4213982,4095
4213992,4095
4214003,4095
4214013,4095
4214024,4095
4214034,4095
4214045,4095
4214055,4095
4214066,4095
4214076,4095
4214087,4095
4214097,4095
4214108,4095
4214118,4095
4214129,4095
4214140,4095
4214150,4095
4214161,4095
4214171,4095
4214182,4095
4214192,4095
4214203,4095
4214213,4095
4214224,4095
4214234,4095
4214245,4095
4214255,4095
4214266,4095
4214276,4095
4214287,4095
4214297,4095
4214308,4095
4214319,4095
4214329,4095
4214340,4095
4214350,4095
4214361,4095
4214371,4095
4214382,4095
4214392,4095
4214403,4095
4214413,4095
4214424,4095
4214434,4095
4214445,4095
4214455,4095
4214466,4095
4214477,4095
4214487,4095
4214498,4095
4214508,4095
4214519,4095
4214529,4095
4214540,4095
4214550,4095
4214561,4095
4214571,4095
4214582,4095
4214592,4095
4214603,4095
4214613,4095
4214624,4095
4214634,4095
4214645,4095
4214656,4095
4214666,4095
4214677,4095
4214687,4095
4214698,4095
4214708,4095
4214719,4095
4214729,4095
4214740,4095
4214750,4095
4214761,4095
4214771,4095
4214782,4095
4214792,4095
4214803,4095
4214813,4095
4214824,4095
4214835,4095
4214845,4095
4214856,4095
4214866,4095
4214877,4095
4214887,4095
4214898,4095
4214908,4095
4214919,4095
4214929,4095
4214940,4095
4214950,4095
4214961,4095
4214971,4095
4214982,4095
4214993,4095
4215003,4095
4215014,4095
4215024,4095
4215035,4095
4215045,4095
4215056,4095
4215066,4095
4215077,4095
4215087,4095
4215098,4095
4215108,4095
4215119,4095
4215129,4095
4215140,4095
4215150,4095
4215161,4095
4215172,4095
4215182,4095
4215193,4095
4215203,4095
4215214,4095
4215224,4095
4215235,4095
4215245,4095
4215256,4095
4215266,4095
4215277,4095
4215287,4095
4215298,4095
4215308,4095
4215319,4095
4215329,4095
4215340,4095
4215351,4095
4215361,4095
4215372,4095
4215382,4095
4215393,4095
4215403,4095
4215414,4095
4215424,4095
4215435,4095
4215445,4095
4215456,4095
4215466,4095
4215477,4095
4215487,4095
4215498,4095
4215509,4095
4215519,4095
4215530,4095
4215540,4095
4215551,4095
4215561,4095
4215572,4095
4215582,4095
4215593,4095
4215603,4095
4215614,4095
4215624,4095
4215635,4095
4215645,4095
4215656,4095
4215666,4095
4215677,4095
4215688,4095
4215698,4095
4215709,4095
4215719,4095
4215730,4095
4215740,4095
4215751,4095
4215761,4095
4215772,4095
4215782,4095
4215793,4095
4215803,4095
4215814,4095
4215824,4095
4215835,4095
4215845,4095
4215856,4095
4215867,4095
4215877,4095
4215888,4095
4215898,4095
4215909,4095
4215919,4095
4215930,4095
4215940,4095
4215951,4095
4215961,4095
4215972,4095
4215982,4095
4215993,4095
4216003,4095
4216014,4095
4216025,4095
4216035,4095
4216046,4095
4216056,4095
4216067,4095
4216077,4095
4216088,4095
4216098,4095
4216109,4095
4216119,4095
4216130,4095
4216140,4095
4216151,4095
4216161,4095
4216172,4095
4216182,4095
4216193,4095
4216204,4095
4216214,4095
4216225,4095
4216235,4095
4216246,4095
4216256,4095
4216267,4095
4216277,4095
4216288,4095
4216298,4095
4216309,4095
4216319,4095
4216330,4095
4216340,4095
4216351,4095
4216361,4095
4216372,4095
4216383,4095
4216393,4095
4216404,4095
4216414,4095
4216425,4095
4216435,4095
4216446,4095
4216456,4095
4216467,4095
4216477,4095
4216488,4095
4216498,4095
4216509,4095
4216519,4095
4216530,4095
4216540,4095
4216551,4095
4216562,4095
4216572,4095
4216583,4095
4216593,4095
4216604,4095
4216614,4095
4216625,4095
4216635,4095
4216646,4095
4216656,4095
4216667,4095
4216677,4095
4216688,4095
4216698,4095
4216709,4095
4216720,4095
4216730,4095
4216741,4095
4216751,4095
4216762,4095
4216772,4095
4216783,4095
4216793,4095
4216804,4095
4216814,4095
4216825,4095
4216835,4095
4216846,4095
4216856,4095
4216867,4095
4216877,4095
4216888,4095
4216899,4095
4216909,4095
4216920,4095
4216930,4095
4216941,4095
4216951,4095
4216962,4095
4216972,4095
4216983,4095
4216993,4095
4217004,4095
4217014,4095
4217025,4095
4217035,4095
4217046,4095
4217056,4095
4217067,4095
4217078,4095
4217088,4095
4217099,4095
4217109,4095
4217120,4095
4217130,4095
4217141,4095
4217151,4095
4217162,4095
4217172,4095
4217183,4095
4217193,4095
4217204,4095
4217214,4095
4217225,4095
4217236,4095
4217246,4095
4217257,4095
4217267,4095
4217278,4095
4217288,4095
4217299,4095
4217309,4095
4217320,4095
4217330,4095
4217341,4095
4217351,4095
4217362,4095
4217372,4095
4217383,4095
4217393,4095
4217404,4095
4217415,4095
4217425,4095
4217436,4095
4217446,4095
4217457,4095
4217467,4095
4217478,4095
4217488,4095
4217499,4095
4217509,4095
4217520,4095
4217530,4095
4217541,4095
4217551,4095
4217562,4095
4217573,4095
4217583,4095
4217594,4095
4217604,4095
4217615,4095
4217625,4095
4217636,4095
4217646,4095
4217657,4095
4217667,4095
4217678,4095
4217688,4095
4217699,4095
4217709,4095
4217720,4095
4217730,4095
4217741,4095
4217752,4095
4217762,4095
4217773,4095
4217783,4095
4217794,4095
4217804,4095
4217815,4095
4217825,4095
4217836,4095
4217846,4095
4217857,4095
4217867,4095
4217878,4095
4217888,4095
4217899,4095
4217909,4095
4217920,4095
4217931,4095
4217941,4095
4217952,4095
4217962,4095
4217973,4095
4217983,4095
4217994,4095
4218004,4095
4218015,4095
4218025,4095
4218036,4095
4218046,4095
4218057,4095
4218067,4095
4218078,4095
4218089,4095
4218099,4095
4218110,4095
4218120,4095
4218131,4095
4218141,4095
4218152,4095
4218162,4095
4218173,4095
4218183,4095
4218194,4095
4218204,4095
4218215,4095
4218225,4095
4218236,4095
4218246,4095
4218257,4095
4218268,4095
4218278,4095
4218289,4095
4218299,4095
4218310,4095
4218320,4095
4218331,4095
4218341,4095
4218352,4095
4218362,4095
4218373,4095
4218383,4095
4218394,4095
4218404,4095
4218415,4095
4218425,4095
4218436,4095
4218447,4095
4218457,4095
4218468,4095
4218478,4095
4218489,4095
4218499,4095
4218510,4095
4218520,4095
4218531,4095
4218541,4095
4218552,4095
4218562,4095
4218573,4095
4218583,4095
4218594,4095
4218605,4095
4218615,4095
4218626,4095
4218636,4095
4218647,4095
4218657,4095
4218668,4095
4218678,4095
4218689,4095
4218699,4095
4218710,4095
4218720,4095
4218731,4095
4218741,4095
4218752,4095
4218762,4095
4218773,4095
4218784,4095
4218794,4095
4218805,4095
4218815,4095
4218826,4095
4218836,4095
4218847,4095
4218857,4095
4218868,4095
4218878,4095
4218889,4095
4218899,4095
4218910,4095
4218920,4095
4218931,4095
4218941,4095
4218952,4095
4218963,4095
4218973,4095
4218984,4095
4218994,4095
4219005,4095
4219015,4095
4219026,4095
4219036,4095
4219047,4095
4219057,4095
4219068,4095
4219078,4095
4219089,4095
4219099,4095
4219110,4095
4219120,4095
4219131,4095
4219142,4095
4219152,4095
4219163,4095
4219173,4095
4219184,4095
4219194,4095
4219205,4095
4219215,4095
4219226,4095
4219236,4095
4219247,4095
4219257,4095
4219268,4095
4219278,4095
4219289,4095
4219300,4095
4219310,4095
4219321,4095
4219331,4095
4219342,4095
4219352,4095
4219363,4095
4219373,4095
4219384,4095
4219394,4095
4219405,4095
4219415,4095
4219426,4095
4219436,4095
4219447,4095
4219457,4095
4219468,4095
4219479,4095
4219489,4095
4219501,4095
4219511,4095
4219522,4095
4219532,4095
4219543,4095
4219553,4095
4219564,4095
4219574,4095
4219585,4095
4219595,4095
4219606,4095
4219616,4095
4219627,4095
4219637,4095
4219648,4095
4219659,4095
4219669,4095
4219680,4095
4219690,4095
4219701,4095
4219711,4095
4219722,4095
4219732,4095
4219743,4095
4219753,4095
4219764,4095
4219774,4095
4219785,4095
4219795,4095
4219806,4095
4219816,4095
4219827,4095
4219838,4095
4219848,4095
4219859,4095
4219869,4095
4219880,4095
4219890,4095
4219901,4095
4219911,4095
4219922,4095
4219932,4095
4219943,4095
4219953,4095
4219964,4095
4219974,4095
4219985,4095
4219995,4095
4220006,4095
4220017,4095
4220027,4095
4220038,4095
4220048,4095
4220059,4095
4220069,4095
4220080,4095
4220090,4095
4220101,4095
4220111,4095
4220122,4095
4220132,4095
4220143,4095
4220153,4095
4220164,4095
4220175,4095
4220185,4095
4220196,4095
4220206,4095
4220217,4095
4220227,4095
4220238,4095
4220248,4095
4220259,4095
4220269,4095
4220280,4095
4220290,4095
4220301,4095
4220311,4095
4220322,4095
4220332,4095
4220343,4095
4220354,4095
4220364,4095
4220375,4095
4220385,4095
4220396,4095
4220406,4095
4220417,4095
4220427,4095
4220438,4095
4220448,4095
4220459,4095
4220469,4095
4220480,4095
4220490,4095
4220501,4095
4220511,4095
4220522,4095
4220533,4095
4220543,4095
4220554,4095
4220564,4095
4220575,4095
4220585,4095
4220596,4095
4220606,4095
4220617,4095
4220627,4095
4220638,4095
4220648,4095
4220659,4095
4220669,4095
4220680,4095
4220691,4095
4220701,4095
4220712,4095
4220722,4095
4220733,4095
4220743,4095
4220754,4095
4220764,4095
4220775,4095
4220785,4095
4220796,4095
4220806,4095
4220817,4095
4220827,4095
4220838,4095
4220848,4095
4220859,4095
4220870,4095
4220880,4095
4220891,4095
4220901,4095
4220912,4095
4220922,4095
4220933,4095
4220943,4095
4220954,4095
4220964,4095
4220975,4095
4220985,4095
4220996,4095
4221006,4095
4221017,4095
4221027,4095
4221038,4095
4221049,4095
4221059,4095
4221070,4095
4221080,4095
4221091,4095
4221101,4095
4221112,4095
4221122,4095
4221133,4095
4221143,4095
4221154,4095
4221164,4095
4221175,4095
4221185,4095
4221196,4095
4221206,4095
4221217,4095
4221228,4095
4221238,4095
4221249,4095
4221259,4095
4221270,4095
4221280,4095
4221291,4095
4221301,4095
4221312,4095
4221322,4095
4221333,4095
4221343,4095
4221354,4095
4221364,4095
4221375,4095
4221386,4095
4221396,4095
4221407,4095
4221417,4095
4221428,4095
4221438,4095
4221449,4095
4221459,4095
4221470,4095
4221480,4095
4221491,4095
4221501,4095
4221512,4095
4221522,4095
4221533,4095
4221543,4095
4221554,4095
4221565,4095
4221575,4095
4221586,4095
4221596,4095
4221607,4095
4221617,4095
4221628,4095
4221638,4095
4221649,4095
4221659,4095
4221670,4095
4221680,4095
4221691,4095
4221701,4095
4221712,4095
4221722,4095
4221733,4095
4221744,4095
4221754,4095
4221765,4095
4221775,4095
4221786,4095
4221796,4095
4221807,4095
4221817,4095
4221828,4095
4221838,4095
4221849,4095
4221859,4095
4221870,4095
4221880,4095
4221891,4095
4221902,4095
4221912,4095
4221923,4095
4221933,4095
4221944,4095
4221954,4095
4221965,4095
4221975,4095
4221986,4095
4221996,4095
4222007,4095
4222017,4095
4222028,4095
4222038,4095
4222049,4095
4222059,4095
4222070,4095
4222081,4095
4222091,4095
4222102,4095
4222112,4095
4222123,4095
4222133,4095
4222144,4095
4222154,4095
4222165,4095
4222175,4095
4222186,4095
4222196,4095
4222207,4095
4222217,4095
4222228,4095
4222238,4095
4222249,4095
4222260,4095
4222270,4095
4222281,4095
4222291,4095
4222302,4095
4222312,4095
4222323,4095
4222333,4095
4222344,4095
4222354,4095
4222365,4095
4222375,4095
4222386,4095
4222396,4095
4222407,4095
4222418,4095
4222428,4095
4222439,4095
4222449,4095
4222460,4095
4222470,4095
4222481,4095
4222491,4095
4222502,4095
4222512,4095
4222523,4095
4222533,4095
4222544,4095
4222554,4095
4222565,4095
4222575,4095
4222586,4095
4222597,4095
4222607,4095
4222618,4095
4222628,4095
4222639,4095
4222649,4095
4222660,4095
4222670,4095
4222681,4095
4222691,4095
4222702,4095
4222712,4095
4222723,4095
4222733,4095
4222744,4095
4222754,4095
4222765,4095
4222776,4095
4222786,4095
4222797,4095
4222807,4095
4222818,4095
4222828,4095
4222839,4095
4222849,4095
4222860,4095
4222870,4095
4222881,4095
4222891,4095
4222902,4095
4222912,4095
4222923,4095
4222934,4095
4222944,4095
4222955,4095
4222965,4095
4222976,4095
4222986,4095
4222997,4095
4223007,4095
4223018,4095
4223028,4095
4223039,4095
4223049,4095
4223060,4095
4223070,4095
4223081,4095
4223091,4095
4223102,4095
4223113,4095
4223123,4095
4223134,4095
4223144,4095
4223155,4095
4223165,4095
4223176,4095
4223186,4095
4223197,4095
4223207,4095
4223218,4095
4223228,4095
4223239,4095
4223249,4095
4223260,4095
4223270,4095
4223281,4095
4223292,4095
4223302,4095
4223313,4095
4223323,4095
4223334,4095
4223344,4095
4223355,4095
4223365,4095
4223376,4095
4223386,4095
4223397,4095
4223407,4095
4223418,4095
4223428,4095
4223439,4095
4223449,4095
4223460,4095
4223471,4095
4223481,4095
4223492,4095
4223502,4095
4223513,4095
4223523,4095
4223534,4095
4223544,4095
4223555,4095
4223565,4095
4223576,4095
4223586,4095
4223597,4095
4223607,4095
4223618,4095
4223629,4095
4223639,4095
4223650,4095
4223660,4095
4223671,4095
4223681,4095
4223692,4095
4223702,4095
4223713,4095
4223723,4095
4223734,4095
4223744,4095
4223755,4095
4223765,4095
4223776,4095
4223786,4095
4223797,4095
4223808,4095
4223818,4095
4223829,4095
4223839,4095
4223850,4095
4223860,4095
4223871,4095
4223881,4095
4223892,4095
4223902,4095
4223913,4095
4223923,4095
4223934,4095
4223944,4095
4223955,4095
4223965,4095
4223976,4095
4223987,4095
4223997,4095
4224008,4095
4224018,4095
4224029,4095
4224039,4095
4224050,4095
4224060,4095
4224071,4095
4224081,4095
4224092,4095
4224102,4095
4224113,4095
4224123,4095
4224134,4095
4224145,4095
4224155,4095
4224166,4095
4224176,4095
4224187,4095
4224197,4095
4224208,4095
4224218,4095
4224229,4095
4224239,4095
4224250,4095
4224260,4095
4224271,4095
4224281,4095
4224292,4095
4224302,4095
4224313,4095
4224324,4095
4224334,4095
4224345,4095
4224355,4095
4224366,4095
4224376,4095
4224387,4095
4224397,4095
4224408,4095
4224418,4095
4224429,4095
4224439,4095
4224450,4095
4224460,4095
4224471,4095
4224481,4095
4224492,4095
4224503,4095
4224513,4095
4224524,4095
4224534,4095
4224545,4095
4224555,4095
4224566,4095
4224576,4095
4224587,4095
4224597,4095
4224608,4095
4224618,4095
4224629,4095
4224639,4095
4224650,4095
4224661,4095
4224671,4095
4224682,4095
4224692,4095
4224703,4095
4224713,4095
4224724,4095
4224734,4095
4224745,4095
4224755,4095
4224766,4095
4224776,4095
4224787,4095
4224797,4095
4224808,4095
4224818,4095
4224829,4095
4224840,4095
4224850,4095
4224861,4095
4224871,4095
4224882,4095
4224892,4095
4224903,4095
4224913,4095
4224924,4095
4224934,4095
4224945,4095
4224955,4095
4224966,4095
4224976,4095
4224987,4095
4224997,4095
4225008,4095
4225019,4095
4225029,4095
4225040,4095
4225050,4095
4225061,4095
4225071,4095
4225082,4095
4225092,4095
4225103,4095
4225113,4095
4225124,4095
4225134,4095
4225145,4095
4225155,4095
4225166,4095
4225177,4095
4225187,4095
4225198,4095
4225208,4095
4225219,4095
4225229,4095
4225240,4095
4225250,4095
4225261,4095
4225271,4095
4225282,4095
4225292,4095
4225303,4095
4225313,4095
4225324,4095
4225334,4095
4225346,4095
4225356,4095
4225367,4095
4225378,4095
4225388,4095
4225399,4095
4225409,4095
4225420,4095
4225430,4095
4225441,4095
4225451,4095
4225462,4095
4225472,4095
4225483,4095
4225493,4095
4225504,4095
4225514,4095
4225525,4095
4225536,4095
4225546,4095
4225557,4095
4225567,4095
4225578,4095
4225588,4095
4225599,4095
4225609,4095
4225620,4095
4225630,4095
4225641,4095
4225651,4095
4225662,4095
4225672,4095
4225683,4095
4225693,4095
4225704,4095
4225715,4095
4225725,4095
4225736,4095
4225746,4095
4225757,4095
4225767,4095
4225778,4095
4225788,4095
4225799,4095
4225809,4095
4225820,4095
4225830,4095
4225841,4095
4225851,4095
4225862,4095
4225872,4095
4225883,4095
4225894,4095
4225904,4095
4225915,4095
4225925,4095
4225936,4095
4225946,4095
4225957,4095
4225967,4095
4225978,4095
4225988,4095
4225999,4095
4226009,4095
4226020,4095
4226030,4095
4226041,4095
4226052,4095
4226062,4095
4226073,4095
4226083,4095
4226094,4095
4226104,4095
4226115,4095
4226125,4095
4226136,4095
4226146,4095
4226157,4095
4226167,4095
4226178,4095
4226188,4095
4226199,4095
4226209,4095
4226220,4095
4226231,4095
4226241,4095
4226252,4095
4226262,4095
4226273,4095
4226283,4095
4226294,4095
4226304,4095
4226315,4095
4226325,4095
4226336,4095
4226346,4095
4226357,4095
4226367,4095
4226378,4095
4226388,4095
4226399,4095
4226410,4095
4226420,4095
4226431,4095
4226441,4095
4226452,4095
4226462,4095
4226473,4095
4226483,4095
4226494,4095
4226504,4095
4226515,4095
4226525,4095
4226536,4095
4226546,4095
4226557,4095
4226568,4095
4226578,4095
4226589,4095
4226599,4095
4226610,4095
4226620,4095
4226631,4095
4226641,4095
4226652,4095
4226662,4095
4226673,4095
4226683,4095
4226694,4095
4226704,4095
4226715,4095
4226725,4095
4226736,4095
4226747,4095
4226757,4095
4226768,4095
4226778,4095
4226789,4095
4226799,4095
4226810,4095
4226820,4095
4226831,4095
4226841,4095
4226852,4095
4226862,4095
4226873,4095
4226883,4095
4226894,4095
4226904,4095
4226915,4095
4226926,4095
4226936,4095
4226947,4095
4226957,4095
4226968,4095
4226978,4095
4226989,4095
4226999,4095
4227010,4095
4227020,4095
4227031,4095
4227041,4095
4227052,4095
4227062,4095
4227073,4095
4227084,4095
4227094,4095
4227105,4095
4227115,4095
4227126,4095
4227136,4095
4227147,4095
4227157,4095
4227168,4095
4227178,4095
4227189,4095
4227199,4095
4227210,4095
4227220,4095
4227231,4095
4227241,4095
4227252,4095
4227263,4095
4227273,4095
4227284,4095
4227294,4095
4227305,4095
4227315,4095
4227326,4095
4227336,4095
4227347,4095
4227357,4095
4227368,4095
4227378,4095
4227389,4095
4227399,4095
4227410,4095
4227420,4095
4227431,4095
4227442,4095
4227452,4095
4227463,4095
4227473,4095
4227484,4095
4227494,4095
4227505,4095
4227515,4095
4227526,4095
4227536,4095
4227547,4095
4227557,4095
4227568,4095
4227578,4095
4227589,4095
4227600,4095
4227610,4095
4227621,4095
4227631,4095
4227642,4095
4227652,4095
4227663,4095
4227673,4095
4227684,4095
4227694,4095
4227705,4095
4227715,4095
4227726,4095
4227736,4095
4227747,4095
4227757,4095
4227768,4095
4227779,4095
4227789,4095
4227800,4095
4227810,4095
4227821,4095
4227831,4095
4227842,4095
4227852,4095
4227863,4095
4227873,4095
4227884,4095
4227894,4095
4227905,4095
4227915,4095
4227926,4095
4227936,4095
4227947,4095
4227958,4095
4227968,4095
4227979,4095
4227989,4095
4228000,4095
4228010,4095
4228021,4095
4228031,4095
4228042,4095
4228052,4095
4228063,4095
4228073,4095
4228084,4095
4228094,4095
4228105,4095
4228116,4095
4228126,4095
4228137,4095
4228147,4095
4228158,4095
4228168,4095
4228179,4095
4228189,4095
4228200,4095
4228210,4095
4228221,4095
4228231,4095
4228242,4095
4228252,4095
4228263,4095
4228273,4095
4228284,4095
4228295,4095
4228305,4095
4228316,4095
4228326,4095
4228337,4095
4228347,4095
4228358,4095
4228368,4095
4228379,4095
4228389,4095
4228400,4095
4228410,4095
4228421,4095
4228431,4095
4228442,4095
4228452,4095
4228463,4095
4228474,4095
4228484,4095
4228495,4095
4228505,4095
4228516,4095
4228526,4095
4228537,4095
4228547,4095
4228558,4095
4228568,4095
4228579,4095
4228589,4095
4228600,4095
4228610,4095
4228621,4095
4228632,4095
4228642,4095
4228653,4095
4228663,4095
4228674,4095
4228684,4095
4228695,4095
4228705,4095
4228716,4095
4228726,4095
4228737,4095
4228747,4095
4228758,4095
4228768,4095
4228779,4095
4228789,4095
4228800,4095
4228811,4095
4228821,4095
4228832,4095
4228842,4095
4228853,4095
4228863,4095
4228874,4095
4228884,4095
4228895,4095
4228905,4095
4228916,4095
4228926,4095
4228937,4095
4228947,4095
4228958,4095
4228968,4095
4228979,4095
4228990,4095
4229000,4095
4229011,4095
4229021,4095
4229032,4095
4229042,4095
4229053,4095
4229063,4095
4229074,4095
4229084,4095
4229095,4095
4229105,4095
4229116,4095
4229126,4095
4229137,4095
4229148,4095
4229158,4095
4229169,4095
4229179,4095
4229190,4095
4229200,4095
4229211,4095
4229221,4095
4229232,4095
4229242,4095
4229253,4095
4229263,4095
4229274,4095
4229284,4095
4229295,4095
4229305,4095
4229316,4095
4229327,4095
4229337,4095
4229348,4095
4229358,4095
4229369,4095
4229379,4095
4229390,4095
4229400,4095
4229411,4095
4229421,4095
4229432,4095
4229442,4095
4229453,4095
4229463,4095
4229474,4095
4229484,4095
4229495,4095
4229506,4095
4229516,4095
4229527,4095
4229537,4095
4229548,4095
4229558,4095
4229569,4095
4229579,4095
4229590,4095
4229600,4095
4229611,4095
4229621,4095
4229632,4095
4229642,4095
4229653,4095
4229664,4095
4229674,4095
4229685,4095
4229695,4095
4229706,4095
4229716,4095
4229727,4095
4229737,4095
4229748,4095
4229758,4095
4229769,4095
4229779,4095
4229790,4095
4229800,4095
4229811,4095
4229821,4095
4229832,4095
4229843,4095
4229853,4095
4229864,4095
4229874,4095
4229885,4095
4229895,4095
4229906,4095
4229916,4095
4229927,4095
4229937,4095
4229948,4095
4229958,4095
4229969,4095
4229979,4095
4229990,4095
4230000,4095
4230011,4095
4230022,4095
4230032,4095
4230043,4095
4230053,4095
4230064,4095
4230074,4095
4230085,4095
4230095,4095
4230106,4095
4230116,4095
4230127,4095
4230137,4095
4230148,4095
4230158,4095
4230169,4095
4230179,4095
4230190,4095
4230201,4095
4230211,4095
4230222,4095
4230232,4095
4230243,4095
4230253,4095
4230264,4095
4230274,4095
4230285,4095
4230295,4095
4230306,4095
4230316,4095
4230327,4095
4230337,4095
4230348,4095
4230359,4095
4230369,4095
4230380,4095
4230390,4095
4230401,4095
4230411,4095
4230422,4095
4230432,4095
4230443,4095
4230453,4095
4230464,4095
4230474,4095
4230485,4095
4230495,4095
4230506,4095
4230516,4095
4230527,4095
4230538,4095
4230548,4095
4230559,4095
4230569,4095
4230580,4095
4230590,4095
4230601,4095
4230611,4095
4230622,4095
4230632,4095
4230643,4095
4230653,4095
4230664,4095
4230674,4095
4230685,4095
4230695,4095
4230706,4095
4230717,4095
4230727,4095
4230738,4095
4230748,4095
4230759,4095
4230769,4095
4230780,4095
4230790,4095
4230801,4095
4230811,4095
4230822,4095
4230832,4095
4230843,4095
4230853,4095
4230864,4095
4230875,4095
4230885,4095
4230896,4095
4230906,4095
4230917,4095
4230927,4095
4230938,4095
4230948,4095
4230959,4095
4230969,4095
4230980,4095
4230990,4095
4231001,4095
4231011,4095
4231022,4095
4231032,4095
4231043,4095
4231054,4095
4231064,4095
4231075,4095
4231085,4095
4231096,4095
4231106,4095
4231117,4095
4231127,4095
4231138,4095
4231148,4095
4231159,4095
4231169,4095
4231180,4095
4231191,4095
4231202,4095
4231212,4095
4231223,4095
4231234,4095
4231244,4095
4231255,4095
4231265,4095
4231276,4095
4231286,4095
4231297,4095
4231307,4095
4231318,4095
4231328,4095
4231339,4095
4231349,4095
4231360,4095
4231370,4095
4231381,4095
4231391,4095
4231402,4095
4231413,4095
4231423,4095
4231434,4095
4231444,4095
4231455,4095
4231465,4095
4231476,4095
4231486,4095
4231497,4095
4231507,4095
4231518,4095
4231528,4095
4231539,4095
4231549,4095
4231560,4095
4231570,4095
4231581,4095
4231592,4095
4231602,4095
4231613,4095
4231623,4095
4231634,4095
4231644,4095
4231655,4095
4231665,4095
4231676,4095
4231686,4095
4231697,4095
4231707,4095
4231718,4095
4231728,4095
4231739,4095
4231750,4095
4231760,4095
4231771,4095
4231781,4095
4231792,4095
4231802,4095
4231813,4095
4231823,4095
4231834,4095
4231844,4095
4231855,4095
4231865,4095
4231876,4095
4231886,4095
4231897,4095
4231907,4095
4231918,4095
4231929,4095
4231939,4095
4231950,4095
4231960,4095
4231971,4095
4231981,4095
4231992,4095
4232002,4095
4232013,4095
4232023,4095
4232034,4095
4232044,4095
4232055,4095
4232065,4095
4232076,4095
4232086,4095
4232097,4095
4232108,4095
4232118,4095
4232129,4095
4232139,4095
4232150,4095
4232160,4095
4232171,4095
4232181,4095
4232192,4095
4232202,4095
4232213,4095
4232223,4095
4232234,4095
4232244,4095
4232255,4095
4232266,4095
4232276,4095
4232287,4095
4232297,4095
4232308,4095
4232318,4095
4232329,4095
4232339,4095
4232350,4095
4232360,4095
4232371,4095
4232381,4095
4232392,4095
4232402,4095
4232413,4095
4232423,4095
4232434,4095
4232445,4095
4232455,4095
4232466,4095
4232476,4095
4232487,4095
4232497,4095
4232508,4095
4232518,4095
4232529,4095
4232539,4095
4232550,4095
4232560,4095
4232571,4095
4232581,4095
4232592,4095
4232602,4095
4232613,4095
4232624,4095
4232634,4095
4232645,4095
4232655,4095
4232666,4095
4232676,4095
4232687,4095
4232697,4095
4232708,4095
4232718,4095
4232729,4095
4232739,4095
4232750,4095
4232760,4095
4232771,4095
4232782,4095
4232792,4095
4232803,4095
4232813,4095
4232824,4095
4232834,4095
4232845,4095
4232855,4095
4232866,4095
4232876,4095
4232887,4095
4232897,4095
4232908,4095
4232918,4095
4232929,4095
4232939,4095
4232950,4095
4232961,4095
4232971,4095
4232982,4095
4232992,4095
4233003,4095
4233013,4095
4233024,4095
4233034,4095
4233045,4095
4233055,4095
4233066,4095
4233076,4095
4233087,4095
4233097,4095
4233108,4095
4233118,4095
4233129,4095
4233140,4095
4233150,4095
4233161,4095
4233171,4095
4233182,4095
4233192,4095
4233203,4095
4233213,4095
4233224,4095
4233234,4095
4233245,4095
4233255,4095
4233266,4095
4233276,4095
4233287,4095
4233298,4095
4233308,4095
4233319,4095
4233329,4095
4233340,4095
4233350,4095
4233361,4095
4233371,4095
4233382,4095
4233392,4095
4233403,4095
4233413,4095
4233424,4095
4233434,4095
4233445,4095
4233455,4095
4233466,4095
4233477,4095
4233487,4095
4233498,4095
4233508,4095
4233519,4095
4233529,4095
4233540,4095
4233550,4095
4233561,4095
4233571,4095
4233582,4095
4233592,4095
4233603,4095
4233613,4095
4233624,4095
4233634,4095
4233645,4095
4233656,4095
4233666,4095
4233677,4095
4233687,4095
4233698,4095
4233708,4095
4233719,4095
4233729,4095
4233740,4095
4233750,4095
4233761,4095
4233771,4095
4233782,4095
4233792,4095
4233803,4095
4233814,4095
4233824,4095
4233835,4095
4233845,4095
4233856,4095
4233866,4095
4233877,4095
4233887,4095
4233898,4095
4233908,4095
4233919,4095
4233929,4095
4233940,4095
4233950,4095
4233961,4095
4233971,4095
4233982,4095
4233993,4095
4234003,4095
4234014,4095
4234024,4095
4234035,4095
4234045,4095
4234056,4095
4234066,4095
4234077,4095
4234087,4095
4234098,4095
4234108,4095
4234119,4095
4234129,4095
4234140,4095
4234150,4095
4234161,4095
4234172,4095
4234182,4095
4234193,4095
4234203,4095
4234214,4095
4234224,4095
4234235,4095
4234245,4095
4234256,4095
4234266,4095
4234277,4095
4234287,4095
4234298,4095
4234308,4095
4234319,4095
4234330,4095
4234340,4095
4234351,4095
4234361,4095
4234372,4095
4234382,4095
4234393,4095
4234403,4095
4234414,4095
4234424,4095
4234435,4095
4234445,4095
4234456,4095
4234466,4095
4234477,4095
4234487,4095
4234498,4095
4234509,4095
4234519,4095
4234530,4095
4234540,4095
4234551,4095
4234561,4095
4234572,4095
4234582,4095
4234593,4095
4234603,4095
4234614,4095
4234624,4095
4234635,4095
4234645,4095
4234656,4095
4234666,4095
4234677,4095
4234688,4095
4234698,4095
4234709,4095
4234719,4095
4234730,4095
4234740,4095
4234751,4095
4234761,4095
4234772,4095
4234782,4095
4234793,4095
4234803,4095
4234814,4095
4234824,4095
4234835,4095
4234846,4095
4234856,4095
4234867,4095
4234877,4095
4234888,4095
4234898,4095
4234909,4095
4234919,4095
4234930,4095
4234940,4095
4234951,4095
4234961,4095
4234972,4095
4234982,4095
4234993,4095
4235003,4095
4235014,4095
4235025,4095
4235035,4095
4235046,4095
4235056,4095
4235067,4095
4235077,4095
4235088,4095
4235098,4095
4235109,4095
4235119,4095
4235130,4095
4235140,4095
4235151,4095
4235161,4095
4235172,4095
4235182,4095
4235193,4095
4235204,4095
4235214,4095
4235225,4095
4235235,4095
4235246,4095
4235256,4095
4235267,4095
4235277,4095
4235288,4095
4235298,4095
4235309,4095
4235319,4095
4235330,4095
4235340,4095
4235351,4095
4235362,4095
4235372,4095
4235383,4095
4235393,4095
4235404,4095
4235414,4095
4235425,4095
4235435,4095
4235446,4095
4235456,4095
4235467,4095
4235477,4095
4235488,4095
4235498,4095
4235509,4095
4235519,4095
4235530,4095
4235541,4095
4235551,4095
4235562,4095
4235572,4095
4235583,4095
4235593,4095
4235604,4095
4235614,4095
4235625,4095
4235635,4095
4235646,4095
4235656,4095
4235667,4095
4235677,4095
4235688,4095
4235698,4095
4235709,4095
4235720,4095
4235730,4095
4235741,4095
4235751,4095
4235762,4095
4235772,4095
4235783,4095
4235793,4095
4235804,4095
4235814,4095
4235825,4095
4235835,4095
4235846,4095
4235856,4095
4235867,4095
4235878,4095
4235888,4095
4235899,4095
4235909,4095
4235920,4095
4235930,4095
4235941,4095
4235951,4095
4235962,4095
4235972,4095
4235983,4095
4235993,4095
4236004,4095
4236014,4095
4236025,4095
4236035,4095
4236046,4095
4236057,4095
4236067,4095
4236078,4095
4236088,4095
4236099,4095
4236109,4095
4236120,4095
4236130,4095
4236141,4095
4236151,4095
4236162,4095
4236172,4095
4236183,4095
4236193,4095
4236204,4095
4236214,4095
4236225,4095
4236236,4095
4236246,4095
4236257,4095
4236267,4095
4236278,4095
4236288,4095
4236299,4095
4236309,4095
4236320,4095
4236330,4095
4236341,4095
4236351,4095
4236362,4095
4236372,4095
4236383,4095
4236394,4095
4236404,4095
4236415,4095
4236425,4095
4236436,4095
4236446,4095
4236457,4095
4236467,4095
4236478,4095
4236488,4095
4236499,4095
4236509,4095
4236520,4095
4236530,4095
4236541,4095
4236551,4095
4236562,4095
4236573,4095
4236583,4095
4236594,4095
4236604,4095
4236615,4095
4236625,4095
4236636,4095
4236646,4095
4236657,4095
4236667,4095
4236678,4095
4236688,4095
4236699,4095
4236709,4095
4236720,4095
4236730,4095
4236741,4095
4236752,4095
4236762,4095
4236773,4095
4236783,4095
4236794,4095
4236804,4095
4236815,4095
4236825,4095
4236836,4095
4236846,4095
4236857,4095
4236867,4095
4236878,4095
4236888,4095
4236899,4095
4236909,4095
4236920,4095
4236931,4095
4236941,4095
4236952,4095
4236962,4095
4236973,4095
4236983,4095
4236994,4095
4237004,4095
4237015,4095
4237025,4095
4237036,4095
4237047,4095
4237058,4095
4237068,4095
4237079,4095
4237089,4095
4237100,4095
4237111,4095
4237121,4095
4237132,4095
4237142,4095
4237153,4095
4237163,4095
4237174,4095
4237184,4095
4237195,4095
4237205,4095
4237216,4095
4237226,4095
4237237,4095
4237247,4095
4237258,4095
4237268,4095
4237279,4095
4237290,4095
4237300,4095
4237311,4095
4237321,4095
4237332,4095
4237342,4095
4237353,4095
4237363,4095
4237374,4095
4237384,4095
4237395,4095
4237405,4095
4237416,4095
4237426,4095
4237437,4095
4237448,4095
4237458,4095
4237469,4095
4237479,4095
4237490,4095
4237500,4095
4237511,4095
4237521,4095
4237532,4095
4237542,4095
4237553,4095
4237563,4095
4237574,4095
4237584,4095
4237595,4095
4237605,4095
4237616,4095
4237627,4095
4237637,4095
4237648,4095
4237658,4095
4237669,4095
4237679,4095
4237690,4095
4237700,4095
4237711,4095
4237721,4095
4237732,4095
4237742,4095
4237753,4095
4237763,4095
4237774,4095
4237785,4095
4237795,4095
4237806,4095
4237816,4095
4237827,4095
4237837,4095
4237848,4095
4237858,4095
4237869,4095
4237879,4095
4237890,4095
4237900,4095
4237911,4095
4237921,4095
4237932,4095
4237942,4095
4237953,4095
4237964,4095
4237974,4095
4237985,4095
4237995,4095
4238006,4095
4238016,4095
4238027,4095
4238037,4095
4238048,4095
4238058,4095
4238069,4095
4238079,4095
4238090,4095
4238100,4095
4238111,4095
4238121,4095
4238132,4095
4238143,4095
4238153,4095
4238164,4095
4238174,4095
4238185,4095
4238195,4095
4238206,4095
4238216,4095
4238227,4095
4238237,4095
4238248,4095
4238258,4095
4238269,4095
4238279,4095
4238290,4095
4238301,4095
4238311,4095
4238322,4095
4238332,4095
4238343,4095
4238353,4095
4238364,4095
4238374,4095
4238385,4095
4238395,4095
4238406,4095
4238416,4095
4238427,4095
4238437,4095
4238448,4095
4238458,4095
4238469,4095
4238480,4095
4238490,4095
4238501,4095
4238511,4095
4238522,4095
4238532,4095
4238543,4095
4238553,4095
4238564,4095
4238574,4095
4238585,4095
4238595,4095
4238606,4095
4238616,4095
4238627,4095
4238637,4095
4238648,4095
4238659,4095
4238669,4095
4238680,4095
4238690,4095
4238701,4095
4238711,4095
4238722,4095
4238732,4095
4238743,4095
4238753,4095
4238764,4095
4238774,4095
4238785,4095
4238795,4095
4238806,4095
4238817,4095
4238827,4095
4238838,4095
4238848,4095
4238859,4095
4238869,4095
4238880,4095
4238890,4095
4238901,4095
4238911,4095
4238922,4095
4238932,4095
4238943,4095
4238953,4095
4238964,4095
4238974,4095
4238985,4095
4238996,4095
4239006,4095
4239017,4095
4239027,4095
4239038,4095
4239048,4095
4239059,4095
4239069,4095
4239080,4095
4239090,4095
4239101,4095
4239111,4095
4239122,4095
4239132,4095
4239143,4095
4239153,4095
4239164,4095
4239175,4095
4239185,4095
4239196,4095
4239206,4095
4239217,4095
4239227,4095
4239238,4095
4239248,4095
4239259,4095
4239269,4095
4239280,4095
4239290,4095
4239301,4095
4239311,4095
4239322,4095
4239333,4095
4239343,4095
4239354,4095
4239364,4095
4239375,4095
4239385,4095
4239396,4095
4239406,4095
4239417,4095
4239427,4095
4239438,4095
4239448,4095
4239459,4095
4239469,4095
4239480,4095
4239490,4095
4239501,4095
4239512,4095
4239522,4095
4239533,4095
4239543,4095
4239554,4095
4239564,4095
4239575,4095
4239585,4095
4239596,4095
4239606,4095
4239617,4095
4239627,4095
4239638,4095
4239648,4095
4239659,4095
4239669,4095
4239680,4095
4239691,4095
4239701,4095
4239712,4095
4239722,4095
4239733,4095
4239743,4095
4239754,4095
4239764,4095
4239775,4095
4239785,4095
4239796,4095
4239806,4095
4239817,4095
4239827,4095
4239838,4095
4239849,4095
4239859,4095
4239870,4095
4239880,4095
4239891,4095
4239901,4095
4239912,4095
4239922,4095
4239933,4095
4239943,4095
4239954,4095
4239964,4095
4239975,4095
4239985,4095
4239996,4095
4240006,4095
4240017,4095
4240028,4095
4240038,4095
4240049,4095
4240059,4095
4240070,4095
4240080,4095
4240091,4095
4240101,4095
4240112,4095
4240122,4095
4240133,4095
4240143,4095
4240154,4095
4240164,4095
4240175,4095
4240185,4095
4240196,4095
4240207,4095
4240217,4095
4240228,4095
4240238,4095
4240249,4095
4240259,4095
4240270,4095
4240280,4095
4240291,4095
4240301,4095
4240312,4095
4240322,4095
4240333,4095
4240343,4095
4240354,4095
4240365,4095
4240375,4095
4240386,4095
4240396,4095
4240407,4095
4240417,4095
4240428,4095
4240438,4095
4240449,4095
4240459,4095
4240470,4095
4240480,4095
4240491,4095
4240501,4095
4240512,4095
4240522,4095
4240533,4095
4240544,4095
4240554,4095
4240565,4095
4240575,4095
4240586,4095
4240596,4095
4240607,4095
4240617,4095
4240628,4095
4240638,4095
4240649,4095
4240659,4095
4240670,4095
4240680,4095
4240691,4095
4240701,4095
4240712,4095
4240723,4095
4240733,4095
4240744,4095
4240754,4095
4240765,4095
4240775,4095
4240786,4095
4240796,4095
4240807,4095
4240817,4095
4240828,4095
4240838,4095
4240849,4095
4240859,4095
4240870,4095
4240881,4095
4240891,4095
4240902,4095
4240912,4095
4240923,4095
4240933,4095
4240944,4095
4240954,4095
4240965,4095
4240975,4095
4240986,4095
4240996,4095
4241007,4095
4241017,4095
4241028,4095
4241038,4095
4241049,4095
4241060,4095
4241070,4095
4241081,4095
4241091,4095
4241102,4095
4241112,4095
4241123,4095
4241133,4095
4241144,4095
4241154,4095
4241165,4095
4241175,4095
4241186,4095
4241196,4095
4241207,4095
4241217,4095
4241228,4095
4241239,4095
4241249,4095
4241260,4095
4241270,4095
4241281,4095
4241291,4095
4241302,4095
4241312,4095
4241323,4095
4241333,4095
4241344,4095
4241354,4095
4241365,4095
4241375,4095
4241386,4095
4241397,4095
4241407,4095
4241418,4095
4241428,4095
4241439,4095
4241449,4095
4241460,4095
4241470,4095
4241481,4095
4241491,4095
4241502,4095
4241512,4095
4241523,4095
4241533,4095
4241544,4095
4241554,4095
4241565,4095
4241576,4095
4241586,4095
4241597,4095
4241607,4095
4241618,4095
4241628,4095
4241639,4095
4241649,4095
4241660,4095
4241670,4095
4241681,4095
4241691,4095
4241702,4095
4241712,4095
4241723,4095
4241733,4095
4241744,4095
4241755,4095
4241765,4095
4241776,4095
4241786,4095
4241797,4095
4241807,4095
4241818,4095
4241828,4095
4241839,4095
4241849,4095
4241860,4095
4241870,4095
4241881,4095
4241891,4095
4241902,4095
4241913,4095
4241923,4095
4241934,4095
4241944,4095
4241955,4095
4241965,4095
4241976,4095
4241986,4095
4241997,4095
4242007,4095
4242018,4095
4242028,4095
4242039,4095
4242049,4095
4242060,4095
4242070,4095
4242081,4095
4242092,4095
4242102,4095
4242113,4095
4242123,4095
4242134,4095
4242144,4095
4242155,4095
4242165,4095
4242176,4095
4242186,4095
4242197,4095
4242207,4095
4242218,4095
4242228,4095
4242239,4095
4242249,4095
4242260,4095
4242271,4095
4242281,4095
4242292,4095
4242302,4095
4242313,4095
4242323,4095
4242334,4095
4242344,4095
4242355,4095
4242365,4095
4242376,4095
4242386,4095
4242397,4095
4242407,4095
4242418,4095
4242429,4095
4242439,4095
4242450,4095
4242460,4095
4242471,4095
4242481,4095
4242492,4095
4242502,4095
4242513,4095
4242523,4095
4242534,4095
4242544,4095
4242555,4095
4242565,4095
4242576,4095
4242586,4095
4242597,4095
4242608,4095
4242618,4095
4242629,4095
4242639,4095
4242650,4095
4242660,4095
4242671,4095
4242681,4095
4242692,4095
4242702,4095
4242713,4095
4242723,4095
4242734,4095
4242744,4095
4242755,4095
4242765,4095
4242776,4095
4242787,4095
4242797,4095
4242808,4095
4242818,4095
4242829,4095
4242839,4095
4242850,4095
4242860,4095
4242871,4095
4242881,4095
4242893,4095
4242903,4095
4242914,4095
4242924,4095
4242935,4095
4242945,4095
4242956,4095
4242967,4095
4242977,4095
4242988,4095
4242998,4095
4243009,4095
4243019,4095
4243030,4095
4243040,4095
4243051,4095
4243061,4095
4243072,4095
4243082,4095
4243093,4095
4243103,4095
4243114,4095
4243124,4095
4243135,4095
4243146,4095
4243156,4095
4243167,4095
4243177,4095
4243188,4095
4243198,4095
4243209,4095
4243219,4095
4243230,4095
4243240,4095
4243251,4095
4243261,4095
4243272,4095
4243282,4095
4243293,4095
4243303,4095
4243314,4095
4243325,4095
4243335,4095
4243346,4095
4243356,4095
4243367,4095
4243377,4095
4243388,4095
4243398,4095
4243409,4095
4243419,4095
4243430,4095
4243440,4095
4243451,4095
4243461,4095
4243472,4095
4243483,4095
4243493,4095
4243504,4095
4243514,4095
4243525,4095
4243535,4095
4243546,4095
4243556,4095
4243567,4095
4243577,4095
4243588,4095
4243598,4095
4243609,4095
4243619,4095
4243630,4095
4243640,4095
4243651,4095
4243662,4095
4243672,4095
4243683,4095
4243693,4095
4243704,4095
4243714,4095
4243725,4095
4243735,4095
4243746,4095
4243756,4095
4243767,4095
4243777,4095
4243788,4095
4243798,4095
4243809,4095
4243819,4095
4243830,4095
4243841,4095
4243851,4095
4243862,4095
4243872,4095
4243883,4095
4243893,4095
4243904,4095
4243914,4095
4243925,4095
4243935,4095
4243946,4095
4243956,4095
4243967,4095
4243977,4095
4243988,4095
4243999,4095
4244009,4095
4244020,4095
4244030,4095
4244041,4095
4244051,4095
4244062,4095
4244072,4095
4244083,4095
4244093,4095
4244104,4095
4244114,4095
4244125,4095
4244135,4095
4244146,4095
4244156,4095
4244167,4095
4244178,4095
4244188,4095
4244199,4095
4244209,4095
4244220,4095
4244230,4095
4244241,4095
4244251,4095
4244262,4095
4244272,4095
4244283,4095
4244293,4095
4244304,4095
4244314,4095
4244325,4095
4244335,4095
4244346,4095
4244357,4095
4244367,4095
4244378,4095
4244388,4095
4244399,4095
4244409,4095
4244420,4095
4244430,4095
4244441,4095
4244451,4095
4244462,4095
4244472,4095
4244483,4095
4244493,4095
4244504,4095
4244515,4095
4244525,4095
4244536,4095
4244546,4095
4244557,4095
4244567,4095
4244578,4095
4244588,4095
4244599,4095
4244609,4095
4244620,4095
4244630,4095
4244641,4095
4244651,4095
4244662,4095
4244672,4095
4244683,4095
4244694,4095
4244704,4095
4244715,4095
4244725,4095
4244736,4095
4244746,4095
4244757,4095
4244767,4095
4244778,4095
4244788,4095
4244799,4095
4244809,4095
4244820,4095
4244830,4095
4244841,4095
4244852,4095
4244862,4095
4244873,4095
4244883,4095
4244894,4095
4244904,4095
4244915,4095
4244925,4095
4244936,4095
4244946,4095
4244957,4095
4244967,4095
4244978,4095
4244988,4095
4244999,4095
4245009,4095
4245020,4095
4245031,4095
4245041,4095
4245052,4095
4245062,4095
4245073,4095
4245083,4095
4245094,4095
4245104,4095
4245115,4095
4245125,4095
4245136,4095
4245146,4095
4245157,4095
4245167,4095
4245178,4095
4245188,4095
4245199,4095
4245210,4095
4245220,4095
4245231,4095
4245241,4095
4245252,4095
4245262,4095
4245273,4095
4245283,4095
4245294,4095
4245304,4095
4245315,4095
4245325,4095
4245336,4095
4245346,4095
4245357,4095
4245367,4095
4245378,4095
4245389,4095
4245399,4095
4245410,4095
4245420,4095
4245431,4095
4245441,4095
4245452,4095
4245462,4095
4245473,4095
4245483,4095
4245494,4095
4245504,4095
4245515,4095
4245525,4095
4245536,4095
4245547,4095
4245557,4095
4245568,4095
4245578,4095
4245589,4095
4245599,4095
4245610,4095
4245620,4095
4245631,4095
4245641,4095
4245652,4095
4245662,4095
4245673,4095
4245683,4095
4245694,4095
4245704,4095
4245715,4095
4245726,4095
4245736,4095
4245747,4095
4245757,4095
4245768,4095
4245778,4095
4245789,4095
4245799,4095
4245810,4095
4245820,4095
4245831,4095
4245841,4095
4245852,4095
4245862,4095
4245873,4095
4245884,4095
4245894,4095
4245905,4095
4245915,4095
4245926,4095
4245936,4095
4245947,4095
4245957,4095
4245968,4095
4245978,4095
4245989,4095
4245999,4095
4246010,4095
4246020,4095
4246031,4095
4246041,4095
4246052,4095
4246063,4095
4246073,4095
4246084,4095
4246094,4095
4246105,4095
4246115,4095
4246126,4095
4246136,4095
4246147,4095
4246157,4095
4246168,4095
4246178,4095
4246189,4095
4246199,4095
4246210,4095
4246220,4095
4246231,4095
4246242,4095
4246252,4095
4246263,4095
4246273,4095
4246284,4095
4246294,4095
4246305,4095
4246315,4095
4246326,4095
4246336,4095
4246347,4095
4246357,4095
4246368,4095
4246378,4095
4246389,4095
4246400,4095
4246410,4095
4246421,4095
4246431,4095
4246442,4095
4246452,4095
4246463,4095
4246473,4095
4246484,4095
4246494,4095
4246505,4095
4246515,4095
4246526,4095
4246536,4095
4246547,4095
4246557,4095
4246568,4095
4246579,4095
4246589,4095
4246600,4095
4246610,4095
4246621,4095
4246631,4095
4246642,4095
4246652,4095
4246663,4095
4246673,4095
4246684,4095
4246694,4095
4246705,4095
4246715,4095
4246726,4095
4246736,4095
4246747,4095
4246758,4095
4246768,4095
4246779,4095
4246789,4095
4246800,4095
4246810,4095
4246821,4095
4246831,4095
4246842,4095
4246852,4095
4246863,4095
4246873,4095
4246884,4095
4246894,4095
4246905,4095
4246916,4095
4246926,4095
4246937,4095
4246947,4095
4246958,4095
4246968,4095
4246979,4095
4246989,4095
4247000,4095
4247010,4095
4247021,4095
4247031,4095
4247042,4095
4247052,4095
4247063,4095
4247073,4095
4247084,4095
4247095,4095
4247105,4095
4247116,4095
4247126,4095
4247137,4095
4247147,4095
4247158,4095
4247168,4095
4247179,4095
4247189,4095
4247200,4095
4247210,4095
4247221,4095
4247231,4095
4247242,4095
4247252,4095
4247263,4095
4247274,4095
4247284,4095
4247295,4095
4247305,4095
4247316,4095
4247326,4095
4247337,4095
4247347,4095
4247358,4095
4247368,4095
4247379,4095
4247389,4095
4247400,4095
4247410,4095
4247421,4095
4247432,4095
4247442,4095
4247453,4095
4247463,4095
4247474,4095
4247484,4095
4247495,4095
4247505,4095
4247516,4095
4247526,4095
4247537,4095
4247547,4095
4247558,4095
4247568,4095
4247579,4095
4247589,4095
4247600,4095
4247611,4095
4247621,4095
4247632,4095
4247642,4095
4247653,4095
4247663,4095
4247674,4095
4247684,4095
4247695,4095
4247705,4095
4247716,4095
4247726,4095
4247737,4095
4247747,4095
4247758,4095
4247768,4095
4247779,4095
4247790,4095
4247800,4095
4247811,4095
4247821,4095
4247832,4095
4247842,4095
4247853,4095
4247863,4095
4247874,4095
4247884,4095
4247895,4095
4247905,4095
4247916,4095
4247926,4095
4247937,4095
4247948,4095
4247958,4095
4247969,4095
4247979,4095
4247990,4095
4248000,4095
4248011,4095
4248021,4095
4248032,4095
4248042,4095
4248053,4095
4248063,4095
4248074,4095
4248084,4095
4248095,4095
4248105,4095
4248116,4095
4248127,4095
4248137,4095
4248148,4095
4248158,4095
4248169,4095
4248179,4095
4248190,4095
4248200,4095
4248211,4095
4248221,4095
4248232,4095
4248242,4095
4248253,4095
4248263,4095
4248274,4095
4248284,4095
4248295,4095
4248306,4095
4248316,4095
4248327,4095
4248337,4095
4248348,4095
4248358,4095
4248369,4095
4248379,4095
4248390,4095
4248400,4095
4248411,4095
4248421,4095
4248432,4095
4248442,4095
4248453,4095
4248464,4095
4248474,4095
4248485,4095
4248495,4095
4248506,4095
4248516,4095
4248527,4095
4248537,4095
4248548,4095
4248558,4095
4248569,4095
4248579,4095
4248590,4095
4248600,4095
4248611,4095
4248621,4095
4248632,4095
4248643,4095
4248653,4095
4248664,4095
4248674,4095
4248685,4095
4248695,4095
4248706,4095
4248716,4095
4248727,4095
4248737,4095
4248749,4095
4248759,4095
4248770,4095
4248780,4095
4248791,4095
4248801,4095
4248812,4095
4248823,4095
4248833,4095
4248844,4095
4248854,4095
4248865,4095
4248875,4095
4248886,4095
4248896,4095
4248907,4095
4248917,4095
4248928,4095
4248938,4095
4248949,4095
4248959,4095
4248970,4095
4248980,4095
4248991,4095
4249002,4095
4249012,4095
4249023,4095
4249033,4095
4249044,4095
4249054,4095
4249065,4095
4249075,4095
4249086,4095
4249096,4095
4249107,4095
4249117,4095
4249128,4095
4249138,4095
4249149,4095
4249159,4095
4249170,4095
4249181,4095
4249191,4095
4249202,4095
4249212,4095
4249223,4095
4249233,4095
4249244,4095
4249254,4095
4249265,4095
4249275,4095
4249286,4095
4249296,4095
4249307,4095
4249317,4095
4249328,4095
4249338,4095
4249349,4095
4249360,4095
4249370,4095
4249381,4095
4249391,4095
4249402,4095
4249412,4095
4249423,4095
4249433,4095
4249444,4095
4249454,4095
4249465,4095
4249475,4095
4249486,4095
4249496,4095
4249507,4095
4249518,4095
4249528,4095
4249539,4095
4249549,4095
4249560,4095
4249570,4095
4249581,4095
4249591,4095
4249602,4095
4249612,4095
4249623,4095
4249633,4095
4249644,4095
4249654,4095
4249665,4095
4249675,4095
4249686,4095
4249697,4095
4249707,4095
4249718,4095
4249728,4095
4249739,4095
4249749,4095
4249760,4095
4249770,4095
4249781,4095
4249791,4095
4249802,4095
4249812,4095
4249823,4095
4249833,4095
4249844,4095
4249855,4095
4249865,4095
4249876,4095
4249886,4095
4249897,4095
4249907,4095
4249918,4095
4249928,4095
4249939,4095
4249949,4095
4249960,4095
4249970,4095
4249981,4095
4249991,4095
4250002,4095
4250012,4095
4250023,4095
4250034,4095
4250044,4095
4250055,4095
4250065,4095
4250076,4095
4250086,4095
4250097,4095
4250107,4095
4250118,4095
4250128,4095
4250139,4095
4250149,4095
4250160,4095
4250170,4095
4250181,4095
4250191,4095
4250202,4095
4250213,4095
4250223,4095
4250234,4095
4250244,4095
4250255,4095
4250265,4095
4250276,4095
4250286,4095
4250297,4095
4250307,4095
4250318,4095
4250328,4095
4250339,4095
4250349,4095
4250360,4095
4250371,4095
4250381,4095
4250392,4095
4250402,4095
4250413,4095
4250423,4095
4250434,4095
4250444,4095
4250455,4095
4250465,4095
4250476,4095
4250486,4095
4250497,4095
4250507,4095
4250518,4095
4250528,4095
4250539,4095
4250550,4095
4250560,4095
4250571,4095
4250581,4095
4250592,4095
4250602,4095
4250613,4095
4250623,4095
4250634,4095
4250644,4095
4250655,4095
4250665,4095
4250676,4095
4250686,4095
4250697,4095
4250707,4095
4250718,4095
4250729,4095
4250739,4095
4250750,4095
4250760,4095
4250771,4095
4250781,4095
4250792,4095
4250802,4095
4250813,4095
4250823,4095
4250834,4095
4250844,4095
4250855,4095
4250865,4095
4250876,4095
4250887,4095
4250897,4095
4250908,4095
4250918,4095
4250929,4095
4250939,4095
4250950,4095
4250960,4095
4250971,4095
4250981,4095
4250992,4095
4251002,4095
4251013,4095
4251023,4095
4251034,4095
4251044,4095
4251055,4095
4251066,4095
4251076,4095
4251087,4095
4251097,4095
4251108,4095
4251118,4095
4251129,4095
4251139,4095
4251150,4095
4251160,4095
4251171,4095
4251181,4095
4251192,4095
4251202,4095
4251213,4095
4251223,4095
4251234,4095
4251245,4095
4251255,4095
4251266,4095
4251276,4095
4251287,4095
4251297,4095
4251308,4095
4251318,4095
4251329,4095
4251339,4095
4251350,4095
4251360,4095
4251371,4095
4251381,4095
4251392,4095
4251403,4095
4251413,4095
4251424,4095
4251434,4095
4251445,4095
4251455,4095
4251466,4095
4251476,4095
4251487,4095
4251497,4095
4251508,4095
4251518,4095
4251529,4095
4251539,4095
4251550,4095
4251560,4095
4251571,4095
4251582,4095
4251592,4095
4251603,4095
4251613,4095
4251624,4095
4251634,4095
4251645,4095
4251655,4095
4251666,4095
4251676,4095
4251687,4095
4251697,4095
4251708,4095
4251718,4095
4251729,4095
4251739,4095
4251750,4095
4251761,4095
4251771,4095
4251782,4095
4251792,4095
4251803,4095
4251813,4095
4251824,4095
4251834,4095
4251845,4095
4251855,4095
4251866,4095
4251876,4095
4251887,4095
4251897,4095
4251908,4095
4251919,4095
4251929,4095
4251940,4095
4251950,4095
4251961,4095
4251971,4095
4251982,4095
4251992,4095
4252003,4095
4252013,4095
4252024,4095
4252034,4095
4252045,4095
4252055,4095
4252066,4095
4252076,4095
4252087,4095
4252098,4095
4252108,4095
4252119,4095
4252129,4095
4252140,4095
4252150,4095
4252161,4095
4252171,4095
4252182,4095
4252192,4095
4252203,4095
4252213,4095
4252224,4095
4252234,4095
4252245,4095
4252255,4095
4252266,4095
4252277,4095
4252287,4095
4252298,4095
4252308,4095
4252319,4095
4252329,4095
4252340,4095
4252350,4095
4252361,4095
4252371,4095
4252382,4095
4252392,4095
4252403,4095
4252413,4095
4252424,4095
4252435,4095
4252445,4095
4252456,4095
4252466,4095
4252477,4095
4252487,4095
4252498,4095
4252508,4095
4252519,4095
4252529,4095
4252540,4095
4252550,4095
4252561,4095
4252571,4095
4252582,4095
4252592,4095
4252603,4095
4252614,4095
4252624,4095
4252635,4095
4252645,4095
4252656,4095
4252666,4095
4252677,4095
4252687,4095
4252698,4095
4252708,4095
4252719,4095
4252729,4095
4252740,4095
4252750,4095
4252761,4095
4252771,4095
4252782,4095
4252793,4095
4252803,4095
4252814,4095
4252824,4095
4252835,4095
4252845,4095
4252856,4095
4252866,4095
4252877,4095
4252887,4095
4252898,4095
4252908,4095
4252919,4095
4252929,4095
4252940,4095
4252951,4095
4252961,4095
4252972,4095
4252982,4095
4252993,4095
4253003,4095
4253014,4095
4253024,4095
4253035,4095
4253045,4095
4253056,4095
4253066,4095
4253077,4095
4253087,4095
4253098,4095
4253108,4095
4253119,4095
4253130,4095
4253140,4095
4253151,4095
4253161,4095
4253172,4095
4253182,4095
4253193,4095
4253203,4095
4253214,4095
4253224,4095
4253235,4095
4253245,4095
4253256,4095
4253266,4095
4253277,4095
4253287,4095
4253298,4095
4253309,4095
4253319,4095
4253330,4095
4253340,4095
4253351,4095
4253361,4095
4253372,4095
4253382,4095
4253393,4095
4253403,4095
4253414,4095
4253424,4095
4253435,4095
4253445,4095
4253456,4095
4253466,4095
4253477,4095
4253488,4095
4253498,4095
4253509,4095
4253519,4095
4253530,4095
4253540,4095
4253551,4095
4253561,4095
4253572,4095
4253582,4095
4253593,4095
4253603,4095
4253614,4095
4253624,4095
4253635,4095
4253646,4095
4253656,4095
4253667,4095
4253677,4095
4253688,4095
4253698,4095
4253709,4095
4253719,4095
4253730,4095
4253740,4095
4253751,4095
4253761,4095
4253772,4095
4253782,4095
4253793,4095
4253803,4095
4253814,4095
4253825,4095
4253835,4095
4253846,4095
4253856,4095
4253867,4095
4253877,4095
4253888,4095
4253898,4095
4253909,4095
4253919,4095
4253930,4095
4253940,4095
4253951,4095
4253961,4095
4253972,4095
4253983,4095
4253993,4095
4254004,4095
4254014,4095
4254025,4095
4254035,4095
4254046,4095
4254056,4095
4254067,4095
4254077,4095
4254088,4095
4254098,4095
4254109,4095
4254119,4095
4254130,4095
4254140,4095
4254151,4095
4254162,4095
4254172,4095
4254183,4095
4254193,4095
4254204,4095
4254214,4095
4254225,4095
4254235,4095
4254246,4095
4254256,4095
4254267,4095
4254277,4095
4254288,4095
4254298,4095
4254309,4095
4254319,4095
4254330,4095
4254341,4095
4254351,4095
4254362,4095
4254372,4095
4254383,4095
4254393,4095
4254404,4095
4254414,4095
4254425,4095
4254435,4095
4254446,4095
4254456,4095
4254467,4095
4254477,4095
4254488,4095
4254498,4095
4254509,4095
4254520,4095
4254530,4095
4254541,4095
4254551,4095
4254562,4095
4254572,4095
4254583,4095
4254594,4095
4254605,4095
4254615,4095
4254626,4095
4254636,4095
4254647,4095
4254657,4095
4254668,4095
4254678,4095
4254689,4095
4254700,4095
4254710,4095
4254721,4095
4254731,4095
4254742,4095
4254752,4095
4254763,4095
4254773,4095
4254784,4095
4254794,4095
4254805,4095
4254815,4095
4254826,4095
4254836,4095
4254847,4095
4254857,4095
4254868,4095
4254879,4095
4254889,4095
4254900,4095
4254910,4095
4254921,4095
4254931,4095
4254942,4095
4254952,4095
4254963,4095
4254973,4095
4254984,4095
4254994,4095
4255005,4095
4255015,4095
4255026,4095
4255037,4095
4255047,4095
4255058,4095
4255068,4095
4255079,4095
4255089,4095
4255100,4095
4255110,4095
4255121,4095
4255131,4095
4255142,4095
4255152,4095
4255163,4095
4255173,4095
4255184,4095
4255194,4095
4255205,4095
4255216,4095
4255226,4095
4255237,4095
4255247,4095
4255258,4095
4255268,4095
4255279,4095
4255289,4095
4255300,4095
4255310,4095
4255321,4095
4255331,4095
4255342,4095
4255352,4095
4255363,4095
4255373,4095
4255384,4095
4255395,4095
4255405,4095
4255416,4095
4255426,4095
4255437,4095
4255447,4095
4255458,4095
4255468,4095
4255479,4095
4255489,4095
4255500,4095
4255510,4095
4255521,4095
4255531,4095
4255542,4095
4255553,4095
4255563,4095
4255574,4095
4255584,4095
4255595,4095
4255605,4095
4255616,4095
4255626,4095
4255637,4095
4255647,4095
4255658,4095
4255668,4095
4255679,4095
4255689,4095
4255700,4095
4255710,4095
4255721,4095
4255732,4095
4255742,4095
4255753,4095
4255763,4095
4255774,4095
4255784,4095
4255795,4095
4255805,4095
4255816,4095
4255826,4095
4255837,4095
4255847,4095
4255858,4095
4255868,4095
4255879,4095
4255889,4095
4255900,4095
4255911,4095
4255921,4095
4255932,4095
4255942,4095
4255953,4095
4255963,4095
4255974,4095
4255984,4095
4255995,4095
4256005,4095
4256016,4095
4256026,4095
4256037,4095
4256047,4095
4256058,4095
4256069,4095
4256079,4095
4256090,4095
4256100,4095
4256111,4095
4256121,4095
4256132,4095
4256142,4095
4256153,4095
4256163,4095
4256174,4095
4256184,4095
4256195,4095
4256205,4095
4256216,4095
4256226,4095
4256237,4095
4256248,4095
4256258,4095
4256269,4095
4256279,4095
4256290,4095
4256300,4095
4256311,4095
4256321,4095
4256332,4095
4256342,4095
4256353,4095
4256363,4095
4256374,4095
4256384,4095
4256395,4095
4256405,4095
4256416,4095
4256427,4095
4256437,4095
4256448,4095
4256458,4095
4256469,4095
4256479,4095
4256490,4095
4256500,4095
4256511,4095
4256521,4095
4256532,4095
4256542,4095
4256553,4095
4256563,4095
4256574,4095
4256585,4095
4256595,4095
4256606,4095
4256616,4095
4256627,4095
4256637,4095
4256648,4095
4256658,4095
4256669,4095
4256679,4095
4256690,4095
4256700,4095
4256711,4095
4256721,4095
4256732,4095
4256742,4095
4256753,4095
4256764,4095
4256774,4095
4256785,4095
4256795,4095
4256806,4095
4256816,4095
4256827,4095
4256837,4095
4256848,4095
4256858,4095
4256869,4095
4256879,4095
4256890,4095
4256900,4095
4256911,4095
4256921,4095
4256932,4095
4256943,4095
4256953,4095
4256964,4095
4256974,4095
4256985,4095
4256995,4095
4257006,4095
4257016,4095
4257027,4095
4257037,4095
4257048,4095
4257058,4095
4257069,4095
4257079,4095
4257090,4095
4257101,4095
4257111,4095
4257122,4095
4257132,4095
4257143,4095
4257153,4095
4257164,4095
4257174,4095
4257185,4095
4257195,4095
4257206,4095
4257216,4095
4257227,4095
4257237,4095
4257248,4095
4257258,4095
4257269,4095
4257280,4095
4257290,4095
4257301,4095
4257311,4095
4257322,4095
4257332,4095
4257343,4095
4257353,4095
4257364,4095
4257374,4095
4257385,4095
4257395,4095
4257406,4095
4257416,4095
4257427,4095
4257437,4095
4257448,4095
4257459,4095
4257469,4095
4257480,4095
4257490,4095
4257501,4095
4257511,4095
4257522,4095
4257532,4095
4257543,4095
4257553,4095
4257564,4095
4257574,4095
4257585,4095
4257595,4095
4257606,4095
4257617,4095
4257627,4095
4257638,4095
4257648,4095
4257659,4095
4257669,4095
4257680,4095
4257690,4095
4257701,4095
4257711,4095
4257722,4095
4257732,4095
4257743,4095
4257753,4095
4257764,4095
4257774,4095
4257785,4095
4257796,4095
4257806,4095
4257817,4095
4257827,4095
4257838,4095
4257848,4095
4257859,4095
4257869,4095
4257880,4095
4257890,4095
4257901,4095
4257911,4095
4257922,4095
4257932,4095
4257943,4095
4257953,4095
4257964,4095
4257975,4095
4257985,4095
4257996,4095
4258006,4095
4258017,4095
4258027,4095
4258038,4095
4258048,4095
4258059,4095
4258069,4095
4258080,4095
4258090,4095
4258101,4095
4258111,4095
4258122,4095
4258132,4095
4258143,4095
4258154,4095
4258164,4095
4258175,4095
4258185,4095
4258196,4095
4258206,4095
4258217,4095
4258227,4095
4258238,4095
4258248,4095
4258259,4095
4258269,4095
4258280,4095
4258290,4095
4258301,4095
4258312,4095
4258322,4095
4258333,4095
4258343,4095
4258354,4095
4258364,4095
4258375,4095
4258385,4095
4258396,4095
4258406,4095
4258417,4095
4258427,4095
4258438,4095
4258448,4095
4258459,4095
4258469,4095
4258480,4095
4258491,4095
4258501,4095
4258512,4095
4258522,4095
4258533,4095
4258543,4095
4258554,4095
4258564,4095
4258575,4095
4258585,4095
4258596,4095
4258606,4095
4258617,4095
4258627,4095
4258638,4095
4258648,4095
4258659,4095
4258670,4095
4258680,4095
4258691,4095
4258701,4095
4258712,4095
4258722,4095
4258733,4095
4258743,4095
4258754,4095
4258764,4095
4258775,4095
4258785,4095
4258796,4095
4258806,4095
4258817,4095
4258828,4095
4258838,4095
4258849,4095
4258859,4095
4258870,4095
4258880,4095
4258891,4095
4258901,4095
4258912,4095
4258922,4095
4258933,4095
4258943,4095
4258954,4095
4258964,4095
4258975,4095
4258985,4095
4258996,4095
4259007,4095
4259017,4095
4259028,4095
4259038,4095
4259049,4095
4259059,4095
4259070,4095
4259080,4095
4259091,4095
4259101,4095
4259112,4095
4259122,4095
4259133,4095
4259143,4095
4259154,4095
4259164,4095
4259175,4095
4259186,4095
4259196,4095
4259207,4095
4259217,4095
4259228,4095
4259238,4095
4259249,4095
4259259,4095
4259270,4095
4259280,4095
4259291,4095
4259301,4095
4259312,4095
4259322,4095
4259333,4095
4259344,4095
4259354,4095
4259365,4095
4259375,4095
4259386,4095
4259396,4095
4259407,4095
4259417,4095
4259428,4095
4259438,4095
4259449,4095
4259459,4095
4259470,4095
4259480,4095
4259491,4095
4259501,4095
4259512,4095
4259523,4095
4259533,4095
4259544,4095
4259554,4095
4259565,4095
4259575,4095
4259586,4095
4259596,4095
4259607,4095
4259617,4095
4259628,4095
4259638,4095
4259649,4095
4259659,4095
4259670,4095
4259680,4095
4259691,4095
4259702,4095
4259712,4095
4259723,4095
4259733,4095
4259744,4095
4259754,4095
4259765,4095
4259775,4095
4259786,4095
4259796,4095
4259807,4095
4259817,4095
4259828,4095
4259838,4095
4259849,4095
4259860,4095
4259870,4095
4259881,4095
4259891,4095
4259902,4095
4259912,4095
4259923,4095
4259933,4095
4259944,4095
4259954,4095
4259965,4095
4259975,4095
4259986,4095
4259996,4095
4260007,4095
4260017,4095
4260028,4095
4260039,4095
4260049,4095
4260060,4095
4260070,4095
4260081,4095
4260091,4095
4260102,4095
4260112,4095
4260123,4095
4260133,4095
4260144,4095
4260154,4095
4260165,4095
4260175,4095
4260186,4095
4260196,4095
4260207,4095
4260218,4095
4260228,4095
4260239,4095
4260249,4095
4260260,4095
4260270,4095
4260281,4095
4260291,4095
4260302,4095
4260312,4095
4260323,4095
4260333,4095
4260344,4095
4260354,4095
4260365,4095
4260376,4095
4260386,4095
4260397,4095
4260407,4095
4260418,4095
4260428,4095
4260439,4095
4260450,4095
4260461,4095
4260471,4095
4260482,4095
4260492,4095
4260503,4095
4260513,4095
4260524,4095
4260534,4095
4260545,4095
4260555,4095
4260566,4095
4260577,4095
4260587,4095
4260598,4095
4260608,4095
4260619,4095
4260629,4095
4260640,4095
4260650,4095
4260661,4095
4260671,4095
4260682,4095
4260692,4095
4260703,4095
4260713,4095
4260724,4095
4260735,4095
4260745,4095
4260756,4095
4260766,4095
4260777,4095
4260787,4095
4260798,4095
4260808,4095
4260819,4095
4260829,4095
4260840,4095
4260850,4095
4260861,4095
4260871,4095
4260882,4095
4260892,4095
4260903,4095
4260914,4095
4260924,4095
4260935,4095
4260945,4095
4260956,4095
4260966,4095
4260977,4095
4260987,4095
4260998,4095
4261008,4095
4261019,4095
4261029,4095
4261040,4095
4261050,4095
4261061,4095
4261071,4095
4261082,4095
4261093,4095
4261103,4095
4261114,4095
4261124,4095
4261135,4095
4261145,4095
4261156,4095
4261166,4095
4261177,4095
4261187,4095
4261198,4095
4261208,4095
4261219,4095
4261229,4095
4261240,4095
4261250,4095
4261261,4095
4261272,4095
4261282,4095
4261293,4095
4261303,4095
4261314,4095
4261324,4095
4261335,4095
4261345,4095
4261356,4095
4261366,4095
4261377,4095
4261387,4095
4261398,4095
4261408,4095
4261419,4095
4261430,4095
4261440,4095
4261451,4095
4261461,4095
4261472,4095
4261482,4095
4261493,4095
4261503,4095
4261514,4095
4261524,4095
4261535,4095
4261545,4095
4261556,4095
4261566,4095
4261577,4095
4261587,4095
4261598,4095
4261609,4095
4261619,4095
4261630,4095
4261640,4095
4261651,4095
4261661,4095
4261672,4095
4261682,4095
4261693,4095
4261703,4095
4261714,4095
4261724,4095
4261735,4095
4261745,4095
4261756,4095
4261766,4095
4261777,4095
4261788,4095
4261798,4095
4261809,4095
4261819,4095
4261830,4095
4261840,4095
4261851,4095
4261861,4095
4261872,4095
4261882,4095
4261893,4095
4261903,4095
4261914,4095
4261924,4095
4261935,4095
4261946,4095
4261956,4095
4261967,4095
4261977,4095
4261988,4095
4261998,4095
4262009,4095
4262019,4095
4262030,4095
4262040,4095
4262051,4095
4262061,4095
4262072,4095
4262082,4095
4262093,4095
4262103,4095
4262114,4095
4262125,4095
4262135,4095
4262146,4095
4262156,4095
4262167,4095
4262177,4095
4262188,4095
4262198,4095
4262209,4095
4262219,4095
4262230,4095
4262240,4095
4262251,4095
4262261,4095
4262272,4095
4262282,4095
4262293,4095
4262304,4095
4262314,4095
4262325,4095
4262335,4095
4262346,4095
4262356,4095
4262367,4095
4262377,4095
4262388,4095
4262398,4095
4262409,4095
4262419,4095
4262430,4095
4262440,4095
4262451,4095
4262462,4095
4262472,4095
4262483,4095
4262493,4095
4262504,4095
4262514,4095
4262525,4095
4262535,4095
4262546,4095
4262556,4095
4262567,4095
4262577,4095
4262588,4095
4262598,4095
4262609,4095
4262619,4095
4262630,4095
4262641,4095
4262651,4095
4262662,4095
4262672,4095
4262683,4095
4262693,4095
4262704,4095
4262714,4095
4262725,4095
4262735,4095
4262746,4095
4262756,4095
4262767,4095
4262777,4095
4262788,4095
4262798,4095
4262809,4095
4262820,4095
4262830,4095
4262841,4095
4262851,4095
4262862,4095
4262872,4095
4262883,4095
4262893,4095
4262904,4095
4262914,4095
4262925,4095
4262935,4095
4262946,4095
4262956,4095
4262967,4095
4262978,4095
4262988,4095
4262999,4095
4263009,4095
4263020,4095
4263030,4095
4263041,4095
4263051,4095
4263062,4095
4263072,4095
4263083,4095
4263093,4095
4263104,4095
4263114,4095
4263125,4095
4263135,4095
4263146,4095
4263157,4095
4263167,4095
4263178,4095
4263188,4095
4263199,4095
4263209,4095
4263220,4095
4263230,4095
4263241,4095
4263251,4095
4263262,4095
4263272,4095
4263283,4095
4263293,4095
4263304,4095
4263314,4095
4263325,4095
4263336,4095
4263346,4095
4263357,4095
4263367,4095
4263378,4095
4263388,4095
4263399,4095
4263409,4095
4263420,4095
4263430,4095
4263441,4095
4263451,4095
4263462,4095
4263472,4095
4263483,4095
4263493,4095
4263504,4095
4263515,4095
4263525,4095
4263536,4095
4263546,4095
4263557,4095
4263567,4095
4263578,4095
4263588,4095
4263599,4095
4263609,4095
4263620,4095
4263630,4095
4263641,4095
4263651,4095
4263662,4095
4263673,4095
4263683,4095
4263694,4095
4263704,4095
4263715,4095
4263725,4095
4263736,4095
4263746,4095
4263757,4095
4263767,4095
4263778,4095
4263788,4095
4263799,4095
4263809,4095
4263820,4095
4263830,4095
4263841,4095
4263852,4095
4263862,4095
4263873,4095
4263883,4095
4263894,4095
4263904,4095
4263915,4095
4263925,4095
4263936,4095
4263946,4095
4263957,4095
4263967,4095
4263978,4095
4263988,4095
4263999,4095
4264010,4095
4264020,4095
4264031,4095
4264041,4095
4264052,4095
4264062,4095
4264073,4095
4264083,4095
4264094,4095
4264104,4095
4264115,4095
4264125,4095
4264136,4095
4264146,4095
4264157,4095
4264167,4095
4264178,4095
4264189,4095
4264199,4095
4264210,4095
4264220,4095
4264231,4095
4264241,4095
4264252,4095
4264262,4095
4264273,4095
4264283,4095
4264294,4095
4264304,4095
4264315,4095
4264325,4095
4264336,4095
4264346,4095
4264357,4095
4264368,4095
4264378,4095
4264389,4095
4264399,4095
4264410,4095
4264420,4095
4264431,4095
4264441,4095
4264452,4095
4264462,4095
4264473,4095
4264483,4095
4264494,4095
4264504,4095
4264515,4095
4264525,4095
4264536,4095
4264547,4095
4264557,4095
4264568,4095
4264578,4095
4264589,4095
4264599,4095
4264610,4095
4264620,4095
4264631,4095
4264641,4095
4264652,4095
4264662,4095
4264673,4095
4264683,4095
4264694,4095
4264705,4095
4264715,4095
4264726,4095
4264736,4095
4264747,4095
4264757,4095
4264768,4095
4264778,4095
4264789,4095
4264799,4095
4264810,4095
4264820,4095
4264831,4095
4264841,4095
4264852,4095
4264862,4095
4264873,4095
4264884,4095
4264894,4095
4264905,4095
4264915,4095
4264926,4095
4264936,4095
4264947,4095
4264957,4095
4264968,4095
4264978,4095
4264989,4095
4264999,4095
4265010,4095
4265020,4095
4265031,4095
4265042,4095
4265052,4095
4265063,4095
4265073,4095
4265084,4095
4265094,4095
4265105,4095
4265115,4095
4265126,4095
4265136,4095
4265147,4095
4265157,4095
4265168,4095
4265178,4095
4265189,4095
4265199,4095
4265210,4095
4265221,4095
4265231,4095
4265242,4095
4265252,4095
4265263,4095
4265273,4095
4265284,4095
4265294,4095
4265305,4095
4265315,4095
4265326,4095
4265336,4095
4265347,4095
4265357,4095
4265368,4095
4265378,4095
4265389,4095
4265400,4095
4265410,4095
4265421,4095
4265431,4095
4265442,4095
4265452,4095
4265463,4095
4265473,4095
4265484,4095
4265494,4095
4265505,4095
4265515,4095
4265526,4095
4265536,4095
4265547,4095
4265557,4095
4265568,4095
4265579,4095
4265589,4095
4265600,4095
4265610,4095
4265621,4095
4265631,4095
4265642,4095
4265652,4095
4265663,4095
4265673,4095
4265684,4095
4265694,4095
4265705,4095
4265715,4095
4265726,4095
4265737,4095
4265747,4095
4265758,4095
4265768,4095
4265779,4095
4265789,4095
4265800,4095
4265810,4095
4265821,4095
4265831,4095
4265842,4095
4265852,4095
4265863,4095
4265873,4095
4265884,4095
4265894,4095
4265905,4095
4265916,4095
4265926,4095
4265937,4095
4265947,4095
4265958,4095
4265968,4095
4265979,4095
4265989,4095
4266000,4095
4266010,4095
4266021,4095
4266031,4095
4266042,4095
4266052,4095
4266063,4095
4266073,4095
4266084,4095
4266095,4095
4266105,4095
4266116,4095
4266126,4095
4266137,4095
4266147,4095
4266158,4095
4266168,4095
4266179,4095
4266189,4095
4266200,4095
4266210,4095
4266221,4095
4266231,4095
4266242,4095
4266253,4095
4266263,4095
4266274,4095
4266284,4095
4266295,4095
4266306,4095
4266317,4095
4266327,4095
4266338,4095
4266348,4095
4266359,4095
4266369,4095
4266380,4095
4266390,4095
4266401,4095
4266411,4095
4266422,4095
4266432,4095
4266443,4095
4266454,4095
4266464,4095
4266475,4095
4266485,4095
4266496,4095
4266506,4095
4266517,4095
4266527,4095
4266538,4095
4266548,4095
4266559,4095
4266569,4095
4266580,4095
4266590,4095
4266601,4095
4266611,4095
4266622,4095
4266633,4095
4266643,4095
4266654,4095
4266664,4095
4266675,4095
4266685,4095
4266696,4095
4266706,4095
4266717,4095
4266727,4095
4266738,4095
4266748,4095
4266759,4095
4266769,4095
4266780,4095
4266791,4095
4266801,4095
4266812,4095
4266822,4095
4266833,4095
4266843,4095
4266854,4095
4266864,4095
4266875,4095
4266885,4095
4266896,4095
4266906,4095
4266917,4095
4266927,4095
4266938,4095
4266948,4095
4266959,4095
4266970,4095
4266980,4095
4266991,4095
4267001,4095
4267012,4095
4267022,4095
4267033,4095
4267043,4095
4267054,4095
4267064,4095
4267075,4095
4267085,4095
4267096,4095
4267106,4095
4267117,4095
4267127,4095
4267138,4095
4267149,4095
4267159,4095
4267170,4095
4267180,4095
4267191,4095
4267201,4095
4267212,4095
4267222,4095
4267233,4095
4267243,4095
4267254,4095
4267264,4095
4267275,4095
4267285,4095
4267296,4095
4267307,4095
4267317,4095
4267328,4095
4267338,4095
4267349,4095
4267359,4095
4267370,4095
4267380,4095
4267391,4095
4267401,4095
4267412,4095
4267422,4095
4267433,4095
4267443,4095
4267454,4095
4267464,4095
4267475,4095
4267486,4095
4267496,4095
4267507,4095
4267517,4095
4267528,4095
4267538,4095
4267549,4095
4267559,4095
4267570,4095
4267580,4095
4267591,4095
4267601,4095
4267612,4095
4267622,4095
4267633,4095
4267643,4095
4267654,4095
4267665,4095
4267675,4095
4267686,4095
4267696,4095
4267707,4095
4267717,4095
4267728,4095
4267738,4095
4267749,4095
4267759,4095
4267770,4095
4267780,4095
4267791,4095
4267801,4095
4267812,4095
4267823,4095
4267833,4095
4267844,4095
4267854,4095
4267865,4095
4267875,4095
4267886,4095
4267896,4095
4267907,4095
4267917,4095
4267928,4095
4267938,4095
4267949,4095
4267959,4095
4267970,4095
4267980,4095
4267991,4095
4268002,4095
4268012,4095
4268023,4095
4268033,4095
4268044,4095
4268054,4095
4268065,4095
4268075,4095
4268086,4095
4268096,4095
4268107,4095
4268117,4095
4268128,4095
4268138,4095
4268149,4095
4268159,4095
4268170,4095
4268181,4095
4268191,4095
4268202,4095
4268212,4095
4268223,4095
4268233,4095
4268244,4095
4268254,4095
4268265,4095
4268275,4095
4268286,4095
4268296,4095
4268307,4095
4268317,4095
4268328,4095
4268339,4095
4268349,4095
4268360,4095
4268370,4095
4268381,4095
4268391,4095
4268402,4095
4268412,4095
4268423,4095
4268433,4095
4268444,4095
4268454,4095
4268465,4095
4268475,4095
4268486,4095
4268496,4095
4268507,4095
4268518,4095
4268528,4095
4268539,4095
4268549,4095
4268560,4095
4268570,4095
4268581,4095
4268591,4095
4268602,4095
4268612,4095
4268623,4095
4268633,4095
4268644,4095
4268654,4095
4268665,4095
4268675,4095
4268686,4095
4268697,4095
4268707,4095
4268718,4095
4268728,4095
4268739,4095
4268749,4095
4268760,4095
4268770,4095
4268781,4095
4268791,4095
4268802,4095
4268812,4095
4268823,4095
4268833,4095
4268844,4095
4268855,4095
4268865,4095
4268876,4095
4268886,4095
4268897,4095
4268907,4095
4268918,4095
4268928,4095
4268939,4095
4268949,4095
4268960,4095
4268970,4095
4268981,4095
4268991,4095
4269002,4095
4269012,4095
4269023,4095
4269034,4095
4269044,4095
4269055,4095
4269065,4095
4269076,4095
4269086,4095
4269097,4095
4269107,4095
4269118,4095
4269128,4095
4269139,4095
4269149,4095
4269160,4095
4269170,4095
4269181,4095
4269191,4095
4269202,4095
4269213,4095
4269223,4095
4269234,4095
4269244,4095
4269255,4095
4269265,4095
4269276,4095
4269286,4095
4269297,4095
4269307,4095
4269318,4095
4269328,4095
4269339,4095
4269349,4095
4269360,4095
4269371,4095
4269381,4095
4269392,4095
4269402,4095
4269413,4095
4269423,4095
4269434,4095
4269444,4095
4269455,4095
4269465,4095
4269476,4095
4269486,4095
4269497,4095
4269507,4095
4269518,4095
4269528,4095
4269539,4095
4269550,4095
4269560,4095
4269571,4095
4269581,4095
4269592,4095
4269602,4095
4269613,4095
4269623,4095
4269634,4095
4269644,4095
4269655,4095
4269665,4095
4269676,4095
4269686,4095
4269697,4095
4269707,4095
4269718,4095
4269729,4095
4269739,4095
4269750,4095
4269760,4095
4269771,4095
4269781,4095
4269792,4095
4269802,4095
4269813,4095
4269823,4095
4269834,4095
4269844,4095
4269855,4095
4269865,4095
4269876,4095
4269887,4095
4269897,4095
4269908,4095
4269918,4095
4269929,4095
4269939,4095
4269950,4095
4269960,4095
4269971,4095
4269981,4095
4269992,4095
4270002,4095
4270013,4095
4270023,4095
4270034,4095
4270044,4095
4270055,4095
4270066,4095
4270076,4095
4270087,4095
4270097,4095
4270108,4095
4270118,4095
4270129,4095
4270139,4095
4270150,4095
4270160,4095
4270171,4095
4270181,4095
4270192,4095
4270202,4095
4270213,4095
4270223,4095
4270234,4095
4270245,4095
