1970526,4095,4095,4095,4095
1970540,4095,4095,4095,4095
1970555,4095,4095,4095,4095
1970569,4095,4095,4095,4095
1970583,4095,4095,4095,4095
1970598,4095,4095,4095,4095
1970612,4095,4095,4095,4095
1970627,4095,4095,4095,4095
1970641,4095,4095,4095,4095
1970655,4095,4095,4095,4095
1970670,4095,4095,4095,4095
1970684,4095,4095,4095,4095
1970698,4095,4095,4095,4095
1970713,4095,4095,4095,4095
1970727,4095,4095,4095,4095
1970740,4095,4095,4095,4095
1970754,4095,4095,4095,4095
1970767,4095,4095,4095,4095
1970782,4095,4095,4095,4095
1970796,4095,4095,4095,4095
1970810,4095,4095,4095,4095
1970825,4095,4095,4095,4095
1970839,4095,4095,4095,4095
1970853,4095,4095,4095,4095
1970868,4095,4095,4095,4095
1970882,4095,4095,4095,4095
1970897,4095,4095,4095,4095
1970911,4095,4095,4095,4095
1970925,4095,4095,4095,4095
1970940,4095,4095,4095,4095
1970954,4095,4095,4095,4095
1970968,4095,4095,4095,4095
1970983,4095,4095,4095,4095
1970997,4095,4095,4095,4095
1971010,4095,4095,4095,4095
1971024,4095,4095,4095,4095
1971037,4095,4095,4095,4095
1971052,4095,4095,4095,4095
1971066,4095,4095,4095,4095
1971080,4095,4095,4095,4095
1971095,4095,4095,4095,4095
1971109,4095,4095,4095,4095
1971123,4095,4095,4095,4095
1971138,4095,4095,4095,4095
1971152,4095,4095,4095,4095
1971167,4095,4095,4095,4095
1971181,4095,4095,4095,4095
1971195,4095,4095,4095,4095
1971210,4095,4095,4095,4095
1971224,4095,4095,4095,4095
1971238,4095,4095,4095,4095
1971253,4095,4095,4095,4095
1971267,4095,4095,4095,4095
1971280,4095,4095,4095,4095
1971294,4095,4095,4095,4095
1971307,4095,4095,4095,4095
1971322,4095,4095,4095,4095
1971336,4095,4095,4095,4095
1971352,4095,4095,4095,4095
1971366,4095,4095,4095,4095
1971380,4095,4095,4095,4095
1971395,4095,4095,4095,4095
1971409,4095,4095,4095,4095
1971423,4095,4095,4095,4095
1971438,4095,4095,4095,4095
1971452,4095,4095,4095,4095
1971467,4095,4095,4095,4095
1971481,4095,4095,4095,4095
1971495,4095,4095,4095,4095
1971510,4095,4095,4095,4095
1971524,4095,4095,4095,4095
1971538,4095,4095,4095,4095
1971553,4095,4095,4095,4095
1971567,4095,4095,4095,4095
1971580,4095,4095,4095,4095
1971594,4095,4095,4095,4095
1971607,4095,4095,4095,4095
1971622,4095,4095,4095,4095
1971636,4095,4095,4095,4095
1971650,4095,4095,4095,4095
1971665,4095,4095,4095,4095
1971679,4095,4095,4095,4095
1971693,4095,4095,4095,4095
1971708,4095,4095,4095,4095
1971722,4095,4095,4095,4095
1971737,4095,4095,4095,4095
1971751,4095,4095,4095,4095
1971765,4095,4095,4095,4095
1971780,4095,4095,4095,4095
1971794,4095,4095,4095,4095
1971808,4095,4095,4095,4095
1971823,4095,4095,4095,4095
1971837,4095,4095,4095,4095
1971850,4095,4095,4095,4095
1971864,4095,4095,4095,4095
1971877,4095,4095,4095,4095
1971892,4095,4095,4095,4095
1971906,4095,4095,4095,4095
1971920,4095,4095,4095,4095
1971935,4095,4095,4095,4095
1971949,4095,4095,4095,4095
1971963,4095,4095,4095,4095
1971978,4095,4095,4095,4095
1971992,4095,4095,4095,4095
1972007,4095,4095,4095,4095
1972021,4095,4095,4095,4095
1972035,4095,4095,4095,4095
1972050,4095,4095,4095,4095
1972064,4095,4095,4095,4095
1972078,4095,4095,4095,4095
1972093,4095,4095,4095,4095
1972107,4095,4095,4095,4095
1972120,4095,4095,4095,4095
1972134,4095,4095,4095,4095
1972147,4095,4095,4095,4095
1972162,4095,4095,4095,4095
1972176,4095,4095,4095,4095
1972190,4095,4095,4095,4095
1972205,4095,4095,4095,4095
1972219,4095,4095,4095,4095
1972233,4095,4095,4095,4095
1972248,4095,4095,4095,4095
1972262,4095,4095,4095,4095
1972277,4095,4095,4095,4095
1972291,4095,4095,4095,4095
1972305,4095,4095,4095,4095
1972320,4095,4095,4095,4095
1972334,4095,4095,4095,4095
1972348,4095,4095,4095,4095
1972363,4095,4095,4095,4095
1972377,4095,4095,4095,4095
1972390,4095,4095,4095,4095
1972404,4095,4095,4095,4095
1972417,4095,4095,4095,4095
1972432,4095,4095,4095,4095
1972446,4095,4095,4095,4095
1972460,4095,4095,4095,4095
1972475,4095,4095,4095,4095
1972489,4095,4095,4095,4095
1972503,4095,4095,4095,4095
1972518,4095,4095,4095,4095
1972532,4095,4095,4095,4095
1972547,4095,4095,4095,4095
1972561,4095,4095,4095,4095
1972575,4095,4095,4095,4095
1972590,4095,4095,4095,4095
1972604,4095,4095,4095,4095
1972618,4095,4095,4095,4095
1972633,4095,4095,4095,4095
1972647,4095,4095,4095,4095
1972660,4095,4095,4095,4095
1972674,4095,4095,4095,4095
1972687,4095,4095,4095,4095
1972702,4095,4095,4095,4095
1972716,4095,4095,4095,4095
1972730,4095,4095,4095,4095
1972745,4095,4095,4095,4095
1972759,4095,4095,4095,4095
1972773,4095,4095,4095,4095
1972788,4095,4095,4095,4095
1972802,4095,4095,4095,4095
1972817,4095,4095,4095,4095
1972831,4095,4095,4095,4095
1972845,4095,4095,4095,4095
1972861,4095,4095,4095,4095
1972875,4095,4095,4095,4095
1972890,4095,4095,4095,4095
1972904,4095,4095,4095,4095
1972918,4095,4095,4095,4095
1972933,4095,4095,4095,4095
1972947,4095,4095,4095,4095
1972960,4095,4095,4095,4095
1972974,4095,4095,4095,4095
1972987,4095,4095,4095,4095
1973002,4095,4095,4095,4095
1973016,4095,4095,4095,4095
1973031,4095,4095,4095,4095
1973045,4095,4095,4095,4095
1973059,4095,4095,4095,4095
1973073,4095,4095,4095,4095
1973088,4095,4095,4095,4095
1973102,4095,4095,4095,4095
1973117,4095,4095,4095,4095
1973131,4095,4095,4095,4095
1973145,4095,4095,4095,4095
1973160,4095,4095,4095,4095
1973174,4095,4095,4095,4095
1973189,4095,4095,4095,4095
1973203,4095,4095,4095,4095
1973217,4095,4095,4095,4095
1973230,4095,4095,4095,4095
1973244,4095,4095,4095,4095
1973257,4095,4095,4095,4095
1973272,4095,4095,4095,4095
1973286,4095,4095,4095,4095
1973300,4095,4095,4095,4095
1973315,4095,4095,4095,4095
1973329,4095,4095,4095,4095
1973344,4095,4095,4095,4095
1973358,4095,4095,4095,4095
1973372,4095,4095,4095,4095
1973387,4095,4095,4095,4095
1973401,4095,4095,4095,4095
1973415,4095,4095,4095,4095
1973430,4095,4095,4095,4095
1973444,4095,4095,4095,4095
1973459,4095,4095,4095,4095
1973473,4095,4095,4095,4095
1973487,4095,4095,4095,4095
1973500,4095,4095,4095,4095
1973514,4095,4095,4095,4095
1973527,4095,4095,4095,4095
1973542,4095,4095,4095,4095
1973556,4095,4095,4095,4095
1973571,4095,4095,4095,4095
1973585,4095,4095,4095,4095
1973599,4095,4095,4095,4095
1973614,4095,4095,4095,4095
1973628,4095,4095,4095,4095
1973642,4095,4095,4095,4095
1973657,4095,4095,4095,4095
1973671,4095,4095,4095,4095
1973686,4095,4095,4095,4095
1973700,4095,4095,4095,4095
1973714,4095,4095,4095,4095
1973729,4095,4095,4095,4095
1973743,4095,4095,4095,4095
1973757,4095,4095,4095,4095
1973770,4095,4095,4095,4095
1973784,4095,4095,4095,4095
1973797,4095,4095,4095,4095
1973812,4095,4095,4095,4095
1973826,4095,4095,4095,4095
1973841,4095,4095,4095,4095
1973855,4095,4095,4095,4095
1973869,4095,4095,4095,4095
1973884,4095,4095,4095,4095
1973898,4095,4095,4095,4095
1973912,4095,4095,4095,4095
1973927,4095,4095,4095,4095
1973941,4095,4095,4095,4095
1973956,4095,4095,4095,4095
1973970,4095,4095,4095,4095
1973984,4095,4095,4095,4095
1973999,4095,4095,4095,4095
1974013,4095,4095,4095,4095
1974027,4095,4095,4095,4095
1974040,4095,4095,4095,4095
1974054,4095,4095,4095,4095
1974067,4095,4095,4095,4095
1974082,4095,4095,4095,4095
1974096,4095,4095,4095,4095
1974111,4095,4095,4095,4095
1974125,4095,4095,4095,4095
1974139,4095,4095,4095,4095
1974154,4095,4095,4095,4095
1974168,4095,4095,4095,4095
1974182,4095,4095,4095,4095
1974197,4095,4095,4095,4095
1974211,4095,4095,4095,4095
1974226,4095,4095,4095,4095
1974240,4095,4095,4095,4095
1974254,4095,4095,4095,4095
1974269,4095,4095,4095,4095
1974283,4095,4095,4095,4095
1974297,4095,4095,4095,4095
1974310,4095,4095,4095,4095
1974324,4095,4095,4095,4095
1974337,4095,4095,4095,4095
1974352,4095,4095,4095,4095
1974366,4095,4095,4095,4095
1974381,4095,4095,4095,4095
1974395,4095,4095,4095,4095
1974409,4095,4095,4095,4095
1974424,4095,4095,4095,4095
1974438,4095,4095,4095,4095
1974452,4095,4095,4095,4095
1974467,4095,4095,4095,4095
1974481,4095,4095,4095,4095
1974496,4095,4095,4095,4095
1974510,4095,4095,4095,4095
1974524,4095,4095,4095,4095
1974539,4095,4095,4095,4095
1974553,4095,4095,4095,4095
1974567,4095,4095,4095,4095
1974580,4095,4095,4095,4095
1974595,4095,4095,4095,4095
1974608,4095,4095,4095,4095
1974622,4095,4095,4095,4095
1974636,4095,4095,4095,4095
1974651,4095,4095,4095,4095
1974665,4095,4095,4095,4095
1974679,4095,4095,4095,4095
1974694,4095,4095,4095,4095
1974708,4095,4095,4095,4095
1974722,4095,4095,4095,4095
1974737,4095,4095,4095,4095
1974751,4095,4095,4095,4095
1974766,4095,4095,4095,4095
1974780,4095,4095,4095,4095
1974794,4095,4095,4095,4095
1974809,4095,4095,4095,4095
1974823,4095,4095,4095,4095
1974837,4095,4095,4095,4095
1974850,4095,4095,4095,4095
1974864,4095,4095,4095,4095
1974877,4095,4095,4095,4095
1974891,4095,4095,4095,4095
1974906,4095,4095,4095,4095
1974920,4095,4095,4095,4095
1974934,4095,4095,4095,4095
1974949,4095,4095,4095,4095
1974963,4095,4095,4095,4095
1974977,4095,4095,4095,4095
1974992,4095,4095,4095,4095
1975006,4095,4095,4095,4095
1975021,4095,4095,4095,4095
1975035,4095,4095,4095,4095
1975049,4095,4095,4095,4095
1975064,4095,4095,4095,4095
1975078,4095,4095,4095,4095
1975091,4095,4095,4095,4095
1975106,4095,4095,4095,4095
1975119,4095,4095,4095,4095
1975133,4095,4095,4095,4095
1975146,4095,4095,4095,4095
1975161,4095,4095,4095,4095
1975175,4095,4095,4095,4095
1975189,4095,4095,4095,4095
1975204,4095,4095,4095,4095
1975218,4095,4095,4095,4095
1975232,4095,4095,4095,4095
1975247,4095,4095,4095,4095
1975261,4095,4095,4095,4095
1975276,4095,4095,4095,4095
1975290,4095,4095,4095,4095
1975304,4095,4095,4095,4095
1975319,4095,4095,4095,4095
1975333,4095,4095,4095,4095
1975347,4095,4095,4095,4095
1975360,4095,4095,4095,4095
1975375,4095,4095,4095,4095
1975388,4095,4095,4095,4095
1975402,4095,4095,4095,4095
1975416,4095,4095,4095,4095
1975431,4095,4095,4095,4095
1975445,4095,4095,4095,4095
1975459,4095,4095,4095,4095
1975474,4095,4095,4095,4095
1975488,4095,4095,4095,4095
1975502,4095,4095,4095,4095
1975517,4095,4095,4095,4095
1975531,4095,4095,4095,4095
1975546,4095,4095,4095,4095
1975560,4095,4095,4095,4095
1975574,4095,4095,4095,4095
1975589,4095,4095,4095,4095
1975603,4095,4095,4095,4095
1975617,4095,4095,4095,4095
1975630,4095,4095,4095,4095
1975644,4095,4095,4095,4095
1975657,4095,4095,4095,4095
1975671,4095,4095,4095,4095
1975686,4095,4095,4095,4095
1975700,4095,4095,4095,4095
1975714,4095,4095,4095,4095
1975729,4095,4095,4095,4095
1975743,4095,4095,4095,4095
1975758,4095,4095,4095,4095
1975772,4095,4095,4095,4095
1975786,4095,4095,4095,4095
1975801,4095,4095,4095,4095
1975815,4095,4095,4095,4095
1975829,4095,4095,4095,4095
1975844,4095,4095,4095,4095
1975858,4095,4095,4095,4095
1975874,4095,4095,4095,4095
1975888,4095,4095,4095,4095
1975903,4095,4095,4095,4095
1975917,4095,4095,4095,4095
1975930,4095,4095,4095,4095
1975944,4095,4095,4095,4095
1975957,4095,4095,4095,4095
1975971,4095,4095,4095,4095
1975985,4095,4095,4095,4095
1975999,4095,4095,4095,4095
1976014,4095,4095,4095,4095
1976028,4095,4095,4095,4095
1976042,4095,4095,4095,4095
1976057,4095,4095,4095,4095
1976071,4095,4095,4095,4095
1976086,4095,4095,4095,4095
1976100,4095,4095,4095,4095
1976114,4095,4095,4095,4095
1976129,4095,4095,4095,4095
1976143,4095,4095,4095,4095
1976157,4095,4095,4095,4095
1976171,4095,4095,4095,4095
1976185,4095,4095,4095,4095
1976198,4095,4095,4095,4095
1976213,4095,4095,4095,4095
1976226,4095,4095,4095,4095
1976240,4095,4095,4095,4095
1976254,4095,4095,4095,4095
1976269,4095,4095,4095,4095
1976283,4095,4095,4095,4095
1976298,4095,4095,4095,4095
1976312,4095,4095,4095,4095
1976326,4095,4095,4095,4095
1976341,4095,4095,4095,4095
1976355,4095,4095,4095,4095
1976369,4095,4095,4095,4095
1976384,4095,4095,4095,4095
1976398,4095,4095,4095,4095
1976413,4095,4095,4095,4095
1976427,4095,4095,4095,4095
1976440,4095,4095,4095,4095
1976454,4095,4095,4095,4095
1976467,4095,4095,4095,4095
1976481,4095,4095,4095,4095
1976496,4095,4095,4095,4095
1976510,4095,4095,4095,4095
1976524,4095,4095,4095,4095
1976539,4095,4095,4095,4095
1976553,4095,4095,4095,4095
1976568,4095,4095,4095,4095
1976582,4095,4095,4095,4095
1976596,4095,4095,4095,4095
1976611,4095,4095,4095,4095
1976625,4095,4095,4095,4095
1976639,4095,4095,4095,4095
1976654,4095,4095,4095,4095
1976668,4095,4095,4095,4095
1976681,4095,4095,4095,4095
1976696,4095,4095,4095,4095
1976709,4095,4095,4095,4095
1976723,4095,4095,4095,4095
1976736,4095,4095,4095,4095
1976750,4095,4095,4095,4095
1976764,4095,4095,4095,4095
1976779,4095,4095,4095,4095
1976793,4095,4095,4095,4095
1976808,4095,4095,4095,4095
1976822,4095,4095,4095,4095
1976836,4095,4095,4095,4095
1976851,4095,4095,4095,4095
1976865,4095,4095,4095,4095
1976879,4095,4095,4095,4095
1976894,4095,4095,4095,4095
1976909,4095,4095,4095,4095
1976923,4095,4095,4095,4095
1976938,4095,4095,4095,4095
1976951,4095,4095,4095,4095
1976965,4095,4095,4095,4095
1976978,4095,4095,4095,4095
1976993,4095,4095,4095,4095
1977006,4095,4095,4095,4095
1977020,4095,4095,4095,4095
1977034,4095,4095,4095,4095
1977049,4095,4095,4095,4095
1977063,4095,4095,4095,4095
1977078,4095,4095,4095,4095
1977092,4095,4095,4095,4095
1977106,4095,4095,4095,4095
1977121,4095,4095,4095,4095
1977135,4095,4095,4095,4095
1977149,4095,4095,4095,4095
1977164,4095,4095,4095,4095
1977178,4095,4095,4095,4095
1977193,4095,4095,4095,4095
1977207,4095,4095,4095,4095
1977220,4095,4095,4095,4095
1977234,4095,4095,4095,4095
1977247,4095,4095,4095,4095
1977261,4095,4095,4095,4095
1977276,4095,4095,4095,4095
1977290,4095,4095,4095,4095
1977304,4095,4095,4095,4095
1977319,4095,4095,4095,4095
1977333,4095,4095,4095,4095
1977348,4095,4095,4095,4095
1977362,4095,4095,4095,4095
1977378,4095,4095,4095,4095
1977392,4095,4095,4095,4095
1977406,4095,4095,4095,4095
1977421,4095,4095,4095,4095
1977435,4095,4095,4095,4095
1977449,4095,4095,4095,4095
1977465,4095,4095,4095,4095
1977479,4095,4095,4095,4095
1977493,4095,4095,4095,4095
1977508,4095,4095,4095,4095
1977521,4095,4095,4095,4095
1977535,4095,4095,4095,4095
1977548,4095,4095,4095,4095
1977563,4095,4095,4095,4095
1977576,4095,4095,4095,4095
1977590,4095,4095,4095,4095
1977604,4095,4095,4095,4095
1977619,4095,4095,4095,4095
1977633,4095,4095,4095,4095
1977648,4095,4095,4095,4095
1977662,4095,4095,4095,4095
1977676,4095,4095,4095,4095
1977691,4095,4095,4095,4095
1977705,4095,4095,4095,4095
1977719,4095,4095,4095,4095
1977735,4095,4095,4095,4095
1977749,4095,4095,4095,4095
1977763,4095,4095,4095,4095
1977778,4095,4095,4095,4095
1977791,4095,4095,4095,4095
1977805,4095,4095,4095,4095
1977818,4095,4095,4095,4095
1977833,4095,4095,4095,4095
1977846,4095,4095,4095,4095
1977860,4095,4095,4095,4095
1977875,4095,4095,4095,4095
1977889,4095,4095,4095,4095
1977903,4095,4095,4095,4095
1977918,4095,4095,4095,4095
1977932,4095,4095,4095,4095
1977946,4095,4095,4095,4095
1977961,4095,4095,4095,4095
1977975,4095,4095,4095,4095
1977989,4095,4095,4095,4095
1978004,4095,4095,4095,4095
1978018,4095,4095,4095,4095
1978033,4095,4095,4095,4095
1978047,4095,4095,4095,4095
1978060,4095,4095,4095,4095
1978074,4095,4095,4095,4095
1978087,4095,4095,4095,4095
1978101,4095,4095,4095,4095
1978116,4095,4095,4095,4095
1978130,4095,4095,4095,4095
1978145,4095,4095,4095,4095
1978159,4095,4095,4095,4095
1978173,4095,4095,4095,4095
1978188,4095,4095,4095,4095
1978202,4095,4095,4095,4095
1978216,4095,4095,4095,4095
1978231,4095,4095,4095,4095
1978245,4095,4095,4095,4095
1978260,4095,4095,4095,4095
1978274,4095,4095,4095,4095
1978288,4095,4095,4095,4095
1978303,4095,4095,4095,4095
1978317,4095,4095,4095,4095
1978330,4095,4095,4095,4095
1978344,4095,4095,4095,4095
1978357,4095,4095,4095,4095
1978372,4095,4095,4095,4095
1978386,4095,4095,4095,4095
1978400,4095,4095,4095,4095
1978415,4095,4095,4095,4095
1978429,4095,4095,4095,4095
1978443,4095,4095,4095,4095
1978458,4095,4095,4095,4095
1978472,4095,4095,4095,4095
1978487,4095,4095,4095,4095
1978501,4095,4095,4095,4095
1978515,4095,4095,4095,4095
1978530,4095,4095,4095,4095
1978545,4095,4095,4095,4095
1978559,4095,4095,4095,4095
1978573,4095,4095,4095,4095
1978588,4095,4095,4095,4095
1978601,4095,4095,4095,4095
1978615,4095,4095,4095,4095
1978628,4095,4095,4095,4095
1978643,4095,4095,4095,4095
1978656,4095,4095,4095,4095
1978670,4095,4095,4095,4095
1978685,4095,4095,4095,4095
1978699,4095,4095,4095,4095
1978713,4095,4095,4095,4095
1978728,4095,4095,4095,4095
1978742,4095,4095,4095,4095
1978757,4095,4095,4095,4095
1978771,4095,4095,4095,4095
1978785,4095,4095,4095,4095
1978800,4095,4095,4095,4095
1978815,4095,4095,4095,4095
1978829,4095,4095,4095,4095
1978843,4095,4095,4095,4095
1978858,4095,4095,4095,4095
1978871,4095,4095,4095,4095
1978887,4095,4095,4095,4095
1978899,4095,4095,4095,4095
1978914,4095,4095,4095,4095
1978927,4095,4095,4095,4095
1978942,4095,4095,4095,4095
1978956,4095,4095,4095,4095
1978970,4095,4095,4095,4095
1978985,4095,4095,4095,4095
1978999,4095,4095,4095,4095
1979013,4095,4095,4095,4095
1979028,4095,4095,4095,4095
1979042,4095,4095,4095,4095
1979057,4095,4095,4095,4095
1979071,4095,4095,4095,4095
1979085,4095,4095,4095,4095
1979100,4095,4095,4095,4095
1979114,4095,4095,4095,4095
1979128,4095,4095,4095,4095
1979143,4095,4095,4095,4095
1979157,4095,4095,4095,4095
1979170,4095,4095,4095,4095
1979184,4095,4095,4095,4095
1979197,4095,4095,4095,4095
1979212,4095,4095,4095,4095
1979226,4095,4095,4095,4095
1979240,4095,4095,4095,4095
1979255,4095,4095,4095,4095
1979269,4095,4095,4095,4095
1979283,4095,4095,4095,4095
1979298,4095,4095,4095,4095
1979312,4095,4095,4095,4095
1979327,4095,4095,4095,4095
1979341,4095,4095,4095,4095
1979355,4095,4095,4095,4095
1979370,4095,4095,4095,4095
1979384,4095,4095,4095,4095
1979398,4095,4095,4095,4095
1979413,4095,4095,4095,4095
1979427,4095,4095,4095,4095
1979440,4095,4095,4095,4095
1979454,4095,4095,4095,4095
1979467,4095,4095,4095,4095
1979482,4095,4095,4095,4095
1979496,4095,4095,4095,4095
1979510,4095,4095,4095,4095
1979525,4095,4095,4095,4095
1979539,4095,4095,4095,4095
1979553,4095,4095,4095,4095
1979568,4095,4095,4095,4095
1979582,4095,4095,4095,4095
1979597,4095,4095,4095,4095
1979611,4095,4095,4095,4095
1979625,4095,4095,4095,4095
1979640,4095,4095,4095,4095
1979654,4095,4095,4095,4095
1979668,4095,4095,4095,4095
1979683,4095,4095,4095,4095
1979697,4095,4095,4095,4095
1979710,4095,4095,4095,4095
1979724,4095,4095,4095,4095
1979737,4095,4095,4095,4095
1979752,4095,4095,4095,4095
1979766,4095,4095,4095,4095
1979780,4095,4095,4095,4095
1979795,4095,4095,4095,4095
1979809,4095,4095,4095,4095
1979823,4095,4095,4095,4095
1979838,4095,4095,4095,4095
1979852,4095,4095,4095,4095
1979867,4095,4095,4095,4095
1979881,4095,4095,4095,4095
1979895,4095,4095,4095,4095
1979910,4095,4095,4095,4095
1979924,4095,4095,4095,4095
1979938,4095,4095,4095,4095
1979953,4095,4095,4095,4095
1979967,4095,4095,4095,4095
1979980,4095,4095,4095,4095
1979994,4095,4095,4095,4095
1980007,4095,4095,4095,4095
1980022,4095,4095,4095,4095
1980036,4095,4095,4095,4095
1980050,4095,4095,4095,4095
1980065,4095,4095,4095,4095
1980079,4095,4095,4095,4095
1980093,4095,4095,4095,4095
1980108,4095,4095,4095,4095
1980122,4095,4095,4095,4095
1980137,4095,4095,4095,4095
1980151,4095,4095,4095,4095
1980165,4095,4095,4095,4095
1980180,4095,4095,4095,4095
1980194,4095,4095,4095,4095
1980208,4095,4095,4095,4095
1980223,4095,4095,4095,4095
1980237,4095,4095,4095,4095
1980250,4095,4095,4095,4095
1980264,4095,4095,4095,4095
1980277,4095,4095,4095,4095
1980292,4095,4095,4095,4095
1980306,4095,4095,4095,4095
1980320,4095,4095,4095,4095
1980335,4095,4095,4095,4095
1980349,4095,4095,4095,4095
1980363,4095,4095,4095,4095
1980378,4095,4095,4095,4095
1980393,4095,4095,4095,4095
1980408,4095,4095,4095,4095
1980422,4095,4095,4095,4095
1980437,4095,4095,4095,4095
1980451,4095,4095,4095,4095
1980465,4095,4095,4095,4095
1980480,4095,4095,4095,4095
1980494,4095,4095,4095,4095
1980508,4095,4095,4095,4095
1980523,4095,4095,4095,4095
1980537,4095,4095,4095,4095
1980550,4095,4095,4095,4095
1980564,4095,4095,4095,4095
1980577,4095,4095,4095,4095
1980592,4095,4095,4095,4095
1980606,4095,4095,4095,4095
1980620,4095,4095,4095,4095
1980635,4095,4095,4095,4095
1980649,4095,4095,4095,4095
1980663,4095,4095,4095,4095
1980678,4095,4095,4095,4095
1980692,4095,4095,4095,4095
1980707,4095,4095,4095,4095
1980721,4095,4095,4095,4095
1980735,4095,4095,4095,4095
1980750,4095,4095,4095,4095
1980764,4095,4095,4095,4095
1980778,4095,4095,4095,4095
1980793,4095,4095,4095,4095
1980807,4095,4095,4095,4095
1980820,4095,4095,4095,4095
1980834,4095,4095,4095,4095
1980847,4095,4095,4095,4095
1980862,4095,4095,4095,4095
1980876,4095,4095,4095,4095
1980890,4095,4095,4095,4095
1980905,4095,4095,4095,4095
1980919,4095,4095,4095,4095
1980933,4095,4095,4095,4095
1980948,4095,4095,4095,4095
1980962,4095,4095,4095,4095
1980977,4095,4095,4095,4095
1980991,4095,4095,4095,4095
1981005,4095,4095,4095,4095
1981020,4095,4095,4095,4095
1981035,4095,4095,4095,4095
1981049,4095,4095,4095,4095
1981064,4095,4095,4095,4095
1981078,4095,4095,4095,4095
1981092,4095,4095,4095,4095
1981107,4095,4095,4095,4095
1981119,4095,4095,4095,4095
1981134,4095,4095,4095,4095
1981147,4095,4095,4095,4095
1981161,4095,4095,4095,4095
1981175,4095,4095,4095,4095
1981190,4095,4095,4095,4095
1981204,4095,4095,4095,4095
1981219,4095,4095,4095,4095
1981233,4095,4095,4095,4095
1981247,4095,4095,4095,4095
1981262,4095,4095,4095,4095
1981276,4095,4095,4095,4095
1981290,4095,4095,4095,4095
1981305,4095,4095,4095,4095
1981320,4095,4095,4095,4095
1981334,4095,4095,4095,4095
1981349,4095,4095,4095,4095
1981362,4095,4095,4095,4095
1981376,4095,4095,4095,4095
1981389,4095,4095,4095,4095
1981404,4095,4095,4095,4095
1981417,4095,4095,4095,4095
1981431,4095,4095,4095,4095
1981445,4095,4095,4095,4095
1981460,4095,4095,4095,4095
1981474,4095,4095,4095,4095
1981489,4095,4095,4095,4095
1981503,4095,4095,4095,4095
1981517,4095,4095,4095,4095
1981532,4095,4095,4095,4095
1981546,4095,4095,4095,4095
1981560,4095,4095,4095,4095
1981575,4095,4095,4095,4095
1981589,4095,4095,4095,4095
1981604,4095,4095,4095,4095
1981618,4095,4095,4095,4095
1981631,4095,4095,4095,4095
1981646,4095,4095,4095,4095
1981658,4095,4095,4095,4095
1981673,4095,4095,4095,4095
1981686,4095,4095,4095,4095
1981701,4095,4095,4095,4095
1981715,4095,4095,4095,4095
1981729,4095,4095,4095,4095
1981744,4095,4095,4095,4095
1981758,4095,4095,4095,4095
1981772,4095,4095,4095,4095
1981787,4095,4095,4095,4095
1981801,4095,4095,4095,4095
1981816,4095,4095,4095,4095
1981830,4095,4095,4095,4095
1981844,4095,4095,4095,4095
1981859,4095,4095,4095,4095
1981873,4095,4095,4095,4095
1981887,4095,4095,4095,4095
1981903,4095,4095,4095,4095
1981917,4095,4095,4095,4095
1981930,4095,4095,4095,4095
1981944,4095,4095,4095,4095
1981957,4095,4095,4095,4095
1981972,4095,4095,4095,4095
1981986,4095,4095,4095,4095
1982001,4095,4095,4095,4095
1982015,4095,4095,4095,4095
1982029,4095,4095,4095,4095
1982044,4095,4095,4095,4095
1982058,4095,4095,4095,4095
1982072,4095,4095,4095,4095
1982087,4095,4095,4095,4095
1982101,4095,4095,4095,4095
1982116,4095,4095,4095,4095
1982130,4095,4095,4095,4095
1982145,4095,4095,4095,4095
1982159,4095,4095,4095,4095
1982174,4095,4095,4095,4095
1982188,4095,4095,4095,4095
1982201,4095,4095,4095,4095
1982216,4095,4095,4095,4095
1982228,4095,4095,4095,4095
1982243,4095,4095,4095,4095
1982256,4095,4095,4095,4095
1982271,4095,4095,4095,4095
1982285,4095,4095,4095,4095
1982299,4095,4095,4095,4095
1982314,4095,4095,4095,4095
1982328,4095,4095,4095,4095
1982342,4095,4095,4095,4095
1982357,4095,4095,4095,4095
1982371,4095,4095,4095,4095
1982386,4095,4095,4095,4095
1982400,4095,4095,4095,4095
1982414,4095,4095,4095,4095
1982429,4095,4095,4095,4095
1982443,4095,4095,4095,4095
1982457,4095,4095,4095,4095
1982470,4095,4095,4095,4095
1982484,4095,4095,4095,4095
1982497,4095,4095,4095,4095
1982512,4095,4095,4095,4095
1982526,4095,4095,4095,4095
1982541,4095,4095,4095,4095
1982555,4095,4095,4095,4095
1982569,4095,4095,4095,4095
1982584,4095,4095,4095,4095
1982598,4095,4095,4095,4095
1982612,4095,4095,4095,4095
1982627,4095,4095,4095,4095
1982641,4095,4095,4095,4095
1982656,4095,4095,4095,4095
1982670,4095,4095,4095,4095
1982684,4095,4095,4095,4095
1982699,4095,4095,4095,4095
1982713,4095,4095,4095,4095
1982727,4095,4095,4095,4095
1982740,4095,4095,4095,4095
1982754,4095,4095,4095,4095
1982767,4095,4095,4095,4095
1982782,4095,4095,4095,4095
1982796,4095,4095,4095,4095
1982811,4095,4095,4095,4095
1982825,4095,4095,4095,4095
1982839,4095,4095,4095,4095
1982854,4095,4095,4095,4095
1982868,4095,4095,4095,4095
1982882,4095,4095,4095,4095
1982897,4095,4095,4095,4095
1982911,4095,4095,4095,4095
1982926,4095,4095,4095,4095
1982940,4095,4095,4095,4095
1982954,4095,4095,4095,4095
1982969,4095,4095,4095,4095
1982983,4095,4095,4095,4095
1982997,4095,4095,4095,4095
1983010,4095,4095,4095,4095
1983024,4095,4095,4095,4095
1983037,4095,4095,4095,4095
1983052,4095,4095,4095,4095
1983066,4095,4095,4095,4095
1983081,4095,4095,4095,4095
1983095,4095,4095,4095,4095
1983109,4095,4095,4095,4095
1983124,4095,4095,4095,4095
1983138,4095,4095,4095,4095
1983152,4095,4095,4095,4095
1983167,4095,4095,4095,4095
1983181,4095,4095,4095,4095
1983196,4095,4095,4095,4095
1983210,4095,4095,4095,4095
1983224,4095,4095,4095,4095
1983239,4095,4095,4095,4095
1983253,4095,4095,4095,4095
1983267,4095,4095,4095,4095
1983280,4095,4095,4095,4095
1983294,4095,4095,4095,4095
1983307,4095,4095,4095,4095
1983322,4095,4095,4095,4095
1983336,4095,4095,4095,4095
1983351,4095,4095,4095,4095
1983365,4095,4095,4095,4095
1983379,4095,4095,4095,4095
1983394,4095,4095,4095,4095
1983409,4095,4095,4095,4095
1983424,4095,4095,4095,4095
1983438,4095,4095,4095,4095
1983452,4095,4095,4095,4095
1983467,4095,4095,4095,4095
1983481,4095,4095,4095,4095
1983496,4095,4095,4095,4095
1983510,4095,4095,4095,4095
1983524,4095,4095,4095,4095
1983539,4095,4095,4095,4095
1983552,4095,4095,4095,4095
1983566,4095,4095,4095,4095
1983579,4095,4095,4095,4095
1983594,4095,4095,4095,4095
1983607,4095,4095,4095,4095
1983621,4095,4095,4095,4095
1983636,4095,4095,4095,4095
1983650,4095,4095,4095,4095
1983664,4095,4095,4095,4095
1983679,4095,4095,4095,4095
1983693,4095,4095,4095,4095
1983708,4095,4095,4095,4095
1983722,4095,4095,4095,4095
1983736,4095,4095,4095,4095
1983751,4095,4095,4095,4095
1983765,4095,4095,4095,4095
1983779,4095,4095,4095,4095
1983794,4095,4095,4095,4095
1983808,4095,4095,4095,4095
1983821,4095,4095,4095,4095
1983836,4095,4095,4095,4095
1983849,4095,4095,4095,4095
1983863,4095,4095,4095,4095
1983876,4095,4095,4095,4095
1983891,4095,4095,4095,4095
1983905,4095,4095,4095,4095
1983919,4095,4095,4095,4095
1983934,4095,4095,4095,4095
1983948,4095,4095,4095,4095
1983962,4095,4095,4095,4095
1983977,4095,4095,4095,4095
1983991,4095,4095,4095,4095
1984006,4095,4095,4095,4095
1984020,4095,4095,4095,4095
1984034,4095,4095,4095,4095
1984049,4095,4095,4095,4095
1984063,4095,4095,4095,4095
1984077,4095,4095,4095,4095
1984090,4095,4095,4095,4095
1984104,4095,4095,4095,4095
1984117,4095,4095,4095,4095
1984132,4095,4095,4095,4095
1984146,4095,4095,4095,4095
1984161,4095,4095,4095,4095
1984175,4095,4095,4095,4095
1984189,4095,4095,4095,4095
1984204,4095,4095,4095,4095
1984218,4095,4095,4095,4095
1984232,4095,4095,4095,4095
1984247,4095,4095,4095,4095
1984261,4095,4095,4095,4095
1984276,4095,4095,4095,4095
1984290,4095,4095,4095,4095
1984304,4095,4095,4095,4095
1984319,4095,4095,4095,4095
1984333,4095,4095,4095,4095
1984347,4095,4095,4095,4095
1984360,4095,4095,4095,4095
1984374,4095,4095,4095,4095
1984387,4095,4095,4095,4095
1984402,4095,4095,4095,4095
1984416,4095,4095,4095,4095
1984431,4095,4095,4095,4095
1984445,4095,4095,4095,4095
1984459,4095,4095,4095,4095
1984474,4095,4095,4095,4095
1984488,4095,4095,4095,4095
1984502,4095,4095,4095,4095
1984517,4095,4095,4095,4095
1984531,4095,4095,4095,4095
1984546,4095,4095,4095,4095
1984560,4095,4095,4095,4095
1984574,4095,4095,4095,4095
1984589,4095,4095,4095,4095
1984603,4095,4095,4095,4095
1984618,4095,4095,4095,4095
1984630,4095,4095,4095,4095
1984644,4095,4095,4095,4095
1984657,4095,4095,4095,4095
1984672,4095,4095,4095,4095
1984686,4095,4095,4095,4095
1984701,4095,4095,4095,4095
1984715,4095,4095,4095,4095
1984729,4095,4095,4095,4095
1984744,4095,4095,4095,4095
1984758,4095,4095,4095,4095
1984773,4095,4095,4095,4095
1984787,4095,4095,4095,4095
1984801,4095,4095,4095,4095
1984816,4095,4095,4095,4095
1984830,4095,4095,4095,4095
1984844,4095,4095,4095,4095
1984859,4095,4095,4095,4095
1984873,4095,4095,4095,4095
1984888,4095,4095,4095,4095
1984900,4095,4095,4095,4095
1984916,4095,4095,4095,4095
1984929,4095,4095,4095,4095
1984943,4095,4095,4095,4095
1984956,4095,4095,4095,4095
1984971,4095,4095,4095,4095
1984985,4095,4095,4095,4095
1985000,4095,4095,4095,4095
1985014,4095,4095,4095,4095
1985028,4095,4095,4095,4095
1985043,4095,4095,4095,4095
1985057,4095,4095,4095,4095
1985071,4095,4095,4095,4095
1985086,4095,4095,4095,4095
1985100,4095,4095,4095,4095
1985115,4095,4095,4095,4095
1985129,4095,4095,4095,4095
1985143,4095,4095,4095,4095
1985158,4095,4095,4095,4095
1985170,4095,4095,4095,4095
1985185,4095,4095,4095,4095
1985197,4095,4095,4095,4095
1985212,4095,4095,4095,4095
1985226,4095,4095,4095,4095
1985241,4095,4095,4095,4095
1985255,4095,4095,4095,4095
1985270,4095,4095,4095,4095
1985284,4095,4095,4095,4095
1985298,4095,4095,4095,4095
1985313,4095,4095,4095,4095
1985327,4095,4095,4095,4095
1985341,4095,4095,4095,4095
1985356,4095,4095,4095,4095
1985370,4095,4095,4095,4095
1985385,4095,4095,4095,4095
1985399,4095,4095,4095,4095
1985413,4095,4095,4095,4095
1985428,4095,4095,4095,4095
1985440,4095,4095,4095,4095
1985455,4095,4095,4095,4095
1985467,4095,4095,4095,4095
1985482,4095,4095,4095,4095
1985496,4095,4095,4095,4095
1985511,4095,4095,4095,4095
1985525,4095,4095,4095,4095
1985540,4095,4095,4095,4095
1985554,4095,4095,4095,4095
1985568,4095,4095,4095,4095
1985583,4095,4095,4095,4095
1985597,4095,4095,4095,4095
1985611,4095,4095,4095,4095
1985626,4095,4095,4095,4095
1985640,4095,4095,4095,4095
1985655,4095,4095,4095,4095
1985669,4095,4095,4095,4095
1985683,4095,4095,4095,4095
1985698,4095,4095,4095,4095
1985710,4095,4095,4095,4095
1985725,4095,4095,4095,4095
1985737,4095,4095,4095,4095
1985752,4095,4095,4095,4095
1985766,4095,4095,4095,4095
1985781,4095,4095,4095,4095
1985795,4095,4095,4095,4095
1985810,4095,4095,4095,4095
1985824,4095,4095,4095,4095
1985838,4095,4095,4095,4095
1985853,4095,4095,4095,4095
1985867,4095,4095,4095,4095
1985881,4095,4095,4095,4095
1985896,4095,4095,4095,4095
1985910,4095,4095,4095,4095
1985925,4095,4095,4095,4095
1985939,4095,4095,4095,4095
1985953,4095,4095,4095,4095
1985968,4095,4095,4095,4095
1985981,4095,4095,4095,4095
1985995,4095,4095,4095,4095
1986007,4095,4095,4095,4095
1986022,4095,4095,4095,4095
1986036,4095,4095,4095,4095
1986051,4095,4095,4095,4095
1986065,4095,4095,4095,4095
1986080,4095,4095,4095,4095
1986094,4095,4095,4095,4095
1986108,4095,4095,4095,4095
1986123,4095,4095,4095,4095
1986137,4095,4095,4095,4095
1986151,4095,4095,4095,4095
1986166,4095,4095,4095,4095
1986180,4095,4095,4095,4095
1986195,4095,4095,4095,4095
1986210,4095,4095,4095,4095
1986224,4095,4095,4095,4095
1986238,4095,4095,4095,4095
1986253,4095,4095,4095,4095
1986267,4095,4095,4095,4095
1986280,4095,4095,4095,4095
1986294,4095,4095,4095,4095
1986307,4095,4095,4095,4095
1986321,4095,4095,4095,4095
1986335,4095,4095,4095,4095
1986350,4095,4095,4095,4095
1986364,4095,4095,4095,4095
1986378,4095,4095,4095,4095
1986393,4095,4095,4095,4095
1986407,4095,4095,4095,4095
1986423,4095,4095,4095,4095
1986437,4095,4095,4095,4095
1986451,4095,4095,4095,4095
1986466,4095,4095,4095,4095
1986480,4095,4095,4095,4095
1986495,4095,4095,4095,4095
1986509,4095,4095,4095,4095
1986523,4095,4095,4095,4095
1986538,4095,4095,4095,4095
1986551,4095,4095,4095,4095
1986565,4095,4095,4095,4095
1986578,4095,4095,4095,4095
1986592,4095,4095,4095,4095
1986606,4095,4095,4095,4095
1986621,4095,4095,4095,4095
1986635,4095,4095,4095,4095
1986650,4095,4095,4095,4095
1986664,4095,4095,4095,4095
1986678,4095,4095,4095,4095
1986693,4095,4095,4095,4095
1986707,4095,4095,4095,4095
1986721,4095,4095,4095,4095
1986736,4095,4095,4095,4095
1986750,4095,4095,4095,4095
1986765,4095,4095,4095,4095
1986779,4095,4095,4095,4095
1986793,4095,4095,4095,4095
1986808,4095,4095,4095,4095
1986821,4095,4095,4095,4095
1986835,4095,4095,4095,4095
1986848,4095,4095,4095,4095
1986862,4095,4095,4095,4095
1986876,4095,4095,4095,4095
1986891,4095,4095,4095,4095
1986905,4095,4095,4095,4095
1986920,4095,4095,4095,4095
1986934,4095,4095,4095,4095
1986948,4095,4095,4095,4095
1986963,4095,4095,4095,4095
1986977,4095,4095,4095,4095
1986991,4095,4095,4095,4095
1987006,4095,4095,4095,4095
1987020,4095,4095,4095,4095
1987035,4095,4095,4095,4095
1987050,4095,4095,4095,4095
1987065,4095,4095,4095,4095
1987079,4095,4095,4095,4095
1987093,4095,4095,4095,4095
1987108,4095,4095,4095,4095
1987121,4095,4095,4095,4095
1987135,4095,4095,4095,4095
1987148,4095,4095,4095,4095
1987162,4095,4095,4095,4095
1987176,4095,4095,4095,4095
1987190,4095,4095,4095,4095
1987205,4095,4095,4095,4095
1987219,4095,4095,4095,4095
1987233,4095,4095,4095,4095
1987248,4095,4095,4095,4095
1987262,4095,4095,4095,4095
1987277,4095,4095,4095,4095
1987291,4095,4095,4095,4095
1987305,4095,4095,4095,4095
1987320,4095,4095,4095,4095
1987334,4095,4095,4095,4095
1987348,4095,4095,4095,4095
1987363,4095,4095,4095,4095
1987377,4095,4095,4095,4095
1987390,4095,4095,4095,4095
1987404,4095,4095,4095,4095
1987417,4095,4095,4095,4095
1987432,4095,4095,4095,4095
1987446,4095,4095,4095,4095
1987460,4095,4095,4095,4095
1987475,4095,4095,4095,4095
1987489,4095,4095,4095,4095
1987503,4095,4095,4095,4095
1987518,4095,4095,4095,4095
1987532,4095,4095,4095,4095
1987547,4095,4095,4095,4095
1987561,4095,4095,4095,4095
1987575,4095,4095,4095,4095
1987590,4095,4095,4095,4095
1987605,4095,4095,4095,4095
1987619,4095,4095,4095,4095
1987633,4095,4095,4095,4095
1987648,4095,4095,4095,4095
1987661,4095,4095,4095,4095
1987675,4095,4095,4095,4095
1987688,4095,4095,4095,4095
1987703,4095,4095,4095,4095
1987717,4095,4095,4095,4095
1987731,4095,4095,4095,4095
1987745,4095,4095,4095,4095
1987760,4095,4095,4095,4095
1987774,4095,4095,4095,4095
1987788,4095,4095,4095,4095
1987803,4095,4095,4095,4095
1987817,4095,4095,4095,4095
1987832,4095,4095,4095,4095
1987846,4095,4095,4095,4095
1987860,4095,4095,4095,4095
1987875,4095,4095,4095,4095
1987889,4095,4095,4095,4095
1987903,4095,4095,4095,4095
1987918,4095,4095,4095,4095
1987932,4095,4095,4095,4095
1987947,4095,4095,4095,4095
1987959,4095,4095,4095,4095
1987974,4095,4095,4095,4095
1987987,4095,4095,4095,4095
1988002,4095,4095,4095,4095
1988016,4095,4095,4095,4095
1988030,4095,4095,4095,4095
1988045,4095,4095,4095,4095
1988059,4095,4095,4095,4095
1988073,4095,4095,4095,4095
1988088,4095,4095,4095,4095
1988102,4095,4095,4095,4095
1988117,4095,4095,4095,4095
1988131,4095,4095,4095,4095
1988145,4095,4095,4095,4095
1988160,4095,4095,4095,4095
1988174,4095,4095,4095,4095
1988188,4095,4095,4095,4095
1988203,4095,4095,4095,4095
1988217,4095,4095,4095,4095
1988230,4095,4095,4095,4095
1988244,4095,4095,4095,4095
1988257,4095,4095,4095,4095
1988272,4095,4095,4095,4095
1988286,4095,4095,4095,4095
1988300,4095,4095,4095,4095
1988315,4095,4095,4095,4095
1988329,4095,4095,4095,4095
1988343,4095,4095,4095,4095
1988358,4095,4095,4095,4095
1988372,4095,4095,4095,4095
1988387,4095,4095,4095,4095
1988401,4095,4095,4095,4095
1988415,4095,4095,4095,4095
1988430,4095,4095,4095,4095
1988444,4095,4095,4095,4095
1988458,4095,4095,4095,4095
1988473,4095,4095,4095,4095
1988487,4095,4095,4095,4095
1988500,4095,4095,4095,4095
1988514,4095,4095,4095,4095
1988527,4095,4095,4095,4095
1988542,4095,4095,4095,4095
1988556,4095,4095,4095,4095
1988570,4095,4095,4095,4095
1988585,4095,4095,4095,4095
1988599,4095,4095,4095,4095
1988613,4095,4095,4095,4095
1988628,4095,4095,4095,4095
1988642,4095,4095,4095,4095
1988657,4095,4095,4095,4095
1988671,4095,4095,4095,4095
1988685,4095,4095,4095,4095
1988700,4095,4095,4095,4095
1988714,4095,4095,4095,4095
1988728,4095,4095,4095,4095
1988743,4095,4095,4095,4095
1988757,4095,4095,4095,4095
1988770,4095,4095,4095,4095
1988784,4095,4095,4095,4095
1988797,4095,4095,4095,4095
1988812,4095,4095,4095,4095
1988826,4095,4095,4095,4095
1988840,4095,4095,4095,4095
1988855,4095,4095,4095,4095
1988869,4095,4095,4095,4095
1988883,4095,4095,4095,4095
1988898,4095,4095,4095,4095
1988912,4095,4095,4095,4095
1988927,4095,4095,4095,4095
1988941,4095,4095,4095,4095
1988955,4095,4095,4095,4095
1988970,4095,4095,4095,4095
1988984,4095,4095,4095,4095
1988998,4095,4095,4095,4095
1989013,4095,4095,4095,4095
1989027,4095,4095,4095,4095
1989040,4095,4095,4095,4095
1989054,4095,4095,4095,4095
1989067,4095,4095,4095,4095
1989082,4095,4095,4095,4095
1989096,4095,4095,4095,4095
1989110,4095,4095,4095,4095
1989125,4095,4095,4095,4095
1989139,4095,4095,4095,4095
1989153,4095,4095,4095,4095
1989168,4095,4095,4095,4095
1989182,4095,4095,4095,4095
1989197,4095,4095,4095,4095
1989211,4095,4095,4095,4095
1989225,4095,4095,4095,4095
1989240,4095,4095,4095,4095
1989254,4095,4095,4095,4095
1989269,4095,4095,4095,4095
1989283,4095,4095,4095,4095
1989297,4095,4095,4095,4095
1989310,4095,4095,4095,4095
1989324,4095,4095,4095,4095
1989337,4095,4095,4095,4095
1989352,4095,4095,4095,4095
1989366,4095,4095,4095,4095
1989380,4095,4095,4095,4095
1989395,4095,4095,4095,4095
1989409,4095,4095,4095,4095
1989424,4095,4095,4095,4095
1989439,4095,4095,4095,4095
1989454,4095,4095,4095,4095
1989468,4095,4095,4095,4095
1989482,4095,4095,4095,4095
1989497,4095,4095,4095,4095
1989511,4095,4095,4095,4095
1989526,4095,4095,4095,4095
1989540,4095,4095,4095,4095
1989554,4095,4095,4095,4095
1989569,4095,4095,4095,4095
1989583,4095,4095,4095,4095
1989597,4095,4095,4095,4095
1989610,4095,4095,4095,4095
1989624,4095,4095,4095,4095
1989637,4095,4095,4095,4095
1989652,4095,4095,4095,4095
1989666,4095,4095,4095,4095
1989681,4095,4095,4095,4095
1989695,4095,4095,4095,4095
1989709,4095,4095,4095,4095
1989724,4095,4095,4095,4095
1989738,4095,4095,4095,4095
1989752,4095,4095,4095,4095
1989767,4095,4095,4095,4095
1989781,4095,4095,4095,4095
1989795,4095,4095,4095,4095
1989810,4095,4095,4095,4095
1989825,4095,4095,4095,4095
1989839,4095,4095,4095,4095
1989854,4095,4095,4095,4095
1989868,4095,4095,4095,4095
1989881,4095,4095,4095,4095
1989896,4095,4095,4095,4095
1989908,4095,4095,4095,4095
1989923,4095,4095,4095,4095
1989936,4095,4095,4095,4095
1989951,4095,4095,4095,4095
1989965,4095,4095,4095,4095
1989979,4095,4095,4095,4095
1989994,4095,4095,4095,4095
1990008,4095,4095,4095,4095
1990022,4095,4095,4095,4095
1990037,4095,4095,4095,4095
1990051,4095,4095,4095,4095
1990066,4095,4095,4095,4095
1990080,4095,4095,4095,4095
1990095,4095,4095,4095,4095
1990109,4095,4095,4095,4095
1990124,4095,4095,4095,4095
1990138,4095,4095,4095,4095
1990151,4095,4095,4095,4095
1990166,4095,4095,4095,4095
1990178,4095,4095,4095,4095
1990193,4095,4095,4095,4095
1990206,4095,4095,4095,4095
1990221,4095,4095,4095,4095
1990235,4095,4095,4095,4095
1990249,4095,4095,4095,4095
1990264,4095,4095,4095,4095
1990278,4095,4095,4095,4095
1990292,4095,4095,4095,4095
1990307,4095,4095,4095,4095
1990321,4095,4095,4095,4095
1990336,4095,4095,4095,4095
1990350,4095,4095,4095,4095
1990365,4095,4095,4095,4095
1990379,4095,4095,4095,4095
1990394,4095,4095,4095,4095
1990408,4095,4095,4095,4095
1990421,4095,4095,4095,4095
1990436,4095,4095,4095,4095
1990448,4095,4095,4095,4095
1990463,4095,4095,4095,4095
1990476,4095,4095,4095,4095
1990491,4095,4095,4095,4095
1990505,4095,4095,4095,4095
1990519,4095,4095,4095,4095
1990534,4095,4095,4095,4095
1990548,4095,4095,4095,4095
1990562,4095,4095,4095,4095
1990577,4095,4095,4095,4095
1990591,4095,4095,4095,4095
1990606,4095,4095,4095,4095
1990620,4095,4095,4095,4095
1990635,4095,4095,4095,4095
1990649,4095,4095,4095,4095
1990664,4095,4095,4095,4095
1990678,4095,4095,4095,4095
1990691,4095,4095,4095,4095
1990706,4095,4095,4095,4095
1990719,4095,4095,4095,4095
1990733,4095,4095,4095,4095
1990746,4095,4095,4095,4095
1990761,4095,4095,4095,4095
1990775,4095,4095,4095,4095
1990789,4095,4095,4095,4095
1990804,4095,4095,4095,4095
1990818,4095,4095,4095,4095
1990832,4095,4095,4095,4095
1990847,4095,4095,4095,4095
1990861,4095,4095,4095,4095
1990876,4095,4095,4095,4095
1990890,4095,4095,4095,4095
1990904,4095,4095,4095,4095
1990919,4095,4095,4095,4095
1990932,4095,4095,4095,4095
1990948,4095,4095,4095,4095
1990960,4095,4095,4095,4095
1990975,4095,4095,4095,4095
1990988,4095,4095,4095,4095
1991002,4095,4095,4095,4095
1991016,4095,4095,4095,4095
1991031,4095,4095,4095,4095
1991045,4095,4095,4095,4095
1991059,4095,4095,4095,4095
1991074,4095,4095,4095,4095
1991088,4095,4095,4095,4095
1991102,4095,4095,4095,4095
1991117,4095,4095,4095,4095
1991131,4095,4095,4095,4095
1991146,4095,4095,4095,4095
1991160,4095,4095,4095,4095
1991174,4095,4095,4095,4095
1991189,4095,4095,4095,4095
1991203,4095,4095,4095,4095
1991217,4095,4095,4095,4095
1991230,4095,4095,4095,4095
1991244,4095,4095,4095,4095
1991257,4095,4095,4095,4095
1991272,4095,4095,4095,4095
1991286,4095,4095,4095,4095
1991301,4095,4095,4095,4095
1991315,4095,4095,4095,4095
1991329,4095,4095,4095,4095
1991344,4095,4095,4095,4095
1991358,4095,4095,4095,4095
1991372,4095,4095,4095,4095
1991387,4095,4095,4095,4095
1991401,4095,4095,4095,4095
1991416,4095,4095,4095,4095
1991430,4095,4095,4095,4095
1991444,4095,4095,4095,4095
1991459,4095,4095,4095,4095
1991473,4095,4095,4095,4095
1991487,4095,4095,4095,4095
1991500,4095,4095,4095,4095
1991514,4095,4095,4095,4095
1991527,4095,4095,4095,4095
1991542,4095,4095,4095,4095
1991556,4095,4095,4095,4095
1991571,4095,4095,4095,4095
1991585,4095,4095,4095,4095
1991599,4095,4095,4095,4095
1991614,4095,4095,4095,4095
1991628,4095,4095,4095,4095
1991642,4095,4095,4095,4095
1991657,4095,4095,4095,4095
1991671,4095,4095,4095,4095
1991686,4095,4095,4095,4095
1991700,4095,4095,4095,4095
1991715,4095,4095,4095,4095
1991729,4095,4095,4095,4095
1991744,4095,4095,4095,4095
1991758,4095,4095,4095,4095
1991772,4095,4095,4095,4095
1991786,4095,4095,4095,4095
1991799,4095,4095,4095,4095
1991813,4095,4095,4095,4095
1991826,4095,4095,4095,4095
1991841,4095,4095,4095,4095
1991855,4095,4095,4095,4095
1991869,4095,4095,4095,4095
1991884,4095,4095,4095,4095
1991898,4095,4095,4095,4095
1991912,4095,4095,4095,4095
1991927,4095,4095,4095,4095
1991941,4095,4095,4095,4095
1991956,4095,4095,4095,4095
1991970,4095,4095,4095,4095
1991984,4095,4095,4095,4095
1991999,4095,4095,4095,4095
1992013,4095,4095,4095,4095
1992027,4095,4095,4095,4095
1992040,4095,4095,4095,4095
1992054,4095,4095,4095,4095
1992067,4095,4095,4095,4095
1992082,4095,4095,4095,4095
1992096,4095,4095,4095,4095
1992111,4095,4095,4095,4095
1992125,4095,4095,4095,4095
1992139,4095,4095,4095,4095
1992154,4095,4095,4095,4095
1992168,4095,4095,4095,4095
1992182,4095,4095,4095,4095
1992197,4095,4095,4095,4095
1992211,4095,4095,4095,4095
1992226,4095,4095,4095,4095
1992240,4095,4095,4095,4095
1992255,4095,4095,4095,4095
1992269,4095,4095,4095,4095
1992284,4095,4095,4095,4095
1992298,4095,4095,4095,4095
1992312,4095,4095,4095,4095
1992326,4095,4095,4095,4095
1992339,4095,4095,4095,4095
1992353,4095,4095,4095,4095
1992366,4095,4095,4095,4095
1992381,4095,4095,4095,4095
1992395,4095,4095,4095,4095
1992409,4095,4095,4095,4095
1992424,4095,4095,4095,4095
1992438,4095,4095,4095,4095
1992454,4095,4095,4095,4095
1992468,4095,4095,4095,4095
1992482,4095,4095,4095,4095
1992497,4095,4095,4095,4095
1992511,4095,4095,4095,4095
1992526,4095,4095,4095,4095
1992540,4095,4095,4095,4095
1992554,4095,4095,4095,4095
1992569,4095,4095,4095,4095
1992583,4095,4095,4095,4095
1992598,4095,4095,4095,4095
1992610,4095,4095,4095,4095
1992624,4095,4095,4095,4095
1992637,4095,4095,4095,4095
1992652,4095,4095,4095,4095
1992666,4095,4095,4095,4095
1992681,4095,4095,4095,4095
1992695,4095,4095,4095,4095
1992709,4095,4095,4095,4095
1992724,4095,4095,4095,4095
1992738,4095,4095,4095,4095
1992753,4095,4095,4095,4095
1992767,4095,4095,4095,4095
1992781,4095,4095,4095,4095
1992796,4095,4095,4095,4095
1992810,4095,4095,4095,4095
1992824,4095,4095,4095,4095
1992839,4095,4095,4095,4095
1992853,4095,4095,4095,4095
1992868,4095,4095,4095,4095
1992880,4095,4095,4095,4095
1992895,4095,4095,4095,4095
1992907,4095,4095,4095,4095
1992922,4095,4095,4095,4095
1992936,4095,4095,4095,4095
1992951,4095,4095,4095,4095
1992965,4095,4095,4095,4095
1992980,4095,4095,4095,4095
1992994,4095,4095,4095,4095
1993008,4095,4095,4095,4095
1993023,4095,4095,4095,4095
1993037,4095,4095,4095,4095
1993051,4095,4095,4095,4095
1993066,4095,4095,4095,4095
1993080,4095,4095,4095,4095
1993094,4095,4095,4095,4095
1993109,4095,4095,4095,4095
1993123,4095,4095,4095,4095
1993138,4095,4095,4095,4095
1993150,4095,4095,4095,4095
1993165,4095,4095,4095,4095
1993177,4095,4095,4095,4095
1993192,4095,4095,4095,4095
1993206,4095,4095,4095,4095
1993221,4095,4095,4095,4095
1993235,4095,4095,4095,4095
1993250,4095,4095,4095,4095
1993264,4095,4095,4095,4095
1993278,4095,4095,4095,4095
1993293,4095,4095,4095,4095
1993307,4095,4095,4095,4095
1993321,4095,4095,4095,4095
1993336,4095,4095,4095,4095
1993350,4095,4095,4095,4095
1993365,4095,4095,4095,4095
1993379,4095,4095,4095,4095
1993393,4095,4095,4095,4095
1993408,4095,4095,4095,4095
1993420,4095,4095,4095,4095
1993435,4095,4095,4095,4095
1993447,4095,4095,4095,4095
1993462,4095,4095,4095,4095
1993476,4095,4095,4095,4095
1993491,4095,4095,4095,4095
1993505,4095,4095,4095,4095
1993520,4095,4095,4095,4095
1993534,4095,4095,4095,4095
1993548,4095,4095,4095,4095
1993563,4095,4095,4095,4095
1993577,4095,4095,4095,4095
1993591,4095,4095,4095,4095
1993606,4095,4095,4095,4095
1993620,4095,4095,4095,4095
1993635,4095,4095,4095,4095
1993649,4095,4095,4095,4095
1993664,4095,4095,4095,4095
1993678,4095,4095,4095,4095
1993692,4095,4095,4095,4095
1993706,4095,4095,4095,4095
1993719,4095,4095,4095,4095
1993733,4095,4095,4095,4095
1993746,4095,4095,4095,4095
1993761,4095,4095,4095,4095
1993775,4095,4095,4095,4095
1993790,4095,4095,4095,4095
1993804,4095,4095,4095,4095
1993818,4095,4095,4095,4095
1993833,4095,4095,4095,4095
1993847,4095,4095,4095,4095
1993861,4095,4095,4095,4095
1993876,4095,4095,4095,4095
1993890,4095,4095,4095,4095
1993905,4095,4095,4095,4095
1993919,4095,4095,4095,4095
1993933,4095,4095,4095,4095
1993948,4095,4095,4095,4095
1993963,4095,4095,4095,4095
1993978,4095,4095,4095,4095
1993990,4095,4095,4095,4095
1994005,4095,4095,4095,4095
1994017,4095,4095,4095,4095
1994032,4095,4095,4095,4095
1994046,4095,4095,4095,4095
1994061,4095,4095,4095,4095
1994075,4095,4095,4095,4095
1994090,4095,4095,4095,4095
1994104,4095,4095,4095,4095
1994118,4095,4095,4095,4095
1994133,4095,4095,4095,4095
1994147,4095,4095,4095,4095
1994161,4095,4095,4095,4095
1994176,4095,4095,4095,4095
1994190,4095,4095,4095,4095
1994205,4095,4095,4095,4095
1994219,4095,4095,4095,4095
1994233,4095,4095,4095,4095
1994248,4095,4095,4095,4095
1994261,4095,4095,4095,4095
1994275,4095,4095,4095,4095
1994288,4095,4095,4095,4095
1994302,4095,4095,4095,4095
1994316,4095,4095,4095,4095
1994331,4095,4095,4095,4095
1994345,4095,4095,4095,4095
1994360,4095,4095,4095,4095
1994374,4095,4095,4095,4095
1994388,4095,4095,4095,4095
1994403,4095,4095,4095,4095
1994417,4095,4095,4095,4095
1994431,4095,4095,4095,4095
1994446,4095,4095,4095,4095
1994460,4095,4095,4095,4095
1994475,4095,4095,4095,4095
1994489,4095,4095,4095,4095
1994503,4095,4095,4095,4095
1994518,4095,4095,4095,4095
1994531,4095,4095,4095,4095
1994545,4095,4095,4095,4095
1994558,4095,4095,4095,4095
1994572,4095,4095,4095,4095
1994586,4095,4095,4095,4095
1994601,4095,4095,4095,4095
1994615,4095,4095,4095,4095
1994630,4095,4095,4095,4095
1994644,4095,4095,4095,4095
1994658,4095,4095,4095,4095
1994673,4095,4095,4095,4095
1994687,4095,4095,4095,4095
1994701,4095,4095,4095,4095
1994716,4095,4095,4095,4095
1994730,4095,4095,4095,4095
1994745,4095,4095,4095,4095
1994759,4095,4095,4095,4095
1994773,4095,4095,4095,4095
1994788,4095,4095,4095,4095
1994801,4095,4095,4095,4095
1994815,4095,4095,4095,4095
1994828,4095,4095,4095,4095
1994842,4095,4095,4095,4095
1994856,4095,4095,4095,4095
1994871,4095,4095,4095,4095
1994885,4095,4095,4095,4095
1994900,4095,4095,4095,4095
1994914,4095,4095,4095,4095
1994928,4095,4095,4095,4095
1994943,4095,4095,4095,4095
1994957,4095,4095,4095,4095
1994971,4095,4095,4095,4095
1994986,4095,4095,4095,4095
1995000,4095,4095,4095,4095
1995015,4095,4095,4095,4095
1995029,4095,4095,4095,4095
1995043,4095,4095,4095,4095
1995058,4095,4095,4095,4095
1995071,4095,4095,4095,4095
1995085,4095,4095,4095,4095
1995098,4095,4095,4095,4095
1995112,4095,4095,4095,4095
1995126,4095,4095,4095,4095
1995141,4095,4095,4095,4095
1995155,4095,4095,4095,4095
1995170,4095,4095,4095,4095
1995184,4095,4095,4095,4095
1995198,4095,4095,4095,4095
1995213,4095,4095,4095,4095
1995227,4095,4095,4095,4095
1995241,4095,4095,4095,4095
1995256,4095,4095,4095,4095
1995270,4095,4095,4095,4095
1995285,4095,4095,4095,4095
1995299,4095,4095,4095,4095
1995313,4095,4095,4095,4095
1995328,4095,4095,4095,4095
1995341,4095,4095,4095,4095
1995355,4095,4095,4095,4095
1995368,4095,4095,4095,4095
1995382,4095,4095,4095,4095
1995396,4095,4095,4095,4095
1995411,4095,4095,4095,4095
1995425,4095,4095,4095,4095
1995440,4095,4095,4095,4095
1995454,4095,4095,4095,4095
1995470,4095,4095,4095,4095
1995484,4095,4095,4095,4095
1995498,4095,4095,4095,4095
1995513,4095,4095,4095,4095
1995527,4095,4095,4095,4095
1995541,4095,4095,4095,4095
1995556,4095,4095,4095,4095
1995570,4095,4095,4095,4095
1995585,4095,4095,4095,4095
1995599,4095,4095,4095,4095
1995613,4095,4095,4095,4095
1995628,4095,4095,4095,4095
1995641,4095,4095,4095,4095
1995655,4095,4095,4095,4095
1995668,4095,4095,4095,4095
1995682,4095,4095,4095,4095
1995696,4095,4095,4095,4095
1995711,4095,4095,4095,4095
1995725,4095,4095,4095,4095
1995740,4095,4095,4095,4095
1995754,4095,4095,4095,4095
1995768,4095,4095,4095,4095
1995783,4095,4095,4095,4095
1995797,4095,4095,4095,4095
1995812,4095,4095,4095,4095
1995826,4095,4095,4095,4095
1995840,4095,4095,4095,4095
1995855,4095,4095,4095,4095
1995869,4095,4095,4095,4095
1995883,4095,4095,4095,4095
1995898,4095,4095,4095,4095
1995911,4095,4095,4095,4095
1995925,4095,4095,4095,4095
1995938,4095,4095,4095,4095
1995952,4095,4095,4095,4095
1995967,4095,4095,4095,4095
1995981,4095,4095,4095,4095
1995995,4095,4095,4095,4095
1996010,4095,4095,4095,4095
1996024,4095,4095,4095,4095
1996039,4095,4095,4095,4095
1996053,4095,4095,4095,4095
1996067,4095,4095,4095,4095
1996082,4095,4095,4095,4095
1996096,4095,4095,4095,4095
1996110,4095,4095,4095,4095
1996125,4095,4095,4095,4095
1996139,4095,4095,4095,4095
1996153,4095,4095,4095,4095
1996168,4095,4095,4095,4095
1996181,4095,4095,4095,4095
1996195,4095,4095,4095,4095
1996208,4095,4095,4095,4095
1996222,4095,4095,4095,4095
1996237,4095,4095,4095,4095
1996251,4095,4095,4095,4095
1996265,4095,4095,4095,4095
1996280,4095,4095,4095,4095
1996294,4095,4095,4095,4095
1996309,4095,4095,4095,4095
1996323,4095,4095,4095,4095
1996337,4095,4095,4095,4095
1996352,4095,4095,4095,4095
1996366,4095,4095,4095,4095
1996380,4095,4095,4095,4095
1996395,4095,4095,4095,4095
1996409,4095,4095,4095,4095
1996423,4095,4095,4095,4095
1996438,4095,4095,4095,4095
1996451,4095,4095,4095,4095
1996465,4095,4095,4095,4095
1996478,4095,4095,4095,4095
1996492,4095,4095,4095,4095
1996507,4095,4095,4095,4095
1996521,4095,4095,4095,4095
1996535,4095,4095,4095,4095
1996550,4095,4095,4095,4095
1996564,4095,4095,4095,4095
1996579,4095,4095,4095,4095
1996593,4095,4095,4095,4095
1996607,4095,4095,4095,4095
1996622,4095,4095,4095,4095
1996636,4095,4095,4095,4095
1996650,4095,4095,4095,4095
1996665,4095,4095,4095,4095
1996679,4095,4095,4095,4095
1996694,4095,4095,4095,4095
1996708,4095,4095,4095,4095
1996721,4095,4095,4095,4095
1996735,4095,4095,4095,4095
1996748,4095,4095,4095,4095
1996762,4095,4095,4095,4095
1996777,4095,4095,4095,4095
1996791,4095,4095,4095,4095
1996805,4095,4095,4095,4095
1996820,4095,4095,4095,4095
1996834,4095,4095,4095,4095
1996849,4095,4095,4095,4095
1996863,4095,4095,4095,4095
1996877,4095,4095,4095,4095
1996892,4095,4095,4095,4095
1996906,4095,4095,4095,4095
1996920,4095,4095,4095,4095
1996935,4095,4095,4095,4095
1996949,4095,4095,4095,4095
1996964,4095,4095,4095,4095
1996979,4095,4095,4095,4095
1996994,4095,4095,4095,4095
1997008,4095,4095,4095,4095
1997021,4095,4095,4095,4095
1997035,4095,4095,4095,4095
1997048,4095,4095,4095,4095
1997062,4095,4095,4095,4095
1997077,4095,4095,4095,4095
1997091,4095,4095,4095,4095
1997105,4095,4095,4095,4095
1997120,4095,4095,4095,4095
1997134,4095,4095,4095,4095
1997149,4095,4095,4095,4095
1997163,4095,4095,4095,4095
1997177,4095,4095,4095,4095
1997192,4095,4095,4095,4095
1997206,4095,4095,4095,4095
1997220,4095,4095,4095,4095
1997235,4095,4095,4095,4095
1997250,4095,4095,4095,4095
1997265,4095,4095,4095,4095
1997279,4095,4095,4095,4095
1997294,4095,4095,4095,4095
1997308,4095,4095,4095,4095
1997321,4095,4095,4095,4095
1997335,4095,4095,4095,4095
1997348,4095,4095,4095,4095
1997362,4095,4095,4095,4095
1997377,4095,4095,4095,4095
1997391,4095,4095,4095,4095
1997405,4095,4095,4095,4095
1997420,4095,4095,4095,4095
1997434,4095,4095,4095,4095
1997449,4095,4095,4095,4095
1997463,4095,4095,4095,4095
1997477,4095,4095,4095,4095
1997492,4095,4095,4095,4095
1997506,4095,4095,4095,4095
1997520,4095,4095,4095,4095
1997535,4095,4095,4095,4095
1997549,4095,4095,4095,4095
1997564,4095,4095,4095,4095
1997578,4095,4095,4095,4095
1997591,4095,4095,4095,4095
1997605,4095,4095,4095,4095
1997618,4095,4095,4095,4095
1997632,4095,4095,4095,4095
1997647,4095,4095,4095,4095
1997661,4095,4095,4095,4095
1997675,4095,4095,4095,4095
1997690,4095,4095,4095,4095
1997704,4095,4095,4095,4095
1997719,4095,4095,4095,4095
1997733,4095,4095,4095,4095
1997747,4095,4095,4095,4095
1997762,4095,4095,4095,4095
1997776,4095,4095,4095,4095
1997790,4095,4095,4095,4095
1997805,4095,4095,4095,4095
1997819,4095,4095,4095,4095
1997834,4095,4095,4095,4095
1997848,4095,4095,4095,4095
1997861,4095,4095,4095,4095
1997875,4095,4095,4095,4095
1997888,4095,4095,4095,4095
1997902,4095,4095,4095,4095
1997917,4095,4095,4095,4095
1997931,4095,4095,4095,4095
1997945,4095,4095,4095,4095
1997960,4095,4095,4095,4095
1997974,4095,4095,4095,4095
1997989,4095,4095,4095,4095
1998003,4095,4095,4095,4095
1998017,4095,4095,4095,4095
1998032,4095,4095,4095,4095
1998046,4095,4095,4095,4095
1998060,4095,4095,4095,4095
1998076,4095,4095,4095,4095
1998090,4095,4095,4095,4095
1998105,4095,4095,4095,4095
1998119,4095,4095,4095,4095
1998133,4095,4095,4095,4095
1998147,4095,4095,4095,4095
1998160,4095,4095,4095,4095
1998174,4095,4095,4095,4095
1998187,4095,4095,4095,4095
1998201,4095,4095,4095,4095
1998215,4095,4095,4095,4095
1998230,4095,4095,4095,4095
1998244,4095,4095,4095,4095
1998259,4095,4095,4095,4095
1998273,4095,4095,4095,4095
1998287,4095,4095,4095,4095
1998302,4095,4095,4095,4095
1998316,4095,4095,4095,4095
1998330,4095,4095,4095,4095
1998346,4095,4095,4095,4095
1998360,4095,4095,4095,4095
1998375,4095,4095,4095,4095
1998389,4095,4095,4095,4095
1998404,4095,4095,4095,4095
1998418,4095,4095,4095,4095
1998431,4095,4095,4095,4095
1998445,4095,4095,4095,4095
1998458,4095,4095,4095,4095
1998472,4095,4095,4095,4095
1998487,4095,4095,4095,4095
1998501,4095,4095,4095,4095
1998516,4095,4095,4095,4095
1998530,4095,4095,4095,4095
1998544,4095,4095,4095,4095
1998559,4095,4095,4095,4095
1998573,4095,4095,4095,4095
1998587,4095,4095,4095,4095
1998602,4095,4095,4095,4095
1998616,4095,4095,4095,4095
1998630,4095,4095,4095,4095
1998645,4095,4095,4095,4095
1998659,4095,4095,4095,4095
1998674,4095,4095,4095,4095
1998688,4095,4095,4095,4095
1998701,4095,4095,4095,4095
1998715,4095,4095,4095,4095
1998728,4095,4095,4095,4095
1998742,4095,4095,4095,4095
1998757,4095,4095,4095,4095
1998771,4095,4095,4095,4095
1998786,4095,4095,4095,4095
1998800,4095,4095,4095,4095
1998814,4095,4095,4095,4095
1998829,4095,4095,4095,4095
1998843,4095,4095,4095,4095
1998857,4095,4095,4095,4095
1998872,4095,4095,4095,4095
1998886,4095,4095,4095,4095
1998901,4095,4095,4095,4095
1998915,4095,4095,4095,4095
1998929,4095,4095,4095,4095
1998944,4095,4095,4095,4095
1998958,4095,4095,4095,4095
1998971,4095,4095,4095,4095
1998985,4095,4095,4095,4095
1998998,4095,4095,4095,4095
1999012,4095,4095,4095,4095
1999027,4095,4095,4095,4095
1999041,4095,4095,4095,4095
1999056,4095,4095,4095,4095
1999070,4095,4095,4095,4095
1999084,4095,4095,4095,4095
1999099,4095,4095,4095,4095
1999113,4095,4095,4095,4095
1999127,4095,4095,4095,4095
1999142,4095,4095,4095,4095
1999156,4095,4095,4095,4095
1999171,4095,4095,4095,4095
1999186,4095,4095,4095,4095
1999200,4095,4095,4095,4095
1999215,4095,4095,4095,4095
1999229,4095,4095,4095,4095
1999243,4095,4095,4095,4095
1999257,4095,4095,4095,4095
1999270,4095,4095,4095,4095
1999284,4095,4095,4095,4095
1999297,4095,4095,4095,4095
1999311,4095,4095,4095,4095
1999326,4095,4095,4095,4095
1999340,4095,4095,4095,4095
1999354,4095,4095,4095,4095
1999369,4095,4095,4095,4095
1999383,4095,4095,4095,4095
1999397,4095,4095,4095,4095
1999412,4095,4095,4095,4095
1999426,4095,4095,4095,4095
1999441,4095,4095,4095,4095
1999455,4095,4095,4095,4095
1999469,4095,4095,4095,4095
1999484,4095,4095,4095,4095
1999498,4095,4095,4095,4095
1999511,4095,4095,4095,4095
1999525,4095,4095,4095,4095
1999538,4095,4095,4095,4095
1999553,4095,4095,4095,4095
1999567,4095,4095,4095,4095
1999581,4095,4095,4095,4095
1999596,4095,4095,4095,4095
1999610,4095,4095,4095,4095
1999624,4095,4095,4095,4095
1999639,4095,4095,4095,4095
1999653,4095,4095,4095,4095
1999668,4095,4095,4095,4095
1999682,4095,4095,4095,4095
1999696,4095,4095,4095,4095
1999711,4095,4095,4095,4095
1999725,4095,4095,4095,4095
1999739,4095,4095,4095,4095
1999754,4095,4095,4095,4095
1999768,4095,4095,4095,4095
1999781,4095,4095,4095,4095
1999795,4095,4095,4095,4095
1999808,4095,4095,4095,4095
1999823,4095,4095,4095,4095
1999837,4095,4095,4095,4095
1999851,4095,4095,4095,4095
1999866,4095,4095,4095,4095
1999880,4095,4095,4095,4095
1999894,4095,4095,4095,4095
1999909,4095,4095,4095,4095
1999923,4095,4095,4095,4095
1999938,4095,4095,4095,4095
1999952,4095,4095,4095,4095
1999966,4095,4095,4095,4095
1999981,4095,4095,4095,4095
1999996,4095,4095,4095,4095
2000011,4095,4095,4095,4095
2000025,4095,4095,4095,4095
2000039,4095,4095,4095,4095
2000054,4095,4095,4095,4095
2000068,4095,4095,4095,4095
2000081,4095,4095,4095,4095
2000095,4095,4095,4095,4095
2000108,4095,4095,4095,4095
2000123,4095,4095,4095,4095
2000137,4095,4095,4095,4095
2000151,4095,4095,4095,4095
2000166,4095,4095,4095,4095
2000180,4095,4095,4095,4095
2000194,4095,4095,4095,4095
2000209,4095,4095,4095,4095
2000223,4095,4095,4095,4095
2000238,4095,4095,4095,4095
2000252,4095,4095,4095,4095
2000266,4095,4095,4095,4095
2000281,4095,4095,4095,4095
2000295,4095,4095,4095,4095
2000309,4095,4095,4095,4095
2000324,4095,4095,4095,4095
2000338,4095,4095,4095,4095
2000351,4095,4095,4095,4095
2000366,4095,4095,4095,4095
2000379,4095,4095,4095,4095
2000393,4095,4095,4095,4095
2000407,4095,4095,4095,4095
2000421,4095,4095,4095,4095
2000436,4095,4095,4095,4095
2000450,4095,4095,4095,4095
2000464,4095,4095,4095,4095
2000479,4095,4095,4095,4095
2000493,4095,4095,4095,4095
2000508,4095,4095,4095,4095
2000522,4095,4095,4095,4095
2000536,4095,4095,4095,4095
2000551,4095,4095,4095,4095
2000565,4095,4095,4095,4095
2000579,4095,4095,4095,4095
2000594,4095,4095,4095,4095
2000608,4095,4095,4095,4095
2000621,4095,4095,4095,4095
2000636,4095,4095,4095,4095
2000649,4095,4095,4095,4095
2000663,4095,4095,4095,4095
2000677,4095,4095,4095,4095
2000691,4095,4095,4095,4095
2000706,4095,4095,4095,4095
2000720,4095,4095,4095,4095
2000734,4095,4095,4095,4095
2000749,4095,4095,4095,4095
2000763,4095,4095,4095,4095
2000778,4095,4095,4095,4095
2000792,4095,4095,4095,4095
2000806,4095,4095,4095,4095
2000821,4095,4095,4095,4095
2000835,4095,4095,4095,4095
2000849,4095,4095,4095,4095
2000864,4095,4095,4095,4095
2000878,4095,4095,4095,4095
2000891,4095,4095,4095,4095
2000906,4095,4095,4095,4095
2000919,4095,4095,4095,4095
2000933,4095,4095,4095,4095
2000947,4095,4095,4095,4095
2000961,4095,4095,4095,4095
2000976,4095,4095,4095,4095
2000990,4095,4095,4095,4095
2001004,4095,4095,4095,4095
2001019,4095,4095,4095,4095
2001033,4095,4095,4095,4095
2001048,4095,4095,4095,4095
2001062,4095,4095,4095,4095
2001076,4095,4095,4095,4095
2001091,4095,4095,4095,4095
2001106,4095,4095,4095,4095
2001120,4095,4095,4095,4095
2001134,4095,4095,4095,4095
2001149,4095,4095,4095,4095
2001162,4095,4095,4095,4095
2001176,4095,4095,4095,4095
2001189,4095,4095,4095,4095
2001203,4095,4095,4095,4095
2001216,4095,4095,4095,4095
2001231,4095,4095,4095,4095
2001245,4095,4095,4095,4095
2001260,4095,4095,4095,4095
2001274,4095,4095,4095,4095
2001288,4095,4095,4095,4095
2001303,4095,4095,4095,4095
2001317,4095,4095,4095,4095
2001331,4095,4095,4095,4095
2001346,4095,4095,4095,4095
2001360,4095,4095,4095,4095
2001375,4095,4095,4095,4095
2001389,4095,4095,4095,4095
2001404,4095,4095,4095,4095
2001418,4095,4095,4095,4095
2001432,4095,4095,4095,4095
2001446,4095,4095,4095,4095
2001459,4095,4095,4095,4095
2001473,4095,4095,4095,4095
2001486,4095,4095,4095,4095
2001502,4095,4095,4095,4095
2001516,4095,4095,4095,4095
2001531,4095,4095,4095,4095
2001545,4095,4095,4095,4095
2001560,4095,4095,4095,4095
2001574,4095,4095,4095,4095
2001588,4095,4095,4095,4095
2001603,4095,4095,4095,4095
2001617,4095,4095,4095,4095
2001631,4095,4095,4095,4095
2001646,4095,4095,4095,4095
2001660,4095,4095,4095,4095
2001675,4095,4095,4095,4095
2001689,4095,4095,4095,4095
2001703,4095,4095,4095,4095
2001718,4095,4095,4095,4095
2001730,4095,4095,4095,4095
2001745,4095,4095,4095,4095
2001757,4095,4095,4095,4095
2001772,4095,4095,4095,4095
2001786,4095,4095,4095,4095
2001801,4095,4095,4095,4095
2001815,4095,4095,4095,4095
2001830,4095,4095,4095,4095
2001844,4095,4095,4095,4095
2001858,4095,4095,4095,4095
2001873,4095,4095,4095,4095
2001887,4095,4095,4095,4095
2001901,4095,4095,4095,4095
2001916,4095,4095,4095,4095
2001930,4095,4095,4095,4095
2001945,4095,4095,4095,4095
2001959,4095,4095,4095,4095
2001973,4095,4095,4095,4095
2001988,4095,4095,4095,4095
2002000,4095,4095,4095,4095
2002015,4095,4095,4095,4095
2002028,4095,4095,4095,4095
2002042,4095,4095,4095,4095
2002056,4095,4095,4095,4095
2002071,4095,4095,4095,4095
2002085,4095,4095,4095,4095
2002100,3989,4095,4095,4095
2002114,3579,4095,4095,4095
2002128,3338,4095,4095,4095
2002143,3100,4095,4095,4095
2002157,2941,4095,4095,4095
2002171,2833,4095,4095,4095
2002186,2753,4095,4095,4095
2002200,2677,4095,4095,4095
2002215,2630,4095,4095,4095
2002230,2581,4095,4095,4095
2002244,2529,4095,4095,4095
2002258,2491,4095,4095,4095
2002272,2475,4095,4095,4095
2002286,2444,4095,4095,4095
2002299,2448,4095,4095,4095
2002313,2468,4095,4095,4095
2002326,2473,4095,4095,4095
2002341,2498,4095,4095,4095
2002355,2519,4095,4095,4095
2002370,2559,4095,4095,4095
2002384,2590,4095,4095,4095
2002398,2596,4095,4095,4095
2002413,2599,4095,4095,4095
2002427,2597,4095,4095,4095
2002441,2604,4095,4095,4095
2002456,2608,4095,4095,4095
2002470,2595,4095,4095,4095
2002485,2607,4095,4095,4095
2002500,2597,4095,4095,4095
2002514,2594,4095,4095,4095
2002528,2559,4095,4095,4095
2002542,2579,4095,4095,4095
2002556,2551,4095,4095,4095
2002569,2559,4095,4095,4095
2002583,2550,4095,4095,4095
2002597,2541,4095,4095,4095
2002611,2513,4095,4095,4095
2002625,2494,4095,4095,4095
2002640,2462,4095,4095,4095
2002654,2448,4095,4095,4095
2002668,2437,4095,4095,4095
2002683,2428,4095,4095,4095
2002697,2415,4095,4095,4095
2002711,2411,4095,4095,4095
2002726,2386,4095,4095,4095
2002740,2367,4095,4095,4095
2002755,2368,4095,4095,4095
2002770,2347,4095,4095,4095
2002784,2345,4095,4095,4095
2002798,2330,4095,4095,4095
2002812,2329,4095,4095,4095
2002826,2327,4095,4095,4095
2002839,2330,4095,4095,4095
2002853,2325,4095,4095,4095
2002867,2320,4095,4095,4095
2002881,2315,4095,4095,4095
2002895,2309,4095,4095,4095
2002910,2310,4095,4095,4095
2002924,2320,4095,4095,4095
2002938,2321,4095,4095,4095
2002953,2321,4095,4095,4095
2002967,2320,4095,4095,4095
2002981,2325,4095,4095,4095
2002996,2320,4095,4095,4095
2003011,2331,4095,4095,4095
2003026,2339,4095,4095,4095
2003040,2353,4095,4095,4095
2003055,2349,4095,4095,4095
2003070,2352,4095,4095,4095
2003085,2368,4095,4095,4095
2003099,2362,4095,4095,4095
2003113,2371,4095,4095,4095
2003128,2370,4095,4095,4095
2003141,2379,4095,4095,4095
2003155,2384,4095,4095,4095
2003168,2386,4095,4095,4095
2003182,2391,4095,4095,4095
2003196,2398,4095,4095,4095
2003211,2430,4095,4095,4095
2003225,2448,4095,4095,4095
2003240,2453,4095,4095,4095
2003254,2467,4095,4095,4095
2003268,2475,4095,4095,4095
2003283,2491,4095,4095,4095
2003297,2507,4095,4095,4095
2003311,2512,4095,4095,4095
2003326,2523,4095,4095,4095
2003340,2525,4095,4095,4095
2003355,2529,4095,4095,4095
2003370,2516,4095,4095,4095
2003384,2525,4095,4095,4095
2003398,2517,4095,4095,4095
2003412,2531,4095,4095,4095
2003426,2519,4095,4095,4095
2003439,2526,4095,4095,4095
2003453,2527,4095,4095,4095
2003467,2527,4095,4095,4095
2003481,2526,4095,4095,4095
2003495,2529,4095,4095,4095
2003510,2519,4095,4095,4095
2003524,2525,4095,4095,4095
2003538,2522,4095,4095,4095
2003553,2527,4095,4095,4095
2003567,2519,4095,4095,4095
2003581,2517,4095,4095,4095
2003596,2519,4095,4095,4095
2003610,2499,4095,4095,4095
2003625,2517,4095,4095,4095
2003640,2512,4095,4095,4095
2003654,2512,4095,4095,4095
2003668,2509,4095,4095,4095
2003682,2517,4095,4095,4095
2003696,2500,4095,4095,4095
2003709,2516,4095,4095,4095
2003723,2511,4095,4095,4095
2003737,2512,4095,4095,4095
2003751,2511,4095,4095,4095
2003765,2514,4095,4095,4095
2003780,2515,4095,4095,4095
2003794,2519,4095,4095,4095
2003808,2513,4095,4095,4095
2003823,2516,4095,4095,4095
2003837,2513,4095,4095,4095
2003852,2525,4095,4095,4095
2003866,2519,4095,4095,4095
2003880,2512,4095,4095,4095
2003895,2519,4095,4095,4095
2003909,2512,4095,4095,4095
2003923,2522,4095,4095,4095
2003938,2514,4095,4095,4095
2003951,2526,4095,4095,4095
2003965,2525,4095,4095,4095
2003978,2532,4095,4095,4095
2003992,2533,4095,4095,4095
2004007,2540,4095,4095,4095
2004021,2543,4095,4095,4095
2004035,2545,4095,4095,4095
2004050,2544,4095,4095,4095
2004064,2547,4095,4095,4095
2004079,2551,4095,4095,4095
2004093,2558,4095,4095,4095
2004107,2599,4095,4095,4095
2004122,2612,4095,4095,4095
2004136,2624,4095,4095,4095
2004150,2653,4095,4095,4095
2004165,2730,4095,4095,4095
2004179,2894,4095,4095,4095
2004193,3283,4095,4095,4095
2004208,3734,4095,4095,4095
2004221,4095,4095,4095,4095
2004235,4095,4095,4095,4095
2004248,4095,4095,4095,4095
2004262,4095,4095,4095,4095
2004277,4095,4095,4095,4095
2004291,4095,4095,4095,4095
2004305,4095,4095,4095,4095
2004320,4095,4095,4095,4095
2004334,4095,4095,4095,4095
2004348,4095,4095,4095,4095
2004363,4095,4095,4095,4095
2004377,4095,4095,4095,4095
2004392,4095,4095,4095,4095
2004406,4095,4095,4095,4095
2004420,4095,4095,4095,4095
2004435,4095,4095,4095,4095
2004449,4095,4095,4095,4095
2004463,4095,4095,4095,4095
2004477,4095,4095,4095,4095
2004490,4095,4095,4095,4095
2004504,4095,4095,4095,4095
2004518,4095,4095,4095,4095
2004532,4095,4095,4095,4095
2004547,4095,4095,4095,4095
2004561,4095,4095,4095,4095
2004575,4095,4095,4095,4095
2004590,4095,4095,4095,4095
2004604,4095,4095,4095,4095
2004619,4095,4095,4095,4095
2004633,4095,4095,4095,4095
2004647,4095,4095,4095,4095
2004662,4095,4095,4095,4095
2004676,4095,4095,4095,4095
2004690,4095,4095,4095,4095
2004705,4095,4095,4095,4095
2004719,4095,4095,4095,4095
2004734,4095,4095,4095,4095
2004748,4095,4095,4095,4095
2004761,4095,4095,4095,4095
2004775,4095,4095,4095,4095
2004788,4095,4095,4095,4095
2004802,4095,4095,4095,4095
2004817,4095,4095,4095,4095
2004831,4095,4095,4095,4095
2004845,4095,4095,4095,4095
2004860,4095,4095,4095,4095
2004874,4095,4095,4095,4095
2004889,4095,4095,4095,4095
2004903,4095,4095,4095,4095
2004917,4095,4095,4095,4095
2004932,4095,4095,4095,4095
2004946,4095,4095,4095,4095
2004960,4095,4095,4095,4095
2004975,4095,4095,4095,4095
2004990,4095,4095,4095,4095
2005005,4095,4095,4095,4095
2005019,4095,4095,4095,4095
2005034,4095,4095,4095,4095
2005048,4095,4095,4095,4095
2005061,4095,4095,4095,4095
2005075,4095,4095,4095,4095
2005088,4095,4095,4095,4095
2005102,4095,4095,4095,4095
2005117,4095,4095,4095,4095
2005131,4095,4095,4095,4095
2005145,4095,4095,4095,4095
2005160,4095,4095,4095,4095
2005174,4095,4095,4095,4095
2005189,4095,4095,4095,4095
2005203,4095,4095,4095,4095
2005217,4095,4095,4095,4095
2005232,4095,4095,4095,4095
2005246,4095,4095,4095,4095
2005260,4095,4095,4095,4095
2005275,4095,4095,4095,4095
2005289,4095,4095,4095,4095
2005304,4095,4095,4095,4095
2005318,4095,4095,4095,4095
2005331,4095,4095,4095,4095
2005345,4095,4095,4095,4095
2005358,4095,4095,4095,4095
2005372,4095,4095,4095,4095
2005387,4095,4095,4095,4095
2005401,4095,4095,4095,4095
2005415,4095,4095,4095,4095
2005430,4095,4095,4095,4095
2005444,4095,4095,4095,4095
2005459,4095,4095,4095,4095
2005473,4095,4095,4095,4095
2005487,4095,4095,4095,4095
2005502,4095,4095,4095,4095
2005516,4095,4095,4095,4095
2005530,4095,4095,4095,4095
2005545,4095,4095,4095,4095
2005560,4095,4095,4095,4095
2005574,4095,4095,4095,4095
2005589,4095,4095,4095,4095
2005602,4095,4095,4095,4095
2005616,4095,4095,4095,4095
2005629,4095,4095,4095,4095
2005644,4095,4095,4095,4095
2005657,4095,4095,3914,4095
2005671,4095,4095,3751,4095
2005685,4095,4095,3472,4095
2005700,4095,4095,3282,4095
2005714,4095,4095,3121,4095
2005729,4095,4095,2997,4095
2005743,4095,4095,2955,4095
2005757,4095,4095,2919,4095
2005772,4095,4095,2896,4095
2005786,4095,4095,2811,4095
2005800,4095,4095,2763,4095
2005815,4095,4095,2718,4095
2005829,4095,4095,2666,4095
2005844,4095,4095,2644,4095
2005858,4095,4095,2621,4095
2005871,4095,4095,2607,4095
2005885,4095,4095,2582,4095
2005898,4095,4095,2559,4095
2005912,4095,4095,2516,4095
2005927,4095,4095,2493,4095
2005941,4095,4095,2475,4095
2005955,4095,4095,2465,4095
2005970,4095,4095,2439,4095
2005984,4095,4095,2426,4095
2005999,4095,4095,2419,4095
2006013,4095,4095,2416,4095
2006029,4095,4095,2415,4095
2006043,4095,4095,2416,4095
2006057,4095,4095,2416,4095
2006072,4095,4095,2407,4095
2006086,4095,4095,2425,4095
2006100,4095,4095,2433,4095
2006115,4095,4095,2447,4095
2006129,4095,4095,2445,4095
2006144,4095,4095,2480,4095
2006158,4095,4095,2493,4095
2006171,4095,4095,2510,4095
2006185,4095,4095,2526,4095
2006198,4095,4095,2545,4095
2006212,4095,4095,2558,4095
2006227,4095,4095,2559,4095
2006241,4095,4095,2559,4095
2006255,4095,4095,2601,4095
2006270,4095,4095,2639,4095
2006284,4095,4095,4095,4095
2006299,4095,4095,4095,4095
2006313,4095,4095,4095,4095
2006327,4095,4095,4095,4095
2006342,4095,4095,2689,4095
2006356,4095,4095,2691,4095
2006370,4095,4095,2702,4095
2006385,4095,4095,2736,4095
2006399,4095,4095,2750,4095
2006414,4095,4095,2768,4095
2006428,4095,4095,2792,4095
2006441,4095,4095,2864,4095
2006455,4095,4095,2864,4095
2006468,4095,4095,4095,4095
2006482,4095,4095,4095,4095
2006496,4095,4095,2814,4095
2006511,4095,4095,2850,4095
2006525,4095,4095,2992,4095
2006539,4095,4095,2873,4095
2006554,4095,4095,2942,4095
2006568,4095,4095,3115,4095
2006582,4095,4095,3084,4095
2006597,4095,4095,3122,4095
2006611,4095,4095,3179,4095
2006626,4095,4095,3184,4095
2006640,4095,4095,3174,4095
2006654,4095,4095,3183,4095
2006669,4095,4095,4095,4095
2006682,4095,4095,3174,4095
2006696,4095,4095,3162,4095
2006709,4095,4095,3183,4095
2006724,4095,4095,3184,4095
2006737,4095,4095,3183,4095
2006751,4095,4095,3175,4095
2006766,4095,4095,3173,4095
2006780,4095,4095,3170,4095
2006794,4095,4095,3175,4095
2006809,4095,4095,3169,4095
2006823,4095,4095,3174,4095
2006837,4095,4095,3184,4095
2006852,4095,4095,3216,4095
2006866,4095,4095,3242,4095
2006881,4095,4095,3263,4095
2006895,4095,4095,3279,4095
2006909,4095,4095,3280,4095
2006924,4095,4095,3311,4095
2006938,4095,4095,3325,4095
2006951,4095,4095,3376,4095
2006965,4095,4095,3447,4095
2006978,4095,4095,3546,4095
2006992,4095,4095,3728,4095
2007007,4095,4095,3827,4095
2007021,4095,4095,3877,4095
2007036,4095,4095,3935,4095
2007050,4095,4095,4027,4095
2007064,4095,4095,4095,4095
2007079,4095,4095,4095,4095
2007093,4095,4095,4095,4095
2007107,4095,4095,4095,4095
2007122,4095,4095,4095,4095
2007136,4095,4095,4095,4095
2007151,4095,4095,4095,4095
2007165,4095,4095,4095,4095
2007179,4095,4095,4095,4095
2007194,4095,4095,4095,4095
2007208,4095,4095,4095,4095
2007221,4095,4095,4095,4095
2007235,4095,4095,4095,4095
2007248,4095,4095,4095,4095
2007262,4095,4095,4095,4095
2007277,4095,4095,4095,4095
2007291,4095,4095,4095,4095
2007306,4095,4095,4095,4095
2007320,4095,4095,4095,4095
2007334,4095,4095,4095,4095
2007349,4095,4095,4095,4095
2007363,4095,4095,4095,4095
2007378,4095,4095,4095,4095
2007392,4095,4095,4095,4095
2007406,4095,4095,4095,4095
2007421,4095,4095,4095,4095
2007435,4095,4095,4095,4095
2007449,4095,4095,4095,4095
2007464,4095,4095,4095,4095
2007478,4095,4095,4095,4095
2007492,4095,4095,4095,4095
2007507,4095,4095,4095,4095
2007520,4095,4095,4095,4095
2007535,4095,4095,4095,4095
2007548,4095,4095,4095,4095
2007563,4095,4095,4095,4095
2007577,4095,4095,4095,4095
2007591,4095,4095,4095,4095
2007606,4095,4095,4095,4095
2007620,4095,4095,4095,4095
2007634,4095,4095,4095,4095
2007649,4095,4095,4095,4095
2007663,4095,4095,4095,4095
2007678,4095,4095,4095,4095
2007692,4095,4095,4095,4095
2007706,4095,4095,4095,4095
2007721,4095,4095,4095,4095
2007735,4095,4095,4095,4095
2007749,4095,4095,4095,4095
2007763,4095,4095,4095,4095
2007778,4095,4095,4095,4095
2007790,4095,4095,4095,4095
2007805,4095,4095,4095,4095
2007818,4095,4095,4095,4095
2007833,4095,4095,4095,4095
2007847,4095,4095,4095,4095
2007861,4095,4095,4095,4095
2007876,4095,4095,4095,4095
2007890,4095,4095,4095,4095
2007904,4095,4095,4095,4095
2007919,4095,4095,4095,4095
2007933,4095,4095,4095,4095
2007947,4095,4095,4095,4095
2007962,4095,4095,4095,4095
2007976,4095,4095,4095,4095
2007991,4095,4095,4095,4095
2008005,4095,4095,4095,4095
2008019,4095,4095,4095,4095
2008034,4095,4095,4095,4095
2008048,4095,4095,4095,4095
2008061,4095,4095,4095,4095
2008075,4095,4095,4095,4095
2008088,4095,4095,4095,4095
2008103,4095,4095,4095,4095
2008117,4095,4095,4095,4095
2008131,4095,4095,4095,4095
2008146,4095,4095,4095,4095
2008160,4095,4095,4095,4095
2008174,4095,4095,4095,4095
2008189,4095,4095,4095,4095
2008203,4095,4095,4095,4095
2008218,4095,4095,4095,4095
2008232,4095,4095,4095,4095
2008246,4095,4095,4095,4095
2008261,4095,4095,4095,4095
2008275,4095,4091,4095,4095
2008289,4095,3871,4095,4095
2008303,4095,3690,4095,4095
2008318,4095,3425,4095,4095
2008330,4095,3273,4095,4095
2008345,4095,3183,4095,4095
2008358,4095,3106,4095,4095
2008373,4095,3008,4095,4095
2008387,4095,2922,4095,4095
2008401,4095,2838,4095,4095
2008416,4095,2757,4095,4095
2008430,4095,2662,4095,4095
2008444,4095,2591,4095,4095
2008459,4095,2502,4095,4095
2008473,4095,2448,4095,4095
2008488,4095,2387,4095,4095
2008502,4095,2363,4095,4095
2008516,4095,2338,4095,4095
2008531,4095,2304,4095,4095
2008545,4095,2284,4095,4095
2008559,4095,2260,4095,4095
2008574,4095,2263,4095,4095
2008588,4095,2275,4095,4095
2008601,4095,2288,4095,4095
2008615,4095,2293,4095,4095
2008628,4095,2294,4095,4095
2008643,4095,2307,4095,4095
2008657,4095,2334,4095,4095
2008671,4095,2338,4095,4095
2008686,4095,2350,4095,4095
2008700,4095,2352,4095,4095
2008714,4095,2350,4095,4095
2008729,4095,2353,4095,4095
2008743,4095,2362,4095,4095
2008758,4095,2361,4095,4095
2008772,4095,2351,4095,4095
2008786,4095,2348,4095,4095
2008801,4095,2320,4095,4095
2008815,4095,2319,4095,4095
2008829,4095,2288,4095,4095
2008844,4095,2259,4095,4095
2008858,4095,2234,4095,4095
2008871,4095,2230,4095,4095
2008885,4095,2215,4095,4095
2008898,4095,2199,4095,4095
2008913,4095,2182,4095,4095
2008927,4095,2171,4095,4095
2008941,4095,2162,4095,4095
2008956,4095,2166,4095,4095
2008970,4095,2164,4095,4095
2008984,4095,2169,4095,4095
2008999,4095,2160,4095,4095
2009013,4095,2150,4095,4095
2009028,4095,2145,4095,4095
2009043,4095,2138,4095,4095
2009058,4095,2128,4095,4095
2009072,4095,2127,4095,4095
2009086,4095,2125,4095,4095
2009101,4095,2121,4095,4095
2009115,4095,2134,4095,4095
2009129,4095,2123,4095,4095
2009144,4095,2134,4095,4095
2009158,4095,2133,4095,4095
2009171,4095,2144,4095,4095
2009185,4095,2133,4095,4095
2009198,4095,2133,4095,4095
2009213,4095,2144,4095,4095
2009227,4095,2160,4095,4095
2009241,4095,2170,4095,4095
2009256,4095,2179,4095,4095
2009270,4095,2182,4095,4095
2009284,4095,2191,4095,4095
2009299,4095,2201,4095,4095
2009313,4095,2203,4095,4095
2009328,4095,2195,4095,4095
2009342,4095,2194,4095,4095
2009356,4095,2193,4095,4095
2009371,4095,2191,4095,4095
2009385,4095,2197,4095,4095
2009399,4095,2192,4095,4095
2009414,4095,2205,4095,4095
2009428,4095,2207,4095,4095
2009441,4095,2223,4095,4095
2009455,4095,2235,4095,4095
2009468,4095,2245,4095,4095
2009483,4095,2247,4095,4095
2009497,4095,2240,4095,4095
2009511,4095,2238,4095,4095
2009526,4095,2231,4095,4095
2009540,4095,2225,4095,4095
2009554,4095,2224,4095,4095
2009569,4095,2220,4095,4095
2009583,4095,2213,4095,4095
2009598,4095,2215,4095,4095
2009612,4095,2213,4095,4095
2009626,4095,2209,4095,4095
2009641,4095,2197,4095,4095
2009655,4095,2206,4095,4095
2009669,4095,2197,4095,4095
2009684,4095,2207,4095,4095
2009698,4095,2192,4095,4095
2009711,4095,2199,4095,4095
2009725,4095,2198,4095,4095
2009738,4095,2204,4095,4095
2009753,4095,2214,4095,4095
2009767,4095,2227,4095,4095
2009781,4095,2237,4095,4095
2009796,4095,2251,4095,4095
2009810,4095,2265,4095,4095
2009824,4095,2287,4095,4095
2009839,4095,2321,4095,4095
2009853,4095,2383,4095,4095
2009868,4095,2398,4095,4095
2009882,4095,2421,4095,4095
2009896,4095,2438,4095,4095
2009911,4095,2450,4095,4095
2009925,4095,2481,4095,4095
2009939,4095,2493,4095,4095
2009954,4095,2498,4095,4095
2009968,4095,2480,4095,4095
2009981,4095,2496,4095,4095
2009995,4095,2515,4095,4095
2010008,4095,2512,4095,4095
2010023,4095,2533,4095,4095
2010037,4095,2551,4095,4095
2010051,4095,2559,4095,4095
2010066,4095,2608,4095,4095
2010080,4095,2623,4095,4095
2010094,4095,2649,4095,4095
2010109,4095,2673,4095,4095
2010123,4095,2689,4095,4095
2010138,4095,2733,4095,4095
2010152,4095,2750,4095,4095
2010166,4095,2786,4095,4095
2010181,4095,2830,4095,4095
2010195,4095,2918,4095,4095
2010210,4095,2997,4095,4095
2010224,4095,3115,4095,4095
2010238,4095,3200,4095,4095
2010251,4095,3355,4095,4095
2010265,4095,3611,4095,4095
2010278,4095,3950,4095,4095
2010293,4095,4095,4095,4095
2010307,4095,4095,4095,4095
2010321,4095,4095,4095,4095
2010336,4095,4095,4095,4095
2010350,4095,4095,4095,4095
2010365,4095,4095,4095,4095
2010379,4095,4095,4095,4095
2010393,4095,4095,4095,4095
2010408,4095,4095,4095,4095
2010422,4095,4095,4095,4095
2010436,4095,4095,4095,4095
2010451,4095,4095,4095,4095
2010465,4095,4095,4095,4095
2010480,4095,4095,4095,4095
2010494,4095,4095,4095,4095
2010508,4095,4095,4095,4095
2010521,4095,4095,4095,4095
2010535,4095,4095,4095,4095
2010549,4095,4095,4095,4095
2010563,4095,4095,4095,4095
2010577,4095,4095,4095,4095
2010592,4095,4095,4095,4095
2010606,4095,4095,4095,4095
2010620,4095,4095,4095,4095
2010635,4095,4095,4095,4095
2010649,4095,4095,4095,4095
2010663,4095,4095,4095,4095
2010678,4095,4095,4095,4095
2010692,4095,4095,4095,4095
2010707,4095,4095,4095,4095
2010721,4095,4095,4095,4095
2010735,4095,4095,4095,4095
2010750,4095,4095,4095,4095
2010762,4095,4095,4095,4095
2010777,4095,4095,4095,4095
2010789,4095,4095,4095,4095
2010804,4095,4095,4095,4095
2010817,4095,4095,4095,4095
2010832,4095,4095,4095,4095
2010846,4095,4095,4095,4095
2010860,4095,4095,4095,4095
2010875,4095,4095,4095,4095
2010889,4095,4095,4095,4095
2010903,4095,4095,4095,4095
2010918,4095,4095,4095,4095
2010932,4095,4095,4095,4095
2010947,4095,4095,4095,4095
2010961,4095,4095,4095,4095
2010975,4095,4095,4095,4095
2010990,4095,4095,4095,4095
2011004,4095,4095,4095,4095
2011018,4095,4095,4095,4095
2011031,4095,4095,4095,4095
2011045,4095,4095,4095,4095
2011058,4095,4095,4095,4095
2011073,4095,4095,4095,4095
2011087,4095,4095,4095,4095
2011102,4095,4095,4095,4095
2011116,4095,4095,4095,4095
2011130,4095,4095,4095,4095
2011145,4095,4095,4095,4095
2011159,4095,4095,4095,4095
2011173,4095,4095,4095,4095
2011188,4095,4095,4095,4095
2011202,4095,4095,4095,4095
2011217,4095,4095,4095,4095
2011231,4095,4095,4095,4095
2011245,4095,4095,4095,4095
2011260,4095,4095,4095,4095
2011273,4095,4095,4095,4095
2011287,4095,4095,4095,4095
2011300,4095,4095,4095,4095
2011314,4095,4095,4095,4095
2011327,4095,4095,4095,4095
2011342,4095,4095,4095,4095
2011356,4095,4095,4095,4095
2011370,4095,4095,4095,4095
2011385,4095,4095,4095,4095
2011399,4095,4095,4095,4095
2011413,4095,4095,4095,4095
2011428,4095,4095,4095,4095
2011442,4095,4095,4095,4095
2011457,4095,4095,4095,4095
2011471,4095,4095,4095,4095
2011485,4095,4095,4095,4095
2011500,4095,4095,4095,4095
2011514,4095,4095,4095,4095
2011528,4095,4095,4095,4095
2011541,4095,4095,4095,4095
2011555,4095,4095,4095,4095
2011568,4095,4095,4095,4095
2011583,4095,4095,4095,4095
2011597,4095,4095,4095,4095
2011612,4095,4095,4095,4095
2011626,4095,4095,4095,4095
2011640,4095,4095,4095,4095
2011655,4095,4095,4095,4095
2011669,4095,4095,4095,4095
2011683,4095,4095,4095,4095
2011698,4095,4095,4095,4095
2011712,4095,4095,4095,4095
2011727,4095,4095,4095,4095
2011741,4095,4095,4095,4095
2011755,4095,4095,4095,4095
2011770,4095,4095,4095,4095
2011783,4095,4095,4095,4095
2011797,4095,4095,4095,4095
2011810,4095,4095,4095,4095
2011825,4095,4095,4095,4095
2011838,4095,4095,4095,4095
2011852,4095,4095,4095,4095
2011867,4095,4095,4095,4095
2011881,4095,4095,4095,4095
2011895,4095,4095,4095,4095
2011910,4095,4095,4095,4095
2011924,4095,4095,4095,4095
2011938,4095,4095,4095,4095
2011953,4095,4095,4095,4095
2011967,4095,4095,4095,4095
2011982,4095,4095,4095,4095
2011996,4095,4095,4095,4095
2012010,4095,4095,4095,4095
2012025,4095,4095,4095,4095
2012039,4095,4095,4095,4095
2012055,4095,4095,4095,4095
2012069,4095,4095,4095,4095
2012083,4095,4095,4095,4045
2012098,4095,4095,4095,4002
2012111,4095,4095,4095,3999
2012125,4095,4095,4095,4002
2012138,4095,4095,4095,4021
2012152,4095,4095,4095,4021
2012167,4095,4095,4095,4074
2012181,4095,4095,4095,3969
2012195,4095,4095,4095,3900
2012210,4095,4095,4095,3827
2012224,4095,4095,4095,3796
2012239,4095,4095,4095,3743
2012253,4095,4095,4095,3728
2012267,4095,4095,4095,3831
2012282,4095,4095,4095,4095
2012296,4095,4095,4095,3794
2012310,4095,4095,4095,3792
2012325,4095,4095,4095,3812
2012339,4095,4095,4095,4095
2012354,4095,4095,4095,4095
2012368,4095,4095,4095,3760
2012381,4095,4095,4095,4095
2012395,4095,4095,4095,3632
2012408,4095,4095,4095,3599
2012422,4095,4095,4095,3583
2012437,4095,4095,4095,3546
2012451,4095,4095,4095,3490
2012465,4095,4095,4095,3381
2012480,4095,4095,4095,3337
2012494,4095,4095,4095,3270
2012509,4095,4095,4095,3200
2012523,4095,4095,4095,3117
2012537,4095,4095,4095,3024
2012552,4095,4095,4095,2928
2012566,4095,4095,4095,2873
2012580,4095,4095,4095,2790
2012595,4095,4095,4095,2733
2012609,4095,4095,4095,2649
2012624,4095,4095,4095,2590
2012638,4095,4095,4095,2530
2012651,4095,4095,4095,2491
2012665,4095,4095,4095,2436
2012678,4095,4095,4095,2373
2012692,4095,4095,4095,2352
2012707,4095,4095,4095,2323
2012721,4095,4095,4095,2305
2012735,4095,4095,4095,2276
2012750,4095,4095,4095,2266
2012764,4095,4095,4095,2257
2012779,4095,4095,4095,2256
2012793,4095,4095,4095,2246
2012807,4095,4095,4095,2247
2012822,4095,4095,4095,2256
2012836,4095,4095,4095,2274
2012850,4095,4095,4095,2287
2012865,4095,4095,4095,2298
2012879,4095,4095,4095,2295
2012894,4095,4095,4095,2305
2012908,4095,4095,4095,2307
2012921,4095,4095,4095,2327
2012935,4095,4095,4095,2341
2012948,4095,4095,4095,2368
2012962,4095,4095,4095,2395
2012976,4095,4095,4095,2416
2012990,4095,4095,4095,2425
2013005,4095,4095,4095,2427
2013019,4095,4095,4095,2418
2013033,4095,4095,4095,2411
2013048,4095,4095,4095,2398
2013062,4095,4095,4095,2395
2013077,4095,4095,4095,2384
2013091,4095,4095,4095,2383
2013105,4095,4095,4095,2383
2013120,4095,4095,4095,2368
2013134,4095,4095,4095,2368
2013148,4095,4095,4095,2366
2013162,4095,4095,4095,2374
2013176,4095,4095,4095,2369
2013189,4095,4095,4095,2373
2013204,4095,4095,4095,2365
2013217,4095,4095,4095,2367
2013232,4095,4095,4095,2358
2013246,4095,4095,4095,2359
2013260,4095,4095,4095,2357
2013275,4095,4095,4095,4095
2013289,4095,4095,4095,2391
2013303,4095,4095,4095,2359
2013318,4095,4095,4095,2358
2013332,4095,4095,4095,2363
2013347,4095,4095,4095,2374
2013361,4095,4095,4095,2384
2013375,4095,4095,4095,2385
2013390,4095,4095,4095,2397
2013404,4095,4095,4095,2399
2013419,4095,4095,4095,2383
2013432,4095,4095,4095,2387
2013446,4095,4095,4095,2385
2013459,4095,4095,4095,4095
2013474,4095,4095,4095,2555
2013487,4095,4095,4095,2413
2013502,4095,4095,4095,2398
2013516,4095,4095,4095,2376
2013531,4095,4095,4095,2367
2013545,4095,4095,4095,2358
2013560,4095,4095,4095,2365
2013575,4095,4095,4095,2368
2013589,4095,4095,4095,2359
2013604,4095,4095,4095,2359
2013618,4095,4095,4095,4095
2013632,4095,4095,4095,2395
2013647,4095,4095,4095,2369
2013661,4095,4095,4095,2371
2013675,4095,4095,4095,2364
2013690,4095,4095,4095,2363
2013704,4095,4095,4095,2365
2013719,4095,4095,4095,2358
2013732,4095,4095,4095,2365
2013746,4095,4095,4095,2371
2013759,4095,4095,4095,2373
2013774,4095,4095,4095,2385
2013787,4095,4095,4095,4095
2013801,4095,4095,4095,4095
2013815,4095,4095,4095,4095
2013830,4095,4095,4095,4095
2013844,4095,4095,4095,4095
2013859,4095,4095,4095,4095
2013873,4095,4095,4095,2689
2013887,4095,4095,4095,2765
2013902,4095,4095,4095,2815
2013916,4095,4095,4095,2845
2013930,4095,4095,4095,2854
2013945,4095,4095,4095,2911
2013959,4095,4095,4095,2944
2013974,4095,4095,4095,2989
2013988,4095,4095,4095,3045
2014001,4095,4095,4095,3103
2014015,4095,4095,4095,3126
2014028,4095,4095,4095,3216
2014042,4095,4095,4095,3363
2014057,4095,4095,4095,3568
2014071,4095,4095,4095,3823
2014085,4095,4095,4095,3899
2014100,4095,4095,4095,4046
2014114,4095,4095,4095,4095
2014129,4095,4095,4095,4095
2014143,4095,4095,4095,4095
2014157,4095,4095,4095,4095
2014172,4095,4095,4095,4095
2014186,4095,4095,4095,4095
2014200,4095,4095,4095,4095
2014215,4095,4095,4095,4095
2014229,4095,4095,4095,4095
2014244,4095,4095,4095,4095
2014258,4095,4095,4095,4095
2014271,4095,4095,4095,4095
2014285,4095,4095,4095,4095
2014298,4095,4095,4095,4095
2014312,4095,4095,4095,4095
2014327,4095,4095,4095,4095
2014341,4095,4095,4095,4095
2014355,4095,4095,4095,4095
2014370,4095,4095,4095,4095
2014384,4095,4095,4095,4095
2014399,4095,4095,4095,4095
2014413,4095,4095,4095,4095
2014427,4095,4095,4095,4095
2014442,4095,4095,4095,4095
2014456,4095,4095,4095,4095
2014470,4095,4095,4095,4095
2014485,4095,4095,4095,4095
2014499,4095,4095,4095,4095
2014514,4095,4095,4095,4095
2014528,4095,4095,4095,4095
2014541,4095,4095,4095,4095
2014555,4095,4095,4095,4095
2014568,4095,4095,4095,4095
2014582,4095,4095,4095,4095
2014597,4095,4095,4095,4095
2014611,4095,4095,4095,4095
2014625,4095,4095,4095,4095
2014640,4095,4095,4095,4095
2014654,4095,4095,4095,4095
2014669,4095,4095,4095,4095
2014683,4095,4095,4095,4095
2014697,4095,4095,4095,4095
2014712,4095,4095,4095,4095
2014726,4095,4095,4095,4095
2014740,4095,4095,4095,4095
2014755,4095,4095,4095,4095
2014769,4095,4095,4095,4095
2014784,4095,4095,4095,4095
2014798,4095,4095,4095,4095
2014811,4095,4095,4095,4095
2014825,4095,4095,4095,4095
2014838,4095,4095,4095,4095
2014852,4095,4095,4095,4095
2014867,4095,4095,4095,4095
2014881,4095,4095,4095,4095
2014896,4095,4095,4095,4095
2014910,4095,4095,4095,4095
2014924,4095,4095,4095,4095
2014939,4095,4095,4095,4095
2014953,4095,4095,4095,4095
2014967,4095,4095,4095,4095
2014982,4095,4095,4095,4095
2014996,4095,4095,4095,4095
2015011,4095,4095,4095,4095
2015025,4095,4095,4095,4095
2015039,4095,4095,4095,4095
2015052,4095,4095,4095,4095
2015068,4095,4095,4095,4095
2015081,4095,4095,4095,4095
2015096,4095,4095,4095,4095
2015109,4095,4095,4095,4095
2015123,4095,4095,4095,4095
2015137,4095,4095,4095,4095
2015151,4095,4095,4095,4095
2015166,4095,4095,4095,4095
2015180,4095,4095,4095,4095
2015194,4095,4095,4095,4095
2015209,4095,4095,4095,4095
2015223,4095,4095,4095,4095
2015237,4095,4095,4095,4095
2015252,4095,4095,4095,4095
2015266,4095,4095,4095,4095
2015281,4095,4095,4095,4095
2015295,4095,4095,4095,4095
2015309,4095,4095,4095,4095
2015324,4095,4095,4095,4095
2015338,4095,4095,4095,4095
2015351,4095,4095,4095,4095
2015365,4095,4095,4095,4095
2015378,4095,4095,4095,4095
2015393,4095,4095,4095,4095
2015407,4095,4095,4095,4095
2015421,4095,4095,4095,4095
2015436,4095,4095,4095,4095
2015450,4095,4095,4095,4095
2015464,4095,4095,4095,4095
2015479,4095,4095,4095,4095
2015493,4095,4095,4095,4095
2015508,4095,4095,4095,4095
2015522,4095,4095,4095,4095
2015536,4095,4095,4095,4095
2015551,4095,4095,4095,4095
2015565,4095,4095,4095,4095
2015579,4095,4095,4095,4095
2015594,4095,4095,4095,4095
2015608,4095,4095,4095,4095
2015621,4095,4095,4095,4095
2015635,4095,4095,4095,4095
2015648,4095,4095,4095,4095
2015663,4095,4095,4095,4095
2015677,4095,4095,4095,4095
2015691,4095,4095,4095,4095
2015706,4095,4095,4095,4095
2015720,4095,4095,4095,4095
2015734,4095,4095,4095,4095
2015749,4095,4095,4095,4095
2015763,4095,4095,4095,4095
2015778,4095,4095,4095,4095
2015792,4095,4095,4095,4095
2015806,4095,4095,4095,4095
2015821,4095,4095,4095,4095
2015836,4095,4095,4095,4095
2015850,4095,4095,4095,4095
2015864,4095,4095,4095,4095
2015879,4095,4095,4095,4095
2015892,4095,4095,4095,4095
2015906,4095,4095,4095,4095
2015919,4095,4095,4095,4095
2015934,4095,4095,4095,4095
2015947,4095,4095,4095,4095
2015961,4095,4095,4095,4095
2015976,4095,4095,4095,4095
2015990,4095,4095,4095,4095
2016004,4095,4095,4095,4095
2016019,4095,4095,4095,4095
2016033,4095,4095,4095,4095
2016048,4095,4095,4095,4095
2016062,4095,4095,4095,4095
2016076,4095,4095,4095,4095
2016091,4095,4095,4095,4095
2016105,4095,4095,4095,4095
2016119,4095,4095,4095,4095
2016134,4095,4095,4095,4095
2016148,4095,4095,4095,4095
2016161,4095,4095,4095,4095
2016175,4095,4095,4095,4095
2016188,4095,4095,4095,4095
2016203,4095,4095,4095,4095
2016217,4095,4095,4095,4095
2016231,4095,4095,4095,4095
2016246,4095,4095,4095,4095
2016260,4095,4095,4095,4095
2016274,4095,4095,4095,4095
2016289,4095,4095,4095,4095
2016303,4095,4095,4095,4095
2016318,4095,4095,4095,4095
2016332,4095,4095,4095,4095
2016346,4095,4095,4095,4095
2016361,4095,4095,4095,4095
2016375,4095,4095,4095,4095
2016389,4095,4095,4095,4095
2016404,4095,4095,4095,4095
2016418,4095,4095,4095,4095
2016431,4095,4095,4095,4095
2016445,4095,4095,4095,4095
2016458,4095,4095,4095,4095
2016473,4095,4095,4095,4095
2016487,4095,4095,4095,4095
2016501,4095,4095,4095,4095
2016516,4095,4095,4095,4095
2016530,4095,4095,4095,4095
2016544,4095,4095,4095,4095
2016559,4095,4095,4095,4095
2016574,4095,4095,4095,4095
2016589,4095,4095,4095,4095
2016603,4095,4095,4095,4095
2016618,4095,4095,4095,4095
2016632,4095,4095,4095,4095
2016646,4095,4095,4095,4095
2016661,4095,4095,4095,4095
2016675,4095,4095,4095,4095
2016689,4095,4095,4095,4095
2016703,4095,4095,4095,4095
2016717,4095,4095,4095,4095
2016730,4095,4095,4095,4095
2016744,4095,4095,4095,4095
2016757,4095,4095,4095,4095
2016772,4095,4095,4095,4095
2016786,4095,4095,4095,4095
2016801,4095,4095,4095,4095
2016815,4095,4095,4095,4095
2016830,4095,4095,4095,4095
2016844,4095,4095,4095,4095
2016858,4095,4095,4095,4095
2016873,4095,4095,4095,4095
2016887,4095,4095,4095,4095
2016901,4095,4095,4095,4095
2016916,4095,4095,4095,4095
2016930,4095,4095,4095,4095
2016945,4095,4095,4095,4095
2016959,4095,4095,4095,4095
2016974,4095,4095,4095,4095
2016988,4095,4095,4095,4095
2017001,4095,4095,4095,4095
2017015,4095,4095,4095,4095
2017028,4095,4095,4095,4095
2017043,4095,4095,4095,4095
2017057,4095,4095,4095,4095
2017071,4095,4095,4095,4095
2017086,4095,4095,4095,4095
2017100,4095,4095,4095,4095
2017114,4095,4095,4095,4095
2017129,4095,4095,4095,4095
2017143,4095,4095,4095,4095
2017158,4095,4095,4095,4095
2017172,4095,4095,4095,4095
2017186,4095,4095,4095,4095
2017201,4095,4095,4095,4095
2017215,4095,4095,4095,4095
2017229,4095,4095,4095,4095
2017244,4095,4095,4095,4095
2017258,4095,4095,4095,4095
2017271,4095,4095,4095,4095
2017285,4095,4095,4095,4095
2017298,4095,4095,4095,4095
2017313,4095,4095,4095,4095
2017327,4095,4095,4095,4095
2017341,4095,4095,4095,4095
2017356,4095,4095,4095,4095
2017370,4095,4095,4095,4095
2017384,4095,4095,4095,4095
2017399,4095,4095,4095,4095
2017413,4095,4095,4095,4095
2017428,4095,4095,4095,4095
2017442,4095,4095,4095,4095
2017456,4095,4095,4095,4095
2017471,4095,4095,4095,4095
2017485,4095,4095,4095,4095
2017499,4095,4095,4095,4095
2017514,4095,4095,4095,4095
2017528,4095,4095,4095,4095
2017541,4095,4095,4095,4095
2017555,4095,4095,4095,4095
2017568,4095,4095,4095,4095
2017583,4095,4095,4095,4095
2017597,4095,4095,4095,4095
2017611,4095,4095,4095,4095
2017626,4095,4095,4095,4095
2017640,4095,4095,4095,4095
2017654,4095,4095,4095,4095
2017669,4095,4095,4095,4095
2017683,4095,4095,4095,4095
2017698,4095,4095,4095,4095
2017712,4095,4095,4095,4095
2017726,4095,4095,4095,4095
2017741,4095,4095,4095,4095
2017755,4095,4095,4095,4095
2017769,4095,4095,4095,4095
2017784,4095,4095,4095,4095
2017798,4095,4095,4095,4095
2017811,4095,4095,4095,4095
2017825,4095,4095,4095,4095
2017838,4095,4095,4095,4095
2017853,4095,4095,4095,4095
2017867,4095,4095,4095,4095
2017881,4095,4095,4095,4095
2017896,4095,4095,4095,4095
2017910,4095,4095,4095,4095
2017924,4095,4095,4095,4095
2017939,4095,4095,4095,4095
2017953,4095,4095,4095,4095
2017968,4095,4095,4095,4095
2017982,4095,4095,4095,4095
2017996,4095,4095,4095,4095
2018011,4095,4095,4095,4095
2018025,4095,4095,4095,4095
2018039,4095,4095,4095,4095
2018054,4095,4095,4095,4095
2018068,4095,4095,4095,4095
2018084,4095,4095,4095,4095
2018098,4095,4095,4095,4095
2018111,4095,4095,4095,4095
2018125,4095,4095,4095,4095
2018138,4095,4095,4095,4095
2018153,4095,4095,4095,4095
2018167,4095,4095,4095,4095
2018181,4095,4095,4095,4095
2018196,4095,4095,4095,4095
2018210,4095,4095,4095,4095
2018224,4095,4095,4095,4095
2018239,4095,4095,4095,4095
2018253,4095,4095,4095,4095
2018268,4095,4095,4095,4095
2018282,4095,4095,4095,4095
2018296,4095,4095,4095,4095
2018311,4095,4095,4095,4095
2018325,4095,4095,4095,4095
2018340,4095,4095,4095,4095
2018354,4095,4095,4095,4095
2018368,4095,4095,4095,4095
2018381,4095,4095,4095,4095
2018395,4095,4095,4095,4095
2018408,4095,4095,4095,4095
2018423,4095,4095,4095,4095
2018437,4095,4095,4095,4095
2018451,4095,4095,4095,4095
2018466,4095,4095,4095,4095
2018480,4095,4095,4095,4095
2018495,4095,4095,4095,4095
2018509,4095,4095,4095,4095
2018523,4095,4095,4095,4095
2018538,4095,4095,4095,4095
2018552,4095,4095,4095,4095
2018566,4095,4095,4095,4095
2018581,4095,4095,4095,4095
2018596,4095,4095,4095,4095
2018610,4095,4095,4095,4095
2018625,4095,4095,4095,4095
2018639,4095,4095,4095,4095
2018652,4095,4095,4095,4095
2018667,4095,4095,4095,4095
2018679,4095,4095,4095,4095
2018694,4095,4095,4095,4095
2018707,4095,4095,4095,4095
2018722,4095,4095,4095,4095
2018736,4095,4095,4095,4095
2018750,4095,4095,4095,4095
2018765,4095,4095,4095,4095
2018779,4095,4095,4095,4095
2018793,4095,4095,4095,4095
2018808,4095,4095,4095,4095
2018822,4095,4095,4095,4095
2018837,4095,4095,4095,4095
2018851,4095,4095,4095,4095
2018865,4095,4095,4095,4095
2018880,4095,4095,4095,4095
2018894,4095,4095,4095,4095
2018908,4095,4095,4095,4095
2018921,4095,4095,4095,4095
2018935,4095,4095,4095,4095
2018948,4095,4095,4095,4095
2018963,4095,4095,4095,4095
2018977,4095,4095,4095,4095
2018992,4095,4095,4095,4095
2019006,4095,4095,4095,4095
2019020,4095,4095,4095,4095
2019035,4095,4095,4095,4095
2019049,4095,4095,4095,4095
2019063,4095,4095,4095,4095
2019078,4095,4095,4095,4095
2019092,4095,4095,4095,4095
2019107,4095,4095,4095,4095
2019121,4095,4095,4095,4095
2019135,4095,4095,4095,4095
2019150,4095,4095,4095,4095
2019164,4095,4095,4095,4095
2019178,4095,4095,4095,4095
2019191,4095,4095,4095,4095
2019205,4095,4095,4095,4095
2019218,4095,4095,4095,4095
2019233,4095,4095,4095,4095
2019247,4095,4095,4095,4095
2019262,4095,4095,4095,4095
2019276,4095,4095,4095,4095
2019290,4095,4095,4095,4095
2019305,4095,4095,4095,4095
2019319,4095,4095,4095,4095
2019333,4095,4095,4095,4095
2019348,4095,4095,4095,4095
2019362,4095,4095,4095,4095
2019377,4095,4095,4095,4095
2019391,4095,4095,4095,4095
2019405,4095,4095,4095,4095
2019420,4095,4095,4095,4095
2019434,4095,4095,4095,4095
2019448,4095,4095,4095,4095
2019461,4095,4095,4095,4095
2019475,4095,4095,4095,4095
2019488,4095,4095,4095,4095
2019503,4095,4095,4095,4095
2019517,4095,4095,4095,4095
2019532,4095,4095,4095,4095
2019546,4095,4095,4095,4095
2019560,4095,4095,4095,4095
2019575,4095,4095,4095,4095
2019590,4095,4095,4095,4095
2019605,4095,4095,4095,4095
2019619,4095,4095,4095,4095
2019633,4095,4095,4095,4095
2019648,4095,4095,4095,4095
2019662,4095,4095,4095,4095
2019677,4095,4095,4095,4095
2019691,4095,4095,4095,4095
2019705,4095,4095,4095,4095
2019720,4095,4095,4095,4095
2019734,4095,4095,4095,4095
2019748,4095,4095,4095,4095
2019761,4095,4095,4095,4095
2019775,4095,4095,4095,4095
2019788,4095,4095,4095,4095
2019803,4095,4095,4095,4095
2019817,4095,4095,4095,4095
2019832,4095,4095,4095,4095
2019846,4095,4095,4095,4095
2019860,4095,4095,4095,4095
2019875,4095,4095,4095,4095
2019889,4095,4095,4095,4095
2019903,4095,4095,4095,4095
2019918,4095,4095,4095,4095
2019932,4095,4095,4095,4095
2019947,4095,4095,4095,4095
2019961,4095,4095,4095,4095
2019975,4095,4095,4095,4095
2019990,4095,4095,4095,4095
2020004,4095,4095,4095,4095
2020018,4095,4095,4095,4095
2020031,4095,4095,4095,4095
2020045,4095,4095,4095,4095
2020058,4095,4095,4095,4095
2020072,4095,4095,4095,4095
2020087,4095,4095,4095,4095
2020101,4095,4095,4095,4095
2020115,4095,4095,4095,4095
2020130,4095,4095,4095,4095
2020144,4095,4095,4095,4095
2020158,4095,4095,4095,4095
2020173,4095,4095,4095,4095
2020187,4095,4095,4095,4095
2020202,4095,4095,4095,4095
2020217,4095,4095,4095,4095
2020231,4095,4095,4095,4095
2020245,4095,4095,4095,4095
2020260,4095,4095,4095,4095
2020274,4095,4095,4095,4095
2020288,4095,4095,4095,4095
2020301,4095,4095,4095,4095
2020315,4095,4095,4095,4095
2020328,4095,4095,4095,4095
2020343,4095,4095,4095,4095
2020357,4095,4095,4095,4095
2020372,4095,4095,4095,4095
2020386,4095,4095,4095,4095
2020400,4095,4095,4095,4095
2020415,4095,4095,4095,4095
2020429,4095,4095,4095,4095
2020443,4095,4095,4095,4095
2020458,4095,4095,4095,4095
2020472,4095,4095,4095,4095
2020487,4095,4095,4095,4095
2020501,4095,4095,4095,4095
2020515,4095,4095,4095,4095
2020530,4095,4095,4095,4095
2020544,4095,4095,4095,4095
2020558,4095,4095,4095,4095
2020571,4095,4095,4095,4095
2020585,4095,4095,4095,4095
2020598,4095,4095,4095,4095
2020613,4095,4095,4095,4095
2020627,4095,4095,4095,4095
2020642,4095,4095,4095,4095
2020656,4095,4095,4095,4095
2020670,4095,4095,4095,4095
2020685,4095,4095,4095,4095
2020699,4095,4095,4095,4095
2020713,4095,4095,4095,4095
2020728,4095,4095,4095,4095
2020742,4095,4095,4095,4095
2020757,4095,4095,4095,4095
2020771,4095,4095,4095,4095
2020785,4095,4095,4095,4095
2020800,4095,4095,4095,4095
2020814,4095,4095,4095,4095
2020828,4095,4095,4095,4095
2020841,4095,4095,4095,4095
2020855,4095,4095,4095,4095
2020868,4095,4095,4095,4095
2020883,4095,4095,4095,4095
2020897,4095,4095,4095,4095
2020912,4095,4095,4095,4095
2020926,4095,4095,4095,4095
2020940,4095,4095,4095,4095
2020955,4095,4095,4095,4095
2020969,4095,4095,4095,4095
2020983,4095,4095,4095,4095
2020998,4095,4095,4095,4095
2021012,4095,4095,4095,4095
2021027,4095,4095,4095,4095
2021041,4095,4095,4095,4095
2021055,4095,4095,4095,4095
2021070,4095,4095,4095,4095
2021084,4095,4095,4095,4095
2021100,4095,4095,4095,4095
2021114,4095,4095,4095,4095
2021128,4095,4095,4095,4095
2021141,4095,4095,4095,4095
2021155,4095,4095,4095,4095
2021168,4095,4095,4095,4095
2021183,4095,4095,4095,4095
2021197,4095,4095,4095,4095
2021212,4095,4095,4095,4095
2021226,4095,4095,4095,4095
2021240,4095,4095,4095,4095
2021255,4095,4095,4095,4095
2021269,4095,4095,4095,4095
2021283,4095,4095,4095,4095
2021298,4095,4095,4095,4095
2021312,4095,4095,4095,4095
2021327,4095,4095,4095,4095
2021341,4095,4095,4095,4095
2021355,4095,4095,4095,4095
2021370,4095,4095,4095,4095
2021384,4095,4095,4095,4095
2021398,4095,4095,4095,4095
2021411,4095,4095,4095,4095
2021425,4095,4095,4095,4095
2021438,4095,4095,4095,4095
2021453,4095,4095,4095,4095
2021467,4095,4095,4095,4095
2021482,4095,4095,4095,4095
2021496,4095,4095,4095,4095
2021510,4095,4095,4095,4095
2021525,4095,4095,4095,4095
2021539,4095,4095,4095,4095
2021554,4095,4095,4095,4095
2021568,4095,4095,4095,4095
2021582,4095,4095,4095,4095
2021597,4095,4095,4095,4095
2021611,4095,4095,4095,4095
2021625,4095,4095,4095,4095
2021640,4095,4095,4095,4095
2021654,4095,4095,4095,4095
2021669,4095,4095,4095,4095
2021681,4095,4095,4095,4095
2021696,4095,4095,4095,4095
2021708,4095,4095,4095,4095
2021723,4095,4095,4095,4095
2021737,4095,4095,4095,4095
2021752,4095,4095,4095,4095
2021766,4095,4095,4095,4095
2021781,4095,4095,4095,4095
2021795,4095,4095,4095,4095
2021809,4095,4095,4095,4095
2021824,4095,4095,4095,4095
2021838,4095,4095,4095,4095
2021852,4095,4095,4095,4095
2021867,4095,4095,4095,4095
2021881,4095,4095,4095,4095
2021895,4095,4095,4095,4095
2021910,4095,4095,4095,4095
2021924,4095,4095,4095,4095
2021939,4095,4095,4095,4095
2021951,4095,4095,4095,4095
2021966,4095,4095,4095,4095
2021978,4095,4095,4095,4095
2021993,4095,4095,4095,4095
2022007,4095,4095,4095,4095
2022022,4095,4095,4095,4095
2022036,4095,4095,4095,4095
2022051,4095,4095,4095,4095
2022065,4095,4095,4095,4095
2022079,4095,4095,4095,4095
2022094,4095,4095,4095,4095
2022108,4095,4095,4095,4095
2022122,4095,4095,4095,4095
2022137,4095,4095,4095,4095
2022151,4095,4095,4095,4095
2022165,4095,4095,4095,4095
2022180,4095,4095,4095,4095
2022193,4095,4095,4095,4095
2022208,4095,4095,4095,4095
2022221,4095,4095,4095,4095
2022236,4095,4095,4095,4095
2022248,4095,4095,4095,4095
2022263,4095,4095,4095,4095
2022277,4095,4095,4095,4095
2022292,4095,4095,4095,4095
2022306,4095,4095,4095,4095
2022321,4095,4095,4095,4095
2022335,4095,4095,4095,4095
2022349,4095,4095,4095,4095
2022364,4095,4095,4095,4095
2022378,4095,4095,4095,4095
2022392,4095,4095,4095,4095
2022407,4095,4095,4095,4095
2022421,4095,4095,4095,4095
2022436,4095,4095,4095,4095
2022450,4095,4095,4095,4095
2022464,4095,4095,4095,4095
2022479,4095,4095,4095,4095
2022491,4095,4095,4095,4095
2022506,4095,4095,4095,4095
2022518,4095,4095,4095,4095
2022533,4095,4095,4095,4095
2022547,4095,4095,4095,4095
2022562,4095,4095,4095,4095
2022576,4095,4095,4095,4095
2022591,4095,4095,4095,4095
2022606,4095,4095,4095,4095
2022621,4095,4095,4095,4095
2022635,4095,4095,4095,4095
2022649,4095,4095,4095,4095
2022664,4095,4095,4095,4095
2022678,4095,4095,4095,4095
2022692,4095,4095,4095,4095
2022707,4095,4095,4095,4095
2022721,4095,4095,4095,4095
2022736,4095,4095,4095,4095
2022750,4095,4095,4095,4095
2022764,4095,4095,4095,4095
2022779,4095,4095,4095,4095
2022791,4095,4095,4095,4095
2022806,4095,4095,4095,4095
2022818,4095,4095,4095,4095
2022833,4095,4095,4095,4095
2022847,4095,4095,4095,4095
2022862,4095,4095,4095,4095
2022876,4095,4095,4095,4095
2022891,4095,4095,4095,4095
2022905,4095,4095,4095,4095
2022919,4095,4095,4095,4095
2022934,4095,4095,4095,4095
2022948,4095,4095,4095,4095
2022962,4095,4095,4095,4095
2022977,4095,4095,4095,4095
2022991,4095,4095,4095,4095
2023006,4095,4095,4095,4095
2023020,4095,4095,4095,4095
2023034,4095,4095,4095,4095
2023049,4095,4095,4095,4095
2023061,4095,4095,4095,4095
2023076,4095,4095,4095,4095
2023089,4095,4095,4095,4095
2023103,4095,4095,4095,4095
2023117,4095,4095,4095,4095
2023132,4095,4095,4095,4095
2023146,4095,4095,4095,4095
2023161,4095,4095,4095,4095
2023175,4095,4095,4095,4095
2023189,4095,4095,4095,4095
2023204,4095,4095,4095,4095
2023218,4095,4095,4095,4095
2023232,4095,4095,4095,4095
2023247,4095,4095,4095,4095
2023261,4095,4095,4095,4095
2023276,4095,4095,4095,4095
2023291,4095,4095,4095,4095
2023305,4095,4095,4095,4095
2023319,4095,4095,4095,4095
2023332,4095,4095,4095,4095
2023347,4095,4095,4095,4095
2023360,4095,4095,4095,4095
2023374,4095,4095,4095,4095
2023388,4095,4095,4095,4095
2023402,4095,4095,4095,4095
2023416,4095,4095,4095,4095
2023431,4095,4095,4095,4095
2023445,4095,4095,4095,4095
2023459,4095,4095,4095,4095
2023474,4095,4095,4095,4095
2023488,4095,4095,4095,4095
2023502,4095,4095,4095,4095
2023517,4095,4095,4095,4095
2023531,4095,4095,4095,4095
2023546,4095,4095,4095,4095
2023560,4095,4095,4095,4095
2023574,4095,4095,4095,4095
2023589,4095,4095,4095,4095
2023602,4095,4095,4095,4095
2023616,4095,4095,4095,4095
2023629,4095,4095,4095,4095
2023643,4095,4095,4095,4095
2023657,4095,4095,4095,4095
2023672,4095,4095,4095,4095
2023686,4095,4095,4095,4095
2023701,4095,4095,4095,4095
2023715,4095,4095,4095,4095
2023729,4095,4095,4095,4095
2023744,4095,4095,4095,4095
2023758,4095,4095,4095,4095
2023772,4095,4095,4095,4095
2023787,4095,4095,4095,4095
2023801,4095,4095,4095,4095
2023816,4095,4095,4095,4095
2023830,4095,4095,4095,4095
2023844,4095,4095,4095,4095
2023859,4095,4095,4095,4095
2023872,4095,4095,4095,4095
2023886,4095,4095,4095,4095
2023899,4095,4095,4095,4095
2023913,4095,4095,4095,4095
2023927,4095,4095,4095,4095
2023942,4095,4095,4095,4095
2023956,4095,4095,4095,4095
2023971,4095,4095,4095,4095
2023985,4095,4095,4095,4095
2023999,4095,4095,4095,4095
2024014,4095,4095,4095,4095
2024028,4095,4095,4095,4095
2024042,4095,4095,4095,4095
2024057,4095,4095,4095,4095
2024071,4095,4095,4095,4095
2024086,4095,4095,4095,4095
2024100,4095,4095,4095,4095
2024116,4095,4095,4095,4095
