150643,1819,1761
150656,1809,1753
150669,1791,1703
150682,1807,1753
150696,1751,1705
150707,1791,1745
150720,1786,1745
150733,1783,1744
150746,1773,1743
150759,1751,1690
150772,1767,1738
150786,1718,1695
150797,1756,1737
150810,1751,1733
150823,1751,1733
150836,1744,1729
150849,1722,1677
150862,1734,1728
150876,1690,1689
150887,1731,1728
150900,1724,1723
150913,1727,1728
150926,1726,1728
150939,1709,1667
150952,1718,1726
150966,1674,1680
150977,1719,1723
150990,1715,1719
151003,1717,1726
151016,1714,1727
151029,1697,1667
151042,1710,1719
151056,1664,1683
151067,1702,1725
151080,1693,1724
151093,1682,1728
151106,1666,1727
151119,1634,1669
151132,1635,1727
151146,1585,1680
151157,1616,1712
151170,1606,1697
151183,1605,1675
151196,1618,1643
151209,1647,1554
151222,1765,1596
151236,1897,1532
151247,2325,1568
151260,2963,1565
151273,3344,1559
151286,3509,1552
151299,3583,1488
151312,3550,1535
151326,3483,1506
151337,3558,1561
151350,3525,1566
151363,3506,1575
151376,3502,1584
151389,3443,1535
151403,3494,1606
151416,3427,1575
151427,3515,1631
151440,3517,1641
151453,3535,1648
151466,3558,1654
151479,3561,1605
151493,3682,1679
151506,3738,1637
151517,3840,1686
151530,3889,1696
151543,3929,1706
151556,3982,1707
151569,3963,1658
151583,4048,1721
151596,3971,1683
151607,4067,1739
151620,4095,1745
151633,4095,1761
151646,4095,1766
151659,4095,1715
151673,4095,1778
151686,4095,1744
151697,4095,1799
151710,4095,1808
151723,4095,1823
151736,3918,1831
151749,3088,1780
151763,2871,1850
151776,2343,1811
151787,2153,1868
151800,1876,1877
151813,1629,1886
151826,4095,1891
151839,4095,1822
151853,1253,1867
151866,1176,1808
151877,1171,1841
151890,1129,1860
151903,1104,1947
151916,1087,2118
151929,1038,2400
151943,1072,3008
151956,1033,3410
151967,1058,3967
151980,1060,3850
151993,1063,3759
152006,1067,3869
152019,1023,4085
152033,1075,4095
152046,1050,4095
152057,1094,4095
152070,1104,4095
152083,1118,4095
152096,1126,4095
152109,1104,4095
152123,1156,4095
152136,1133,4095
152147,1181,4095
152160,1191,4095
152173,1200,4095
152186,1215,4095
152199,1188,4095
152213,1250,4095
152226,1237,4095
152237,1286,4095
152250,4095,4095
152263,4095,4095
152276,4095,4095
152289,4095,4095
152302,4095,4095
152315,4095,4095
152326,4095,4095
152339,1296,4095
152353,1286,4095
152366,1280,4095
152379,1244,4095
152391,1273,4095
152404,1264,4095
152416,1269,4095
152429,1264,4095
152442,1265,4095
152455,1264,4095
152468,1232,4067
152480,1264,3991
152493,1266,3312
152506,1264,2842
152519,1266,2375
152532,1270,1766
152545,1280,1670
152558,1270,1574
152570,1344,1553
152583,1453,1504
152596,1609,1477
152609,2101,1449
152622,3138,1433
152635,3184,1426
152648,4095,1392
152660,4095,1437
152673,3121,1435
152686,3058,1440
152699,3118,1439
152712,3118,1435
152725,3006,1433
152738,2921,1395
152750,3003,1439
152763,3056,1457
152776,3099,1471
152789,3107,1479
152802,3107,1488
152815,3120,1494
152828,3085,1465
152840,3183,1516
152853,3199,1526
152866,3237,1535
152879,3289,1569
152892,3321,1590
152905,3331,1610
152918,3268,1589
152930,3345,1641
152943,3389,1659
152956,3431,1666
152969,3414,1679
152982,3413,1694
152995,3414,1699
153008,3405,1665
153020,3490,1723
153033,3510,1734
153046,3526,1749
153059,3519,1767
153072,3537,1786
153085,3537,1804
153098,3485,1775
153110,3562,1831
153123,3561,1836
153136,3559,1850
153149,3550,1855
153162,3538,1857
153175,3510,1854
153188,3423,1815
153200,3449,1855
153213,3146,1857
153226,2524,1864
153239,1995,1863
153252,1775,1827
153265,1619,1911
153278,1523,1899
153290,1496,1987
153303,4095,2086
153316,1459,2166
153330,1438,2416
153343,1435,2859
153356,1435,3283
153369,1419,3171
153381,1476,3122
153394,1506,3067
153406,1531,3223
153419,1554,3654
153432,1582,3631
153445,1601,3470
153458,1600,3365
153470,1693,3464
153483,1762,3536
153496,1814,3501
153509,1878,3570
153522,1905,3597
153535,2010,3728
153548,2007,3696
153560,2102,3792
153573,2132,3792
153586,2142,3803
153599,2134,3794
153612,2145,3801
153625,2142,3795
153638,2105,3755
153650,2173,3847
153663,2184,3905
153676,2204,3946
153689,2229,3966
153702,2273,3997
153715,2299,3988
153728,2303,3940
153740,2471,4011
153753,2750,4019
153766,4095,4023
153779,4095,4035
153792,4095,4069
153805,4095,4080
153818,4095,4023
153830,4095,4095
153843,4095,4095
153856,4095,4095
153869,4095,4095
153882,4095,4095
153895,4095,4085
153908,4095,4022
153920,4095,4082
153933,4095,4077
153946,4095,4059
153959,4095,4021
153972,4095,3485
153985,4095,3023
153998,4095,2740
154010,4095,2530
154023,4095,2252
154036,4095,2057
154049,4095,1903
154062,4095,1810
154075,3200,1745
154088,3459,1669
154100,4095,1680
154113,4095,1642
154126,4095,1615
154139,4095,1598
154152,4095,1584
154165,4095,1570
154178,4095,1520
154190,4095,1556
154203,4095,1535
154216,4095,1535
154229,4095,1535
154242,4095,1535
154255,4095,1535
154268,4095,1504
154280,4095,1535
154293,4095,1535
154306,4095,1535
154319,4095,1535
154332,4095,1535
154345,4095,1535
154358,4095,1495
154370,4095,1532
154383,4095,1527
154396,4095,1527
154409,4095,1522
154422,4095,1527
154435,4095,1514
154448,4095,1478
154460,4095,1520
154473,4095,1519
154486,4095,1520
154499,4095,1519
154512,4095,1518
154525,4095,1517
154538,4095,1472
154550,4095,1510
154563,4095,1509
154576,4095,1511
154589,4095,1510
154602,4095,1510
154615,3925,1504
154628,2654,1472
154640,2487,1509
154653,2333,1517
154666,4095,1519
154679,4095,1523
154692,4095,1535
154705,4095,1575
154718,4095,1565
154730,4095,1671
154743,1811,1744
154756,1792,1869
154769,1758,2148
154782,1667,2657
154795,1674,3286
154808,1588,3684
154820,1600,3856
154833,1567,3870
154846,1584,3927
154859,2226,3915
154872,4095,3921
154885,4095,3856
154898,4095,3797
154910,4095,3871
154923,4095,3855
154936,4095,3847
154949,4095,3841
154962,4095,3879
154975,4095,3961
154988,4095,3919
155000,4095,4005
155013,4095,4017
155026,4095,4043
155039,4095,4067
155052,4095,4095
155065,4095,4095
155078,4095,4068
155090,4095,4095
155103,4095,4095
155116,4095,4095
155129,4095,4095
155142,4095,4095
155155,4095,4095
155168,4095,4095
155180,4095,4095
155193,4095,4095
155206,4095,4095
155219,4095,4095
155232,4095,4095
155245,4095,3050
155258,4095,2229
155270,4095,2042
155283,4095,1946
155296,1583,2011
155309,1616,2128
155322,1695,2115
155335,1918,2125
155348,2138,2106
155360,2517,2224
155373,2847,2310
155386,2999,2477
155399,3024,2720
155412,3184,2960
155425,3376,3220
155438,3392,3175
155450,3376,3434
155463,3331,3568
155476,3350,3665
155489,3380,3978
155502,3390,4084
155515,3387,4095
155528,3323,4095
155540,3421,4095
155553,3456,4095
155566,3474,4095
155579,3497,4095
155592,3504,4095
155605,3475,4095
155618,3394,4085
155630,3455,4095
155643,3437,4043
155656,3407,3986
155669,3389,3909
155682,3371,3856
155695,3358,3760
155708,3271,3559
155720,3332,3433
155733,3323,3312
155746,3312,3197
155759,3295,3125
155772,3289,3039
155785,3280,2985
155798,3201,2880
155810,3265,2897
155823,3261,2799
155836,3260,2736
155849,3248,2704
155862,3237,2608
155875,3236,2556
155888,3143,2402
155900,3189,2361
155913,3158,2269
155926,3126,2203
155939,2992,2137
155952,2471,2098
155965,2194,2064
155978,1923,1989
155990,1789,2018
156003,1671,2000
156016,1598,1973
156029,1533,1942
156042,1489,1927
156055,1458,1904
156068,1391,1855
156080,1406,1891
156093,1392,1921
156106,1391,1974
156119,1389,2058
156132,1388,2235
156145,1386,2532
156158,1345,2770
156170,1378,2867
156183,1375,2978
156196,1378,3104
156209,1375,3315
156222,1391,3279
156235,1392,3245
156248,1360,3200
156260,1402,3301
156273,1405,3326
156286,1413,3367
156299,1424,3412
156312,1392,3405
156325,1485,3555
156338,1424,3577
156350,1458,3664
156363,1479,3712
156376,1485,3709
156389,1488,3711
156402,1487,3747
156415,1475,3798
156428,1433,3728
156440,1461,3738
156453,1452,3650
156466,1430,3568
156479,1415,3504
156492,1393,3503
156505,1371,3537
156520,1283,3555
156534,1295,3609
156547,1232,3536
156558,1238,3647
156571,1211,3666
156584,1179,3654
156597,1156,3728
156610,1097,3717
156624,1114,3927
156637,1074,4095
156648,1090,4095
156661,1084,4095
156674,1079,4095
156687,1086,3104
156701,1110,2784
156714,1134,2587
156727,1143,2283
156738,1217,2223
156751,1271,2130
156764,1361,2077
156777,1501,2057
156790,1664,1984
156804,1917,2025
156817,2058,1951
156828,2301,1984
156841,2559,1962
156854,2865,1946
156867,3217,1938
156880,3371,1872
156894,3387,1902
156907,3310,1840
156918,3405,1875
156931,3410,1859
156944,3441,1839
156957,3434,1804
156970,3377,1726
156984,3455,1729
156997,3389,1641
157008,3458,1635
157021,3455,1589
157034,3452,1557
157047,3455,1520
157060,3415,1460
157074,3536,1479
157087,3470,1417
157098,3447,1431
157111,3390,1414
157124,3349,1407
157137,3327,1393
157150,3234,1346
157164,3302,1376
157177,3254,1330
157188,3303,1360
157201,3260,1360
157214,3226,1353
157227,3205,1345
157240,3132,1323
157254,3201,1339
157267,3130,1300
157278,3193,1338
157291,3282,1333
157304,3538,1335
157317,3845,1331
157330,3761,1291
157344,3914,1328
157357,2866,1293
157368,2448,1328
157381,2037,1408
157394,1881,1386
157407,1763,1348
157420,1703,1377
157434,1662,1402
157447,1590,1442
157458,1609,1571
157471,1593,1703
157484,1583,1841
157497,4095,2000
157511,4095,2251
157524,4095,2751
157537,4095,2997
157548,4095,3082
157561,4095,2992
157574,4095,2967
157587,4095,2991
157600,4095,2925
157614,4095,3001
157627,4095,2954
157638,4095,3039
157651,4095,3037
157664,1444,3037
157677,1425,3051
157690,1369,2991
157704,1392,3061
157717,1333,2992
157728,1355,3056
157741,1332,3053
157754,1315,3060
157767,1296,3066
157780,1241,2992
157794,1263,3059
157807,1213,2983
157818,1237,3050
157831,1225,3018
157844,1219,3001
157857,1202,2980
157871,1155,2905
157884,1177,2960
157897,1136,2894
157908,1161,2959
157921,1146,2953
157934,1147,2957
157947,1138,2960
157961,1114,2893
157974,1141,3293
157987,1117,2902
157998,1165,2515
158011,1196,2158
158024,1223,2004
158037,1264,1936
158051,1258,1840
158064,1372,1856
158077,1455,1786
158088,1664,1813
158101,1953,1792
158114,2512,1780
158127,2869,1771
158141,3211,1770
158154,3399,1747
158167,3539,1701
158178,3582,1746
158191,3582,1751
158204,3738,1774
158217,3782,1791
158231,3749,1772
158244,3802,1853
158257,3718,1849
158268,3797,1938
158281,3819,2013
158294,3839,2107
158307,3921,2171
158321,3883,2162
158334,3993,2283
158347,3983,2259
158358,4070,2341
158371,4082,2368
158384,4095,2367
158397,4095,2351
158411,4095,2352
158424,4095,2319
158437,4095,2242
158448,4095,2278
158461,4095,2256
158474,4095,2237
158488,4095,2224
158501,4095,2159
158514,4095,2215
158527,4095,2158
158538,4095,2208
158551,4095,2201
158564,4095,2195
158577,4095,2186
158591,4095,2118
158604,4095,2158
158617,3249,2086
158628,2885,2131
158641,2503,2129
158654,2341,2142
158667,2163,2173
158681,1943,2167
158694,4095,2299
158707,4095,2377
158718,4095,2635
158731,4095,2805
158744,4095,3119
158757,4095,3495
158771,4095,3939
158784,1761,4095
158797,1740,4095
158808,1618,4095
158821,1597,4095
158834,1426,4095
158847,1354,4095
158861,1271,4095
158874,1247,4095
158887,1188,4095
158898,1200,4095
158911,1177,4095
158924,1158,4095
158937,1137,4095
158951,1078,4095
158964,1093,4095
158977,1061,4095
158988,1082,4095
159001,1072,4095
159014,1066,4095
159028,1056,4095
159041,1013,4095
159054,1045,4095
159067,1010,4095
159078,1041,4095
159091,1041,4095
159104,1040,4095
159118,1038,4095
159131,1008,4095
159144,1043,4095
159157,1009,4095
159168,1053,4095
159181,1059,4095
159194,1071,4095
159208,1073,4095
159221,1055,4095
159234,1096,4095
159247,1072,4095
159258,1111,4095
159271,1123,3289
159284,1138,3039
159298,1161,2740
159311,1140,2529
159324,1186,2497
159337,1170,2341
159348,1226,2350
159361,1252,2279
159374,1285,2247
159388,1323,2226
159401,1357,2165
159414,1465,2227
159427,1500,2182
159438,1629,2251
159451,1735,2253
159464,1871,2247
159478,2064,2239
159491,2346,2181
159504,2890,2221
159517,3198,2153
159528,3521,2192
159541,3491,2187
159554,3456,2173
159568,3493,2167
159581,3466,2105
159594,3522,2138
159607,3437,2075
159618,3483,2111
159631,3450,2099
159644,3438,2087
159658,3469,2070
159671,3515,2055
159684,3486,2000
159697,3399,1917
159708,3445,1935
159723,3399,1895
159736,3374,1874
159749,3333,1849
159762,3265,1838
159775,3216,1809
159788,3109,1751
159800,3176,1783
159813,3178,1773
159826,3167,1759
159839,3136,1744
159852,3123,1727
159866,3107,1700
159879,3011,1643
159890,3066,1659
159903,3056,1632
159916,3017,1607
159929,3006,1584
159942,3010,1563
159956,2992,1535
159969,2909,1488
159980,2962,1507
159993,2960,1494
160006,2961,1472
160019,2955,1456
160032,2955,1447
160046,2954,1431
160059,2885,1387
160070,2945,1415
160083,2945,1409
160096,3175,1407
160109,3258,1405
160123,2804,1407
160136,2311,1398
160149,1929,1371
160160,1865,1408
160173,1787,1408
160186,1732,1413
160199,1690,1422
160213,1651,1439
160226,1616,1477
160239,1535,1465
160250,1535,1511
160263,1518,1563
160276,1478,1683
160289,1458,1838
160303,1437,1993
160316,1409,2259
160329,1358,2613
160340,1380,2959
160353,1369,3263
160366,1365,3205
160379,1358,3127
160393,1349,3163
160406,1343,3217
160419,1297,3161
160430,1328,3227
160443,1323,3260
160456,1318,3314
160469,1314,3408
160483,1317,3443
160496,1311,3446
160509,1277,3407
160520,1309,3502
160533,1307,3506
160546,1303,3526
160559,1296,3551
160573,1295,3632
160586,1289,3649
160599,1250,3567
160610,1280,3635
160623,1270,3651
160636,1264,3841
160650,1253,4047
160663,1243,4095
160676,1231,4095
160689,1194,4080
160701,1217,4095
160714,1210,4063
160726,1207,4017
160740,1201,4032
160753,1200,4095
160766,1200,4095
160779,1172,4095
160791,1210,4095
160804,1225,4095
160816,1241,4095
160830,1264,4095
160843,1296,4095
160856,1350,4095
160869,1361,4095
160881,1428,3520
160894,1488,3071
160906,1535,2749
160920,1609,2355
160933,1664,2030
160946,1872,1923
160959,2000,1776
160972,2359,1757
160985,2699,1712
160997,2983,1678
161010,3203,1644
161023,3435,1622
161036,3570,1601
161049,3491,1535
161063,3504,1575
161076,3431,1530
161087,3499,1555
161101,3487,1535
161114,3463,1535
161127,3435,1535
161140,3370,1488
161153,3440,1521
161166,3376,1481
161178,3451,1513
161191,3445,1499
161204,3440,1491
161217,3446,1483
161230,3390,1439
161243,3451,1470
161256,3378,1423
161268,3446,1453
161281,3439,1447
161294,3444,1444
161307,3439,1434
161320,3376,1391
161333,3427,1424
161346,3359,1390
161358,3431,1423
161371,3419,1420
161384,3421,1423
161397,3410,1421
161410,3326,1379
161423,3387,1419
161436,3314,1386
161448,3376,1421
161461,3373,1418
161474,3375,1424
161487,3362,1417
161500,3306,1375
161513,3360,1417
161526,3286,1379
161538,3350,1417
161551,3347,1417
161564,3347,1412
161577,3344,1414
161590,3271,1373
161603,3347,1409
161616,3280,1374
161628,3343,1410
161641,3344,1413
161654,3347,1411
161667,3344,1408
161680,3278,1372
161693,3342,1406
161706,3270,1369
161718,3343,1409
161731,3344,1407
161744,3350,1409
161757,3351,1408
161770,3280,1373
161783,3349,1408
161796,3291,1378
161808,3358,1412
161821,3361,1412
161834,3375,1418
161847,3381,1414
161860,3326,1386
161872,3409,1415
161885,3408,1416
161897,3438,1411
161910,3479,1415
161923,3517,1415
161936,3523,1413
161950,3519,1391
161963,3702,1415
161976,3658,1391
161988,3728,1424
162001,3781,1424
162014,3841,1426
162027,3899,1429
162040,3861,1398
162052,3952,1442
162065,3957,1444
162077,3673,1453
162090,3006,1456
162103,2741,1459
162117,2509,1461
162130,2257,1442
162143,2082,1467
162156,1839,1442
162168,1702,1473
162181,1520,1483
162194,1405,1493
162207,1325,1506
162220,1242,1497
162233,1249,1566
162246,1191,1573
162258,1206,1689
162271,1193,1778
162284,1181,1966
162297,1168,2354
162310,1131,2891
162323,1152,3381
162336,1111,3510
162348,1141,3535
162361,1136,3504
162374,1133,3558
162387,1131,3696
162400,1099,3731
162413,1131,3818
162426,1104,3743
162438,1142,3789
162451,1143,3794
162464,1153,3825
162477,1159,3861
162490,1142,3836
162503,1181,3861
162516,1155,3837
162528,1200,3941
162541,1206,3963
162554,1216,3984
162567,1219,3980
162580,1191,3951
162593,1238,3995
162607,1326,3941
162618,4095,4045
162631,4095,4054
162644,4095,4060
162657,4095,4095
162670,1315,4083
162683,1291,4095
162696,1254,4015
162708,1293,4061
162721,1296,4035
162734,1303,4008
162747,1307,3993
162760,1274,3941
162773,1317,3952
162786,1283,3873
162798,1328,3927
162811,1328,3903
162824,1327,3891
162837,1327,3868
162850,1295,3765
162863,1323,3728
162877,1282,3565
162888,1318,3415
162901,1311,2709
162915,1305,2287
162928,1303,1856
162941,1309,1575
162955,1314,1523
162968,1299,1475
162979,1371,1489
162992,1440,1486
163005,1511,1463
163018,1633,1456
163032,1872,1451
163045,2285,1456
163058,2817,1430
163069,3139,1485
163082,3223,1520
163095,4095,1571
163108,4095,1597
163122,2928,1568
163135,3063,1630
163148,3062,1610
163159,3150,1658
163172,3136,1680
163185,3143,1691
163198,3175,1714
163212,3197,1735
163225,3200,1746
163238,3146,1730
163249,3262,1798
163262,3303,1836
163275,3344,1877
163288,3365,1920
163302,3414,1968
163315,3444,2021
163328,3410,2031
163339,3514,2135
163352,3557,2183
163365,3569,2245
163378,3631,2288
163392,3722,2304
163405,3791,2294
163418,3761,2237
163429,3911,2273
163442,3958,2257
163455,3998,2246
163469,4020,2218
163482,4086,2193
163495,4095,2172
163508,4095,2113
163519,4095,2161
163532,4095,2158
163545,4095,2158
163558,4095,2161
163572,4095,2163
163585,4095,2157
163598,4095,2103
163609,4095,2157
163622,4095,2150
163635,4095,2134
163649,3991,2130
163662,3123,2118
163675,2704,2094
163688,2362,2030
163699,2286,2069
163712,2065,2079
163725,1979,2091
163739,1844,2112
163752,1728,2143
163765,1641,2176
163778,4095,2181
163789,4095,2287
163802,4095,2414
163815,1459,2598
163829,1453,2785
163842,1450,3087
163855,1443,3294
163868,1393,3367
163879,1424,3633
163892,1417,3690
163905,1408,3677
163919,1409,3683
163932,1414,3670
163945,1434,3630
163958,1427,3533
163969,1526,3583
163982,4095,3600
163995,4095,3613
164009,4095,3619
164022,4095,3629
164035,4095,3648
164048,4095,3583
164059,4095,3667
164072,4095,3664
164085,4095,3695
164099,4095,3703
164112,4095,3712
164125,4095,3727
164138,4095,3691
164149,4095,3764
164162,4095,3781
164175,4095,3830
164189,4095,3856
164202,4095,3856
164215,4095,3908
164228,4095,3871
164239,4095,3962
164252,4095,3973
164265,4095,3998
164279,4095,4042
164292,4095,4079
164305,4095,4095
164318,4095,4095
164329,4095,4095
164342,4095,4095
164355,4095,4095
164369,4095,4095
164382,4095,4095
164395,4095,4095
164408,4095,4095
164419,4095,4095
164432,4095,4095
164445,4095,3385
164459,4095,3059
164472,4095,2869
164485,4095,2688
164498,4095,2401
164510,4095,2261
164522,4095,2133
164535,4095,2000
164549,4095,1899
164562,4095,1829
164575,4095,1782
164588,4095,1711
164599,1616,1712
164612,1642,1680
164625,1686,1632
164639,1761,1591
164652,1845,1562
164665,1933,1533
164678,2026,1479
164690,2277,1498
164702,2549,1488
164715,2858,1478
164729,3228,1456
164742,3673,1446
164755,3762,1434
164768,3638,1392
164780,3665,1418
164792,3665,1420
164805,3683,1422
164819,3682,1413
164832,3674,1413
164845,3664,1411
164858,3583,1372
164870,3668,1409
164882,3663,1407
164895,3659,1407
164909,3639,1406
164922,3618,1408
164935,3597,1407
164948,3499,1363
164960,3539,1405
164972,3511,1402
164985,3455,1405
164999,3417,1397
165012,3389,1402
165025,3365,1397
165038,3264,1360
165050,3312,1392
165062,3318,1392
165075,3309,1392
165089,3262,1389
165102,3243,1389
165115,3233,1390
165128,3133,1347
165140,3184,1383
165152,3168,1390
165165,3137,1389
165179,3120,1378
165192,3057,1360
165205,2951,1380
165218,2614,1345
165230,2544,1383
165242,2338,1386
165255,2206,1392
165269,1985,1398
165282,1840,1410
165295,1730,1418
165308,1630,1403
165320,1639,1459
165332,1612,1486
165345,1581,1507
165359,1535,1522
165372,1522,1562
165385,1500,1594
165398,1435,1600
165410,1456,1694
165422,1439,1762
165435,1415,1855
165449,1394,2019
165462,1389,2286
165475,1361,2775
165488,1322,3066
165500,1347,3386
165512,1334,3414
165525,1328,3328
165539,1318,3273
165552,1316,3310
165565,1306,3338
165578,1264,3247
165590,1295,3341
165602,1290,3368
165615,1299,3418
165629,1296,3426
165642,1321,3478
165655,1329,3520
165668,1303,3472
165680,1365,3542
165692,1405,3581
165705,1426,3582
165719,1449,3606
165732,1451,3549
165745,1497,3658
165758,1476,3632
165770,1530,3728
165782,1535,3743
165795,1553,3760
165809,1535,3767
165822,1554,3798
165835,1535,3814
165848,1503,3762
165860,1535,3836
165872,1535,3843
165885,1527,3856
165899,1520,3857
165912,1514,3887
165925,1498,3873
165938,1443,3813
165950,1469,3879
165962,1455,3865
165975,1451,3876
165989,1442,3862
166002,1445,3862
166015,1442,3865
166028,1398,3793
166040,1439,3879
166052,1440,3859
166066,1442,3860
166079,1443,3866
166092,1445,3879
166106,1438,3870
166119,1392,3806
166131,1419,3872
166144,1406,3878
166156,1397,3869
166169,1376,3881
166182,1355,3890
166196,1336,3861
166209,1290,3814
166220,1316,3879
166234,1299,3872
166246,1296,3871
166259,1286,3869
166272,1285,3879
166286,1280,3877
166299,1248,3791
166310,1283,3860
166324,1297,3867
166336,1320,3859
166349,1338,3862
166362,1371,3868
166376,1394,3863
166389,1382,3818
166400,1436,3876
166413,1443,3884
166426,1456,3884
166439,1461,3885
166452,1463,3885
166466,1457,3887
166479,1424,3815
166490,1470,3889
166503,1471,3893
166516,1488,3889
166529,1510,3878
166542,1521,3905
166556,1556,3874
166569,1535,3809
166580,1594,3875
166593,1615,3865
166606,1631,3872
166619,1639,3872
166632,1650,3877
166646,1661,3869
166659,1625,3804
166670,1670,3883
166683,1669,3874
166696,1664,3888
166709,1653,3888
166722,1649,3897
166736,1639,3885
166749,1584,3813
166760,1611,3881
166773,1602,3885
166786,1589,3882
166799,1578,3877
166812,1562,3875
166826,1527,3887
166839,1465,3824
166850,1474,3899
166863,1440,3901
166876,1391,3891
166889,1341,3893
166902,1302,3894
166916,1278,3881
166929,1233,3845
166940,1257,3899
166953,1254,3889
166966,1251,3891
166979,1249,3888
166992,1247,3878
167006,1248,3878
167019,1214,3795
167030,1247,3869
167043,1247,3863
167056,1243,3863
167069,1245,3862
167082,1232,3893
167096,1244,3859
167109,1212,3801
167120,1240,3859
167133,1235,3869
167146,1232,3882
167159,1228,3887
167172,1211,3888
167186,1214,3891
167199,1165,3829
167210,1183,3903
167223,1171,3895
167236,1167,3888
167249,1150,3883
167262,1147,3888
167276,1136,3887
167289,1098,3814
167300,1120,3887
167313,1113,3881
167326,1111,3879
167339,1104,3879
167352,1104,3887
167366,1102,3883
167379,1070,3814
167390,1095,3897
167403,1094,3898
167416,1089,3907
167429,1088,3895
167442,1088,3889
167456,1086,3890
167469,1054,3840
167480,1078,3888
167493,1074,3891
167506,1078,3901
167519,1072,3909
167532,1072,3904
167546,1072,3898
167559,1038,3835
167570,1067,3897
167583,1063,3907
167596,1067,3907
167609,1061,3905
167622,1069,3913
167636,1065,3907
167649,1031,3851
167660,1059,3904
167673,1056,3898
167686,1055,3915
167699,1057,3914
167712,1057,3920
167726,1055,3926
167739,1019,3859
167750,1049,3937
167763,1045,3931
167776,1047,3940
167789,1043,3939
167802,1043,3943
167816,1043,3941
167829,1010,3873
167840,1040,3941
167853,1037,3933
167866,1035,3946
167879,1035,3935
167893,1033,3938
167906,1033,3943
167919,1001,3875
167930,1034,3929
167943,1023,3934
167956,1023,3931
167969,1022,3926
167983,1023,3946
167996,1023,3949
168009,993,3878
168020,1022,3949
168033,1023,3943
168046,1023,3934
168059,1022,3941
168073,1023,3952
168086,1019,3949
168099,994,3878
168110,1021,3934
168123,1023,3942
168136,1031,3952
168149,1023,3942
168163,1023,3951
168176,1023,3955
168189,992,3898
168200,1023,3969
168213,1023,3961
168226,1023,3974
168239,1021,3958
168253,1015,3993
168266,1019,3971
168279,992,3904
168290,1017,3977
168303,1019,3969
168316,1019,3972
168329,1019,3980
168343,991,3888
168356,1019,3975
168369,992,3904
168380,1019,3982
168393,1019,3979
168406,1019,3979
168419,1023,3968
168433,1022,3984
168446,1023,3983
168459,993,3920
168470,1023,3984
168483,1034,3984
168496,1023,3979
168510,1036,3984
168523,1040,3985
168536,1044,3983
168549,1013,3919
168560,1052,3984
168573,1053,3990
168586,1059,3985
168600,1061,3984
168613,1066,3986
168626,1071,3973
168639,1040,3915
168650,1072,3977
168663,1072,3975
168676,1072,3984
168690,1073,3978
168703,1073,3985
168716,1073,3979
168729,1048,3916
168740,1077,3984
168753,1075,3982
168766,1079,3982
168780,1072,3976
168793,1076,3987
168806,1076,3970
168819,1043,3905
168830,1072,3973
168843,1072,3974
168856,1074,3983
168870,1069,3979
168883,1071,3995
168896,1072,3995
168909,1043,3920
168920,1070,3995
168933,1069,3997
168946,1070,3997
168960,1066,3993
168973,1069,3996
168986,1071,3972
168999,1040,3901
169010,1072,3970
169023,1072,3972
169036,1074,3968
169050,1082,3969
169063,1098,3978
169076,1118,3970
169089,1110,3911
169100,1161,3983
169113,1176,3986
169126,1190,3984
169140,1197,3985
169153,1209,3986
169166,1215,3971
169179,1188,3911
169191,1217,3984
169203,1221,3984
169216,1223,3994
169230,1217,3986
169243,1226,3991
169256,1219,3986
169269,1189,3920
169280,1218,3986
169293,1216,4000
169306,1215,4002
169320,1206,3998
169333,1213,4000
169346,1207,3997
169359,1173,3933
169372,1200,4000
169385,1198,4002
169397,1195,4002
169410,1197,3999
169423,1195,4003
169436,1193,4002
169450,1159,3930
169462,1192,4006
169475,1182,4010
169486,1189,4012
169500,1191,4001
169513,1189,4006
169526,1192,3999
169539,1162,3937
169551,1189,3995
169563,1189,3995
169576,1190,3999
169590,1185,3995
169603,1187,3996
169616,1182,3997
169629,1146,3930
169641,1177,4005
169653,1174,4003
169666,1169,4010
169680,1169,4007
169693,1170,4019
169706,1168,4010
169719,1137,3947
169731,1173,4011
169743,1168,4016
169756,1175,4025
169770,1173,4019
169783,1182,4016
169796,1183,4013
169809,1154,3947
169821,1186,4016
169833,1191,4016
169846,1198,4016
169860,1200,4015
169873,1202,4016
169886,1203,3994
169899,1174,3943
169911,1207,4022
169923,1211,4029
169936,1209,4033
169950,1205,4031
169963,1206,4037
169976,1207,4033
169989,1178,3958
170001,1209,4031
170013,1212,4041
170026,1215,4039
170040,1213,4035
170053,1217,4042
170066,1216,4035
170079,1186,3973
170091,1216,4032
170103,1216,4032
170116,1213,4034
170130,1207,4037
170143,1212,4036
170156,1203,4030
170169,1171,3968
170181,1206,4029
170193,1206,4032
170206,1206,4043
170220,1202,4033
170233,1208,4043
170246,1202,4033
170259,1170,3961
170271,1205,4035
170283,1201,4030
170296,1203,4036
170310,1204,4038
170323,1210,4050
170336,1209,4041
170349,1178,3984
170361,1212,4047
170373,1210,4039
170386,1215,4048
170400,1215,4043
170413,1219,4055
170426,1222,4057
170439,1186,3990
170451,1217,4068
170463,1222,4071
170476,1226,4075
170490,1228,4070
170503,1230,4076
170516,1231,4075
170529,1200,4016
170541,1233,4069
170553,1232,4065
170566,1233,4064
170580,1232,4065
170593,1235,4082
170606,1232,4095
170619,1201,4039
170631,1233,4095
170643,1232,4095
170656,1233,4095
170670,1232,4095
170683,1232,4095
170696,1231,4095
170709,1200,4032
170721,1228,4095
170733,1219,4094
170746,1219,4095
170760,1218,4095
170773,1217,4095
170786,1218,4095
170799,1178,4032
170811,1212,4095
170823,1206,4095
170837,1202,4095
170850,1200,4095
170863,1201,4095
170876,1199,4095
170889,1165,4053
170901,1198,4095
170913,1196,4095
170926,1194,4095
170940,1197,4095
170953,1200,4095
170966,1194,4095
170979,1165,4050
170991,1200,4095
171003,1198,4095
171016,1198,4095
171030,1197,4095
171043,1200,4095
171056,1198,4095
171069,1167,4050
171081,1199,4095
171093,1200,4095
171107,1198,4095
171120,1200,4095
171133,1197,4095
171146,1199,4095
171159,1166,4070
171171,1196,4095
171183,1196,4095
171197,1199,4095
171210,1191,4095
171223,1197,4095
171236,1191,4095
171249,1159,4064
171261,1190,4095
171273,1187,4095
171287,1189,4095
171300,1190,4095
171313,1191,4095
171326,1188,4095
171339,1155,4095
171351,1182,4095
171363,1173,4095
171377,1170,4095
171390,1168,4095
171403,1168,4095
171416,1163,4095
171429,1126,4080
171441,1158,4095
171453,1159,4095
171467,1158,4095
171480,1153,4095
171493,1123,4080
171506,1154,4095
171519,1121,4091
171531,1152,4095
171543,1149,4095
171557,1149,4095
171570,1146,4095
171583,1148,4095
171596,1147,4095
171609,1117,4095
171621,1143,4095
171634,1147,4095
171647,1146,4095
171660,1149,4095
171673,1155,4095
171686,1159,4095
171699,1132,4090
171711,1168,4095
171724,1174,4095
171737,1179,4095
171750,1183,4095
171763,1191,4095
171776,1190,4095
171789,1161,4095
171801,1198,4095
171814,1200,4095
171827,1202,4095
171840,1207,4095
171853,1216,4095
171866,1219,4095
171879,1195,4095
171891,1239,4095
171904,1247,4095
171917,1255,4095
171930,1263,4095
171943,1267,4095
171956,1273,4095
171969,1247,4095
171981,1281,4095
171994,1290,4095
172007,1291,4095
172020,1291,4095
172033,1297,4095
172046,1303,4095
172059,1279,4095
172071,1319,4095
172084,1328,4095
172097,1338,4095
172110,1351,4095
172123,1365,4095
172136,1374,4095
172149,1342,4095
172162,1388,4095
172175,1391,4095
172187,1396,4095
172200,1413,4095
172213,1421,4095
172226,1439,4095
172239,1415,4095
172251,1458,4095
172264,1459,4095
172277,1473,4095
172290,1483,4095
172303,1491,4095
172316,1499,4095
172329,1474,4095
172341,1520,4095
172354,1519,4095
172367,1520,4095
172380,1521,4095
172393,1477,4095
172406,1527,4095
172419,1489,4095
172431,1526,4095
172444,1523,4095
172457,1523,4095
172470,1523,4095
172483,1523,4095
172497,1511,4095
172510,1501,4095
172524,1497,4095
172537,1455,4095
172548,1488,4095
172562,1486,4095
172575,1481,4095
172588,1476,4095
172601,1441,4095
172614,1477,4095
172627,1437,4095
172639,1474,4095
172652,1472,4095
172665,1472,4095
172678,1469,4095
172691,1424,4095
172704,1456,4095
172717,1415,4095
172729,1455,4095
172742,1449,4095
172755,1447,3717
172768,1454,3012
172781,1415,2672
172794,1470,2500
172807,1441,2210
172819,1488,2147
172832,1501,2026
172845,1513,1930
172858,1525,1872
172871,1505,1786
172884,1567,1790
172897,1535,1715
172909,1595,1745
172922,1611,1733
172935,1648,1726
172948,1712,1711
172961,1808,1697
172974,2000,1665
172987,2259,1593
172999,2715,1616
173012,3006,1598
173025,3227,1579
173038,3425,1568
173051,3504,1498
173064,3583,1531
173077,3463,1488
173089,3535,1511
173102,3542,1507
173115,3538,1503
173128,3537,1502
173141,3463,1463
173154,3538,1503
173167,3491,1463
173179,3623,1505
173192,3709,1503
173205,3781,1510
173218,3888,1517
173231,3857,1481
173244,3921,1533
173257,3859,1505
173269,3914,1557
173282,3855,1567
173295,3837,1577
173308,3884,1579
173321,3809,1535
173334,3867,1584
173347,3807,1535
173359,3894,1587
173372,3877,1591
173385,3821,1592
173398,3792,1587
173411,3706,1535
173424,3767,1584
173437,3678,1535
173449,3739,1584
173462,3715,1579
173475,3702,1584
173488,3696,1584
173501,3606,1533
173514,3669,1582
173527,3570,1534
173539,3635,1578
173552,3634,1575
173565,3629,1574
173578,3619,1567
173591,3537,1521
173604,4095,1569
173617,4095,1520
173629,3613,1564
173642,4095,1565
173655,4095,1558
173668,4095,1535
173681,4095,1498
173694,4095,1535
173707,4095,1490
173719,4095,1531
173732,4095,1531
173745,4095,1535
173758,4095,1535
173771,4095,1506
173784,4095,1563
173797,3454,1523
173809,4095,1584
173822,3523,1591
173835,3495,1600
173848,3506,1607
173861,3422,1571
173874,3471,1616
173887,3375,1587
173899,3440,1632
173912,3447,1637
173925,3425,1648
173938,3413,1649
173951,3335,1616
173964,3413,1664
173977,3339,1633
173989,3406,1675
174002,3398,1680
174015,3395,1686
174028,3396,1691
174041,3312,1654
174054,3386,1705
174067,3312,1670
174079,3384,1712
174092,3380,1722
174105,3383,1727
174118,3377,1744
174131,3328,1713
174143,3374,1781
174156,3317,1753
174168,3378,1796
174181,3376,1808
174194,3374,1810
174207,3373,1815
174221,3334,1794
174234,3374,1811
174247,3300,1760
174258,3373,1798
174271,3365,1789
174284,3371,1787
174297,3365,1793
174311,3319,1778
174324,3360,1789
174337,3283,1738
174348,3359,1776
174361,3357,1765
174374,3365,1751
174387,3364,1739
174401,3333,1693
174414,3365,1711
174427,3298,1648
174438,3361,1675
174451,3361,1664
174464,3371,1661
174477,3376,1653
174491,3339,1621
174504,3376,1649
174517,3306,1599
174528,3376,1637
174541,3374,1630
174554,3376,1634
174567,3370,1618
174581,3334,1587
174594,3369,1613
174607,3293,1568
174618,3375,1609
174631,3375,1609
174644,3376,1606
174657,3376,1613
174671,3344,1589
174684,3377,1606
174697,3313,1569
174708,3388,1607
174721,3387,1606
174734,3391,1610
174747,3385,1609
174761,3351,1573
174774,3382,1609
174787,3312,1568
174798,3391,1614
174811,3390,1614
174824,3392,1613
174838,3392,1606
174851,3370,1570
174864,3390,1610
174877,3323,1566
174888,3391,1602
174901,3392,1604
174914,3395,1605
174928,3396,1601
174941,3371,1559
174954,3392,1589
174967,3318,1535
174978,3394,1590
174991,3387,1583
175004,3391,1581
175018,3389,1581
175031,3358,1535
175044,3387,1577
175057,3312,1521
175068,3386,1566
175081,3392,1559
175094,3396,1559
175108,3387,1555
175121,3364,1505
175134,3390,1535
175147,3315,1495
175158,3389,1521
175171,3390,1523
175184,3387,1526
175198,3383,1523
175211,3363,1474
175224,3381,1511
175237,3308,1475
175248,3377,1489
175261,3381,1503
175274,3386,1503
175288,3386,1488
175301,3363,1450
175314,3385,1483
175327,3312,1439
175338,3389,1477
175351,3385,1456
175364,3388,1456
175378,3387,1449
175391,3374,1401
175404,3390,1436
175417,3322,1392
175428,3393,1424
175441,3393,1417
175454,3397,1413
175468,3392,1398
175481,3375,1363
175494,3393,1398
175507,3329,1355
175519,3399,1392
175531,3399,1385
175544,3404,1380
175558,3392,1378
175571,3357,1333
175584,3395,1370
175597,3323,1329
175609,3399,1363
175621,3398,1361
175634,3395,1359
175648,3398,1359
175661,3349,1314
175674,3397,1355
175688,3329,1314
175700,3399,1347
175713,3408,1333
175726,3406,1332
175739,3408,1343
175753,3408,1345
175766,3408,1342
175779,3344,1310
175790,3410,1349
175803,3408,1347
175816,3408,1351
175829,3407,1344
175843,3410,1347
175856,3408,1346
175869,3338,1318
175880,3405,1351
175893,3407,1351
175906,3409,1355
175919,3410,1350
175933,3414,1358
175946,3411,1360
175959,3351,1319
175970,3418,1357
175983,3422,1354
175996,3423,1356
176009,3420,1346
176023,3431,1357
176036,3429,1351
176049,3358,1318
176060,3429,1350
176073,3433,1349
176086,3439,1354
176099,3435,1346
176113,3437,1354
176126,3447,1350
176139,3383,1322
176150,3450,1348
176163,3454,1347
176176,3461,1351
176190,3456,1349
176203,3465,1351
176216,3466,1353
176229,3394,1323
176240,3471,1351
176253,3462,1355
176266,3472,1358
176280,3475,1358
176293,3494,1363
176306,3496,1360
176319,3433,1327
176330,3506,1360
176343,3509,1361
176356,3538,1365
176370,3579,1367
176383,3601,1373
176396,3621,1373
176409,3575,1335
176420,3664,1371
176433,3678,1375
176446,3733,1378
176460,3755,1379
176473,3776,1386
176486,3792,1379
176499,3734,1345
176510,3802,1382
176523,3792,1380
176536,3143,1382
176550,2863,1386
176563,2507,1390
176576,2259,1390
176589,1915,1358
176600,1779,1395
176613,1632,1398
176626,1518,1403
176640,1409,1409
176653,1349,1419
176666,1300,1425
176679,1232,1405
176690,1247,1455
176703,1223,1472
176716,1203,1486
176730,1185,1494
176743,1168,1522
176756,1153,1535
176769,1107,1535
176780,1123,1648
176793,1109,1735
176806,1105,1846
176820,1104,2067
176833,1105,2479
176846,1104,3085
176859,1074,3803
176870,1107,3854
176883,1104,3749
176896,1108,3725
176910,1109,3737
176923,1122,3730
176936,1125,3697
176949,1095,3642
176960,1133,3707
176973,1133,3725
176986,1127,3746
177000,1118,3767
177013,1119,3771
177026,1115,3778
177039,1082,3743
177051,1111,3825
177063,1111,3821
177076,1109,3853
177090,1104,3856
177103,1111,3866
177116,1108,3863
177129,1083,3824
177141,1117,3901
177153,1123,3932
177166,1127,3927
177180,1125,3929
177193,1136,3948
177206,1136,3952
177219,1105,3888
177231,1141,3955
177243,1148,3954
177256,1151,3973
177270,1150,3993
177283,1154,4038
177296,1157,4047
177309,1127,3984
177321,1157,4059
177333,1157,4084
177346,1159,4080
177360,1159,4086
177373,1165,4080
177386,1167,4080
177399,1138,4026
177411,1169,4095
177423,1175,4095
177436,1182,4095
177450,1183,4095
177463,1184,4095
177476,1179,4095
177489,1148,4077
177501,1181,4095
177513,1183,3791
177526,1179,2948
177540,1178,2677
177553,1186,2454
177566,1184,2224
177579,1159,2037
177591,1195,1957
177603,1205,1865
177616,1246,1801
177630,1257,1750
177643,4095,1730
177656,4095,1703
177669,1283,1641
177681,1373,1661
177693,1472,1645
177706,1584,1625
177720,1744,1616
177733,2023,1607
177746,2559,1602
177759,2912,1566
177771,3293,1606
177783,3281,1610
177796,3215,1616
177810,3184,1615
177823,3195,1619
177836,3207,1616
177849,3152,1584
177861,3217,1616
177873,3237,1616
177886,3251,1615
177900,3265,1624
177913,3292,1630
177926,3287,1626
177939,3226,1593
177951,3305,1638
177963,3298,1638
177976,3312,1645
177990,3310,1648
178003,3319,1649
178016,3328,1659
178029,3261,1616
178041,3346,1661
178053,3351,1664
178066,3351,1667
178080,3353,1669
178093,3358,1680
178106,3355,1683
178119,3285,1649
178131,3348,1691
178143,3351,1695
178156,3347,1703
178170,3351,1707
178183,3359,1705
178196,3356,1711
178209,3286,1664
178221,3363,1710
178233,3361,1706
178246,3364,1702
178260,3359,1701
178273,3372,1703
178286,3361,1702
178299,3295,1654
178311,3370,1697
178323,3372,1698
178336,3363,1693
178350,3366,1695
178363,3367,1698
178376,3373,1695
178389,3301,1653
178401,3376,1693
178413,3375,1693
178426,3382,1694
178440,3391,1692
178453,3408,1694
178466,3406,1691
178479,3349,1653
178491,3427,1686
178503,3430,1683
178516,3436,1684
178530,3440,1683
178543,3447,1684
178556,3440,1680
178569,3376,1638
178581,3453,1674
178593,3452,1669
178606,3457,1670
178620,3451,1670
178633,3451,1674
178646,3442,1670
178659,3370,1626
178671,3433,1665
178683,2871,1664
178696,2661,1662
178710,2339,1658
178723,2102,1657
178736,1915,1652
178749,1730,1614
178761,1701,1649
178773,1648,1648
178786,1602,1648
178800,1574,1648
178813,1553,1648
178826,1529,1648
178839,1487,1615
178851,4095,1659
178863,4095,1665
178877,4095,1666
178890,4095,1669
178903,4095,1669
178916,4095,1665
178929,4095,1623
178941,4095,1661
178953,4095,1653
178967,4095,1655
178980,4095,1651
178993,4095,1651
179006,4095,1652
179019,4095,1611
179031,4095,1651
179043,4095,1650
179057,4095,1651
179070,4095,1651
179083,4095,1660
179096,4095,1651
179109,4095,1611
179121,4095,1652
179133,4095,1652
179147,4095,1650
179160,1446,1647
179173,1440,1649
179186,1439,1648
179199,1403,1614
179211,1431,1648
179223,1428,1643
179237,1431,1648
179250,1427,1639
179263,1431,1646
179276,1430,1645
179289,1395,1602
179301,1426,1638
179313,1426,1638
179327,1429,1631
179340,1428,1633
179353,1437,1632
179366,1438,1630
179379,1409,1590
179391,1447,1621
179404,1454,1617
179417,1456,1621
179430,1456,1621
179443,1459,1621
179456,1459,1618
179469,1424,1579
179481,1458,1616
179494,1453,1611
179507,1439,1612
179520,1424,1607
179533,1414,1610
179546,1393,1601
179559,1343,1567
179571,1357,1600
179584,1342,1600
179597,1327,1598
179610,1314,1598
179623,1311,1598
179636,1301,1600
179649,1267,1559
179661,1299,1598
179674,1302,1596
179687,1311,1587
179700,1322,1596
179713,1333,1600
179726,1351,1598
179739,1339,1555
179751,1393,1599
179764,1411,1600
179777,1421,1600
179790,1434,1600
179803,1453,1602
179816,1457,1607
179829,1431,1561
179841,1603,1603
179854,4095,1603
179867,4095,1611
179880,4095,1604
179893,4095,1610
179906,4095,1611
179919,4095,1570
179931,4095,1610
179944,4095,1613
179957,4095,1612
179970,4095,1606
179983,4095,1613
179996,4095,1611
180009,4095,1569
180021,4095,1610
180034,4095,1611
180047,4095,1610
180060,4095,1607
180073,4095,1613
180086,4095,1606
180099,4095,1566
180111,4095,1605
180124,4095,1603
180137,4095,1603
180150,4095,1599
180163,4095,1600
180176,4095,1596
180189,4095,1557
180201,4095,1597
180214,4095,1594
180227,4095,1592
180240,4095,1591
180253,4095,1591
180266,4095,1591
180279,4095,1535
180291,4095,1589
180304,1453,1584
180317,1459,1581
180330,1422,1584
180343,1419,1586
180356,1409,1584
180369,1373,1535
180381,1411,1585
180394,1409,1584
180407,1410,1584
180420,1408,1584
180433,1410,1584
180446,1412,1581
180459,1373,1535
180471,1411,1579
180484,1414,1584
180497,1429,1584
180510,1488,1581
180523,1587,1584
180536,1721,1582
180549,1743,1535
180561,1797,1582
180574,1785,1582
180587,1713,1581
180600,4095,1584
180613,4095,1585
180626,4095,1585
180639,4095,1535
180651,4095,1584
180664,4095,1583
180677,4095,1585
180690,4095,1588
180703,4095,1585
180716,4095,1579
180729,4095,1535
180741,4095,1584
180754,4095,1584
180767,4095,1584
180780,4095,1584
180793,4095,1588
180806,4095,1585
180819,4095,1535
180831,4095,1584
180844,4095,1581
180857,4095,1584
180870,4095,1582
180883,4095,1584
180896,4095,1583
180909,4095,1535
180921,4095,1585
180934,4095,1581
180947,4095,1584
180960,4095,1583
180973,4095,1585
180986,4095,1580
180999,4095,1535
181011,4095,1579
181024,4095,1579
181037,4095,1583
181050,2129,1577
181063,1491,1575
181076,1521,1573
181089,1392,1531
181101,1407,1574
181114,1402,1573
181127,1395,1572
181140,1392,1574
181153,1394,1573
181166,1391,1569
181179,1353,1521
181191,1391,1570
181204,1390,1571
181217,1388,1571
181230,1386,1571
181243,1390,1574
181256,1386,1569
181269,1351,1526
181281,1390,1569
181294,1385,1573
181307,1387,1570
181320,1383,1568
181333,1387,1573
181346,1389,1571
181359,1350,1526
181371,1386,1571
181384,1385,1571
181397,1387,1574
181410,1385,1569
181423,1392,1569
181436,1390,1571
181449,1351,1525
181461,1389,1568
181474,1389,1568
181487,1390,1571
181500,1391,1569
181513,1390,1575
181526,1390,1574
181539,1358,1527
181551,1392,1574
181564,1387,1571
181577,1391,1571
181590,1391,1572
181603,1392,1576
181616,1389,1570
181629,1357,1534
181641,1392,1569
181654,1393,1574
181667,1393,1578
181680,1393,1575
181693,1395,1581
181706,1394,1577
181719,1361,1532
181731,1398,1575
181744,1397,1578
181757,1394,1578
181770,1394,1579
181783,1401,1579
181796,1395,1575
181809,1360,1533
181821,1392,1575
181834,1392,1578
181847,1394,1577
181860,1394,1577
181873,1392,1577
181886,1393,1578
181899,1360,1534
181911,1393,1575
181924,1394,1579
181937,1392,1575
181950,1392,1578
181963,1398,1582
181976,1392,1577
181989,1359,1531
182001,1392,1571
182014,1392,1575
182027,1396,1579
182040,1393,1577
182053,1394,1576
182067,1392,1575
182080,1357,1520
182094,1392,1575
182107,1360,1530
182118,1395,1578
182131,1399,1578
182144,1402,1575
182157,1402,1569
182171,1363,1524
182184,1405,1569
182197,1363,1525
182208,1397,1575
182221,1397,1574
182234,1403,1575
182247,1403,1573
182261,1362,1520
182274,1422,1574
182287,1397,1530
182298,1523,1578
182311,1567,1575
182324,1599,1578
182337,1535,1575
182351,1498,1524
182364,1535,1575
182377,1529,1530
182388,1671,1578
182401,1693,1575
182414,1841,1575
182427,1987,1574
182441,2063,1525
182454,1925,1577
182467,1671,1530
182478,1691,1574
182491,1584,1578
182504,1815,1579
182517,2035,1575
182531,1424,1523
182544,1478,1579
182557,2065,1526
182568,4095,1582
182581,1584,1574
182594,1559,1575
182607,2304,1575
182621,2082,1521
182634,1996,1573
182647,2144,1531
182658,2341,1578
182671,1661,1575
182684,1472,1574
182698,1458,1571
182711,1405,1520
182724,1434,1569
182737,1369,1521
182748,1392,1569
182761,1382,1569
182774,1382,1570
182788,1375,1571
182801,1329,1518
182814,1367,1571
182827,1339,1519
182838,1367,1563
182851,1363,1567
182864,1361,1568
182878,1359,1568
182891,1311,1514
182904,1355,1564
182917,1326,1520
182928,1358,1561
182941,1351,1563
182954,1355,1563
182968,1347,1558
182981,1313,1535
182994,1347,1557
183007,1303,1511
183018,1344,1559
183031,1341,1558
183044,1344,1562
183058,1342,1555
183071,1293,1507
183084,1342,1558
183097,1303,1515
183108,1335,1558
183121,1337,1557
183134,1339,1561
183148,1337,1557
183161,1291,1505
183174,1333,1555
183187,1297,1518
183199,1333,1555
183211,1334,1554
183224,1332,1557
183238,1335,1553
183251,1287,1501
183264,1331,1555
183277,1296,1506
183288,1329,1557
183301,1327,1535
183314,1328,1555
183328,1328,1554
183341,1281,1497
183354,1328,1557
183367,1293,1509
183378,1328,1535
183391,1328,1535
183404,1326,1535
183418,1326,1553
183431,1279,1503
183443,1327,1535
183456,1325,1553
183467,1328,1535
183481,1323,1535
183494,1327,1554
183507,1327,1535
183520,1293,1508
183532,1322,1535
183545,1319,1535
183557,1327,1535
183570,1325,1535
183583,1327,1553
183596,1328,1535
183609,1293,1509
183621,1325,1535
183634,1325,1535
183647,1328,1535
183660,1328,1535
183673,1330,1553
183686,1330,1535
183699,1298,1511
183711,1329,1535
183724,1328,1535
183737,1329,1535
183750,1331,1535
183763,1334,1552
183776,1333,1535
183789,1303,1513
183801,1332,1535
183814,1334,1535
183827,1341,1535
183840,1337,1535
183853,1342,1553
183866,1342,1535
183879,1305,1510
183891,1338,1535
183904,1337,1535
183917,1342,1554
183930,1342,1552
183943,1344,1555
183956,1343,1535
183969,1311,1510
183981,1347,1552
183994,1348,1557
184007,1348,1556
184020,1353,1535
184033,1358,1555
184046,1361,1556
184059,1328,1518
184071,1361,1559
184084,1363,1559
184097,1369,1561
184110,1373,1558
184123,1371,1566
184136,1375,1566
184149,1344,1520
184161,1381,1561
184174,1379,1564
184187,1386,1562
184200,1387,1568
184213,1392,1574
184226,1392,1571
184239,1360,1530
184251,1395,1573
184264,1398,1575
184277,1400,1582
184290,1406,1582
184303,1406,1584
184316,1413,1584
184329,1382,1535
184341,1419,1585
184354,1429,1589
184367,1446,1590
184380,1610,1591
184393,1717,1598
184406,1499,1595
184419,1570,1556
184431,4095,1600
184444,4095,1601
184457,4095,1603
184470,4095,1600
184483,4095,1604
184496,4095,1603
184509,4095,1570
184521,4095,1613
184534,4095,1611
184547,4095,1615
184560,4095,1616
184573,4095,1616
184586,4095,1619
184599,4095,1587
184611,4095,1625
184624,4095,1627
184637,4095,1629
184650,4095,1630
184663,4095,1629
184676,4095,1634
184689,4095,1593
184701,4095,1635
184714,4095,1639
184727,4095,1642
184740,4095,1638
184753,4095,1647
184766,4095,1643
184779,4095,1599
184791,4095,1638
184804,4095,1641
184817,4095,1643
184830,4095,1642
184843,4095,1645
184856,4095,1641
184869,4095,1600
184881,4095,1646
184894,4095,1642
184907,4095,1646
184920,4095,1639
184933,4095,1645
184946,4095,1641
184959,4095,1595
184971,4095,1647
184984,4095,1648
184997,4095,1643
185010,4095,1643
185023,4095,1639
185036,4095,1637
185049,4095,1597
185061,4095,1636
185074,4095,1638
185087,4095,1635
185100,4095,1635
185113,4095,1641
185126,4095,1633
185139,4095,1594
185151,4095,1634
185164,4095,1629
185177,4095,1631
185190,4095,1630
185203,4095,1633
185216,4095,1627
185230,4095,1586
185241,4095,1627
185255,4095,1623
185267,4095,1623
185280,4095,1620
185293,4095,1623
185306,4095,1618
185320,4095,1574
185331,4095,1619
185344,4095,1617
185357,4095,1616
185370,4095,1612
185383,4095,1617
185396,4095,1607
185410,4095,1567
185421,4095,1607
185434,4095,1603
185447,4095,1607
185460,4095,1603
185473,4095,1602
185486,4095,1600
185500,4095,1555
185511,4095,1600
185524,4095,1600
185537,4095,1594
185550,4095,1595
185563,4095,1596
185576,1427,1585
185590,1369,1535
185601,1405,1584
185614,1403,1581
185627,1395,1581
185640,1391,1583
185653,1391,1584
185667,1391,1578
185680,1352,1535
185691,1387,1577
185704,1387,1581
185717,1386,1578
185730,1381,1575
185743,1374,1578
185756,1371,1571
185770,1337,1530
185781,1371,1569
185794,1365,1567
185807,1360,1569
185820,1360,1568
185833,1360,1568
185847,1357,1565
185860,1312,1521
185871,1348,1558
185884,1349,1559
185897,1343,1559
185910,1342,1555
185923,1339,1561
185937,1334,1558
185950,1295,1511
185961,1328,1553
185974,1328,1535
185987,1327,1535
186000,1318,1535
186013,1325,1535
186027,1319,1535
186040,1280,1504
186051,1314,1535
186064,1310,1535
186077,1311,1535
186090,1311,1535
186103,1310,1535
186117,1308,1535
186130,1266,1502
186143,1300,1535
186156,1303,1535
186168,1296,1535
186181,1299,1535
186194,1302,1535
186207,1301,1531
186220,1264,1494
186232,1299,1534
186245,1293,1531
186257,1298,1535
186270,1297,1531
186283,1299,1531
186297,1296,1530
186310,1266,1492
186321,1299,1531
186334,1299,1531
186347,1296,1533
186360,1298,1530
186373,1299,1530
186387,1297,1531
186400,1264,1490
186411,1296,1531
186424,1301,1527
186437,1301,1530
186450,1301,1533
186463,1298,1531
186477,1297,1533
186490,1266,1491
186501,1300,1530
186514,1299,1534
186527,1301,1535
186540,1297,1531
186553,1303,1535
186567,1303,1534
186580,1274,1494
186591,1307,1533
186604,1306,1535
186617,1308,1535
186630,1308,1535
186643,1310,1535
186657,1306,1535
186670,1280,1499
186681,1305,1535
186694,1310,1533
186707,1313,1535
186720,1317,1535
186733,1316,1535
186747,1313,1535
186760,1281,1495
186771,1314,1535
186784,1317,1535
186797,1315,1535
186810,1316,1535
186823,1318,1535
186837,1316,1535
186850,1280,1498
186861,1317,1535
186874,1319,1535
186887,1318,1535
186900,1317,1532
186913,1323,1535
186927,1320,1535
186940,1290,1498
186951,1321,1535
186964,1323,1534
186977,1323,1535
186990,1322,1535
187003,1328,1535
187017,1328,1535
187030,1295,1502
187041,1328,1535
187054,1328,1535
187067,1329,1535
187080,1328,1535
187093,1333,1535
187107,1334,1535
187120,1298,1503
187131,1331,1535
187144,1331,1535
187157,1334,1535
187170,1333,1535
187183,1337,1535
187197,1333,1535
187210,1299,1507
187221,1335,1535
187234,1333,1535
187247,1338,1535
187260,1333,1535
187273,1339,1535
187287,1341,1535
187300,1302,1505
187311,1338,1535
187324,1341,1535
187337,1343,1535
187350,1338,1535
187363,1344,1535
187377,1338,1535
187390,1309,1506
187401,1343,1535
187414,1343,1535
187427,1344,1535
187440,1341,1535
187453,1344,1535
187467,1344,1535
187480,1315,1503
187491,1347,1535
187504,1349,1535
187517,1351,1535
187530,1345,1535
187543,1354,1535
187557,1351,1535
187570,1321,1510
187581,1356,1535
187594,1357,1535
187607,1358,1535
187620,1360,1535
187633,1363,1555
187647,1362,1552
187660,1329,1511
187671,1367,1553
187684,1365,1553
187697,1367,1556
187710,1368,1553
187723,1373,1558
187737,1372,1561
187750,1337,1519
187761,1373,1557
187774,1377,1555
187787,1374,1557
187800,1375,1561
187813,1381,1565
187827,1378,1559
187840,1344,1518
187851,1383,1559
187864,1380,1559
187877,1386,1561
187890,1385,1565
187903,1387,1565
187917,1386,1563
187930,1357,1523
187941,1391,1563
187954,1391,1563
187967,1391,1565
187980,1392,1567
187993,1393,1570
188007,1391,1566
188020,1358,1523
188031,1391,1570
188044,1391,1570
188057,1393,1575
188070,1395,1569
188083,1395,1571
188097,1394,1571
188110,1360,1531
188121,1394,1575
188134,1397,1575
188147,1395,1583
188160,1395,1575
188173,1399,1573
188187,1398,1578
188200,1367,1535
188211,1396,1573
188224,1397,1573
188237,1397,1578
188250,1402,1581
188263,1359,1529
188277,1398,1578
188290,1367,1535
188301,1401,1584
188314,1401,1584
188327,1400,1583
188340,1401,1583
188353,1404,1584
188367,1402,1585
188380,1373,1535
188391,1405,1585
188404,1407,1585
188417,1410,1586
188430,1410,1586
188445,1415,1589
188458,1414,1587
188471,1374,1559
188484,1411,1587
188497,1380,1535
188509,1417,1586
188522,1424,1596
188535,1417,1594
188548,1423,1589
188561,1376,1558
188574,1422,1594
188587,1391,1535
188599,1424,1595
188612,1423,1594
188625,1424,1598
188638,1428,1597
188651,1390,1565
188664,1430,1599
188677,1392,1558
188689,1435,1602
188702,1437,1600
188715,1438,1605
188728,1436,1605
188741,1396,1575
188754,1437,1610
188767,1403,1568
188779,1439,1609
188792,1445,1616
188805,1454,1616
188818,1449,1617
188831,1409,1593
188844,1456,1616
188857,1421,1584
188869,1456,1623
188882,1457,1626
188895,1466,1632
188908,1465,1630
188921,1421,1603
188934,1483,1637
188947,1685,1598
188959,1764,1641
188972,1622,1641
188985,4095,1648
188998,4095,1648
189011,4095,1619
189024,4095,1651
189037,4095,1619
189049,4095,1662
189062,4095,1664
189075,4095,1667
189088,4095,1667
189101,4095,1643
189114,4095,1669
189127,4095,1630
189139,4095,1673
189152,4095,1674
189165,4095,1671
189178,4095,1673
189191,4095,1650
189204,4095,1675
189217,4095,1631
189229,4095,1678
189242,4095,1678
189255,4095,1679
189268,4095,1678
189281,4095,1693
189294,4095,1675
189307,4095,1634
189319,4095,1679
189332,4095,1678
189345,4095,1680
189358,4095,1679
189371,4095,1657
189384,4095,1680
189397,4095,1635
189409,4095,1679
189422,4095,1680
189435,4095,1680
189448,4095,1680
189461,4095,1662
189474,4095,1680
189487,4095,1643
189499,4095,1680
189512,4095,1680
189525,4095,1683
189538,4095,1681
189551,4095,1663
189564,4095,1681
189577,4095,1644
189589,4095,1680
189602,4095,1682
189615,4095,1683
189628,4095,1681
189641,4095,1664
189654,4095,1683
189667,4095,1647
189679,4095,1683
189692,4095,1685
189705,4095,1685
189718,4095,1681
189731,4095,1670
189744,4095,1680
189757,4095,1648
189769,4095,1683
189782,4095,1680
189795,4095,1682
189809,4095,1681
189822,4095,1639
189835,4095,1683
189848,4095,1643
189860,4095,1686
189872,4095,1683
189886,4095,1684
189899,4095,1685
189912,4095,1639
189925,4095,1680
189938,4095,1643
189950,4095,1684
189962,4095,1680
189976,4095,1683
189989,4095,1680
190002,4095,1639
190015,4095,1680
190028,4095,1638
190040,4095,1683
190052,4095,1680
190066,4095,1683
190079,4095,1680
190092,4095,1643
190105,4095,1681
190118,4095,1643
190130,4095,1680
190142,4095,1680
190156,4095,1681
190169,4095,1681
190182,4095,1639
190195,4095,1680
190208,4095,1639
190220,4095,1683
190232,4095,1680
190246,4095,1680
190259,4095,1680
190272,4095,1639
190285,4095,1680
190298,4095,1641
190310,4095,1680
190323,4095,1680
190336,4095,1680
190349,4095,1680
190362,4095,1654
190376,4095,1680
190389,4095,1637
190400,4095,1680
190413,4095,1678
190426,4095,1681
190439,4095,1680
190452,4095,1637
190466,4095,1680
190479,4095,1635
190490,4095,1679
190503,4095,1675
190516,4095,1676
190529,4095,1679
190542,4095,1691
190556,4095,1677
190569,4095,1630
190580,4095,1673
190593,4095,1667
190606,4095,1665
190619,4095,1670
190632,4095,1680
190646,4095,1665
190659,4095,1619
190670,4095,1665
190683,4095,1661
190696,4095,1663
190709,4095,1662
190722,4095,1679
190736,4095,1662
190749,4095,1618
190760,4095,1662
190773,4095,1664
190786,4095,1661
190799,4095,1661
190812,4095,1680
190826,4095,1659
190839,4095,1617
190850,4095,1658
190863,4095,1659
190876,4095,1661
190889,4095,1660
190902,4095,1677
190916,4095,1662
190929,4095,1621
190940,4095,1657
190953,4095,1661
190966,4095,1663
190979,4095,1664
190992,4095,1680
191006,4095,1663
191019,4095,1616
191030,4095,1663
191043,4095,1663
191056,4095,1662
191069,4095,1661
191082,4095,1677
191096,4095,1662
191109,4095,1620
191120,4095,1662
191133,4095,1661
191146,4095,1660
191159,4095,1663
191172,4095,1680
191186,4095,1661
191199,4095,1623
191210,4095,1664
191223,4095,1663
191236,4095,1664
191249,4095,1665
191262,4095,1679
191276,4095,1663
191289,4095,1621
191300,4095,1663
191313,4095,1663
191326,4095,1664
191339,4095,1663
191353,4095,1680
191366,4095,1664
191379,4095,1627
191390,4095,1661
191403,4095,1659
191416,4095,1664
191429,4095,1662
191443,4095,1647
191456,4095,1664
191469,1535,1620
191480,1507,1657
191493,1503,1655
191506,1501,1661
191519,1495,1658
191533,1488,1675
191546,1489,1657
191559,1451,1619
191570,1488,1662
191583,1486,1658
191596,1488,1661
191609,1482,1654
191623,1482,1663
191636,1476,1660
191650,1443,1617
191662,1474,1661
191675,1470,1659
191688,1471,1656
191701,1463,1659
191714,1463,1660
191727,1457,1661
191740,1420,1617
191752,1453,1659
191764,1450,1658
191778,1447,1655
191791,1439,1658
191804,1436,1661
191817,1433,1654
191830,1392,1616
191842,1426,1657
191855,1421,1653
191868,1420,1655
191881,1414,1653
191894,1409,1655
191907,1405,1653
191920,1363,1616
191932,1393,1651
191945,1387,1650
191958,1387,1651
191971,1375,1647
191984,1361,1648
191997,1353,1651
192010,1313,1606
192022,1344,1647
192035,1335,1647
192048,1331,1645
192061,1327,1645
192074,1324,1645
192087,1315,1639
192100,1275,1600
192112,1309,1632
192125,1303,1631
192138,1301,1634
192151,1296,1630
192164,1296,1627
192177,1293,1622
192190,1257,1584
192202,1289,1617
192215,1282,1616
192228,1280,1619
192241,1271,1616
192254,1273,1616
192267,1269,1615
192280,1239,1571
192292,1265,1607
192305,1265,1608
192318,1264,1601
192331,1263,1602
192344,1262,1600
192357,1261,1599
192370,1227,1558
192382,1252,1596
192395,1249,1595
192408,1250,1595
192421,1250,1591
192434,1247,1587
192447,1245,1586
192460,1211,1535
192472,1245,1584
192485,1245,1578
192498,1452,1580
192511,4095,1584
192524,4095,1583
192537,4095,1583
192550,4095,1532
192562,4095,1570
192575,4095,1571
192588,4095,1570
192601,4095,1566
192614,4095,1567
192627,4095,1565
192640,4095,1519
192652,4095,1558
192665,4095,1555
192678,4095,1558
192691,4095,1535
192704,4095,1554
192717,4095,1535
192730,4095,1505
192742,4095,1535
192755,4095,1535
192768,4095,1535
192781,4095,1535
192794,1207,1531
192807,1201,1529
192820,1173,1491
192832,1200,1525
192845,1200,1523
192858,1200,1520
192871,1200,1521
192884,1202,1521
192897,1200,1520
192910,1168,1481
192922,1200,1514
192935,1200,1516
192948,1200,1509
192961,1198,1508
192974,1200,1507
192987,1195,1505
193000,1166,1469
193012,1198,1499
193025,1200,1499
193038,1200,1494
193051,1200,1483
193064,1166,1455
193077,1198,1488
193090,1165,1454
193102,1191,1488
193115,1190,1485
193128,1191,1485
193141,1193,1483
193154,1192,1481
193167,1191,1481
193180,1158,1439
193192,1191,1477
193205,1188,1472
193218,1187,1474
193231,1189,1471
193244,1193,1473
193257,1191,1471
193270,1160,1431
193282,1187,1470
193295,1190,1469
193308,1190,1465
193321,1187,1467
193334,1195,1473
193347,1190,1466
193360,1157,1430
193372,1189,1466
193385,1191,1463
193398,1189,1466
193411,1190,1459
193424,1190,1463
193437,1187,1463
193450,1161,1424
193462,1193,1457
193475,1191,1456
193488,1191,1457
193501,1192,1456
193514,1168,1447
193527,1195,1455
193540,1163,1420
193552,1195,1455
193565,1190,1453
193578,1189,1453
193591,1189,1442
193604,1189,1439
193617,1184,1439
193630,1149,1403
193642,1183,1430
193655,1174,1427
193668,1178,1427
193681,1171,1425
193694,1170,1423
193707,1162,1423
193720,1136,1382
193732,1152,1414
193745,1157,1415
193758,1151,1408
193771,1149,1406
193784,1142,1408
193797,1137,1405
193810,1104,1366
193822,1130,1399
193835,1127,1397
193848,1125,1395
193861,1108,1393
193874,1106,1393
193887,1105,1392
193900,1072,1358
193912,1095,1392
193925,1095,1392
193938,1091,1392
193951,1093,1391
193964,1094,1392
193977,1091,1390
193990,1066,1356
194002,1088,1391
194015,1091,1389
194028,1087,1391
194041,1091,1390
194054,1088,1392
194067,1089,1391
194080,1058,1355
194092,1086,1392
194105,1082,1392
194118,1085,1392
194131,1085,1392
194144,1088,1394
194157,1084,1394
194170,1057,1361
194182,1083,1394
194195,1086,1395
194208,1084,1401
194221,1084,1399
194234,1086,1408
194247,1086,1409
194260,1056,1376
194272,1087,1411
194285,1086,1419
194298,1087,1418
194311,1086,1424
194324,1088,1426
194337,1085,1427
194350,1057,1402
194362,1083,1437
194375,1088,1437
194388,1089,1449
194401,1088,1455
194414,1088,1461
194427,1088,1463
194440,1064,1431
194452,1091,1470
194465,1090,1473
194478,1093,1477
194491,1090,1482
194504,1095,1491
194517,1095,1489
194530,1072,1467
194543,1095,1511
194557,1099,1517
194568,1101,1520
194581,1097,1526
194594,1104,1535
194607,1103,1535
194620,1077,1508
194632,1104,1552
194645,1104,1565
194658,1105,1573
194671,1104,1575
194684,1109,1582
194697,1104,1587
194710,1079,1535
194722,1105,1588
194735,1105,1591
194748,1105,1587
194761,1105,1587
194774,1104,1591
194787,1104,1585
194800,1075,1535
194812,1104,1579
194825,1104,1575
194838,1104,1569
194851,1101,1558
194864,1101,1535
194877,1100,1535
194890,1072,1489
194902,1098,1526
194915,1098,1520
194928,1100,1520
194941,1101,1515
194954,1099,1508
194967,1102,1504
194980,1070,1462
194992,1099,1499
195005,1102,1494
195018,1103,1493
195031,1101,1488
195044,1103,1493
195057,1103,1489
195070,1078,1456
195082,1104,1485
195095,1104,1488
195108,1104,1485
195121,1103,1486
195134,1105,1487
195147,1104,1481
195160,1072,1444
195172,1101,1477
195185,1101,1474
195198,1103,1473
195211,1102,1472
195224,1104,1471
195237,1103,1467
195250,1076,1431
195263,1104,1467
195275,1104,1466
195288,1102,1463
195301,1104,1458
195314,1104,1460
195327,1099,1458
195340,1075,1422
195352,1102,1452
195365,1102,1447
195378,1104,1446
195391,1102,1440
195404,1104,1442
195417,1102,1441
195430,1072,1401
195443,1104,1438
195455,1101,1437
195468,1103,1433
195481,1103,1431
195494,1104,1430
195507,1100,1424
195520,1072,1392
195532,1101,1424
195545,1098,1424
195558,1099,1423
195571,1103,1420
195584,1101,1414
195597,1102,1413
195610,1070,1381
195623,1103,1417
195635,1092,1413
195647,1100,1409
195660,1096,1408
195673,1099,1414
195687,1099,1410
195700,1072,1376
195711,1097,1411
195724,1099,1409
195737,1099,1409
195750,1094,1408
195763,1099,1408
195777,1100,1407
195790,1072,1374
195801,1098,1407
195814,1098,1409
195827,1100,1413
195840,1098,1415
195853,1099,1421
195867,1101,1424
195880,1072,1390
195891,1098,1425
195904,1097,1426
195917,1102,1428
195930,1096,1426
195944,1101,1433
195957,1101,1430
195970,1072,1397
195981,1101,1435
195994,1101,1434
196007,1101,1436
196020,1101,1438
196033,1103,1440
196047,1101,1442
196060,1069,1408
196071,1102,1441
196084,1099,1446
196097,1104,1445
196110,1099,1443
196124,1102,1447
196137,1102,1451
196150,1072,1413
196161,1099,1454
196174,1100,1454
196187,1104,1456
196200,1104,1458
196214,1104,1460
196227,1103,1456
196240,1074,1421
196251,1104,1459
196264,1104,1456
196277,1104,1459
196290,1104,1459
196304,1104,1459
196317,1105,1460
196330,1077,1424
196341,1107,1462
196354,1111,1458
196367,1122,1462
196380,1119,1460
196394,1126,1463
196407,1124,1461
196420,1095,1424
196431,1123,1463
196444,1122,1467
196457,1123,1469
196470,1125,1466
196484,1129,1465
196497,1125,1468
196510,1103,1434
196521,1127,1466
196534,1130,1465
196547,1126,1467
196560,1130,1468
196574,1101,1447
196587,1131,1470
196600,1095,1434
196611,1127,1468
196624,1134,1467
196637,1134,1469
196650,1133,1470
196664,1136,1471
196677,1133,1472
196690,1104,1434
196701,1133,1470
196714,1136,1470
196727,1136,1472
196741,1136,1470
196754,1136,1471
196767,1136,1470
196780,1109,1433
196791,1137,1472
196804,1136,1472
196817,1136,1472
196831,1140,1472
196844,1139,1472
196857,1139,1472
196870,1107,1438
196881,1142,1473
196894,1141,1472
196907,1143,1473
196921,1143,1472
196934,1145,1473
196947,1143,1471
196960,1113,1437
196971,1141,1474
196984,1143,1472
196997,1143,1474
197011,1143,1474
197024,1148,1477
197037,1146,1472
197050,1117,1437
197061,1146,1474
197074,1145,1473
197087,1151,1476
197101,1153,1472
197114,1154,1479
197127,1153,1474
197140,1122,1440
197151,1153,1475
197164,1156,1474
197177,1157,1475
197191,1162,1473
197204,1161,1476
197217,1158,1473
197230,1131,1440
197241,1159,1472
197254,1158,1474
197267,1159,1473
197281,1159,1474
197294,1166,1476
197307,1162,1473
197320,1135,1440
197331,1165,1474
197344,1167,1477
197357,1165,1477
197371,1166,1477
197384,1169,1475
197397,1168,1477
197410,1140,1444
197421,1168,1478
197434,1175,1476
197447,1173,1479
197461,1171,1478
197474,1179,1479
197487,1171,1476
197500,1149,1443
197511,1175,1482
197524,1175,1478
197537,1179,1485
197551,1178,1485
197564,1185,1487
197577,1182,1483
197590,1155,1447
197602,1183,1488
197614,1189,1486
197627,1186,1488
197641,1189,1488
197654,1187,1488
197667,1193,1488
197680,1157,1450
197691,1190,1488
197704,1187,1487
197717,1191,1490
197731,1191,1488
197744,1200,1489
197757,1197,1489
197770,1165,1456
197782,1200,1491
197794,1197,1494
197807,1200,1491
197821,1199,1491
197834,1200,1498
197847,1198,1497
197860,1168,1463
197872,1198,1498
197884,1198,1497
197897,1200,1503
197911,1200,1501
197924,1201,1502
197937,1203,1505
197950,1171,1469
197962,1206,1505
197974,1203,1506
197987,1203,1507
198001,1202,1509
198014,1207,1516
198028,1206,1509
198041,1197,1476
198054,1207,1510
198067,1174,1475
198079,1210,1517
198092,1213,1517
198105,1216,1518
198118,1213,1520
198131,1200,1486
198144,1215,1523
198157,1184,1488
198169,1218,1526
198182,1219,1530
198195,1221,1535
198208,1219,1525
198221,1209,1491
198234,1226,1534
198247,1200,1501
198259,1227,1535
198272,1230,1535
198285,1230,1535
198298,1232,1535
198311,1217,1502
198324,1232,1535
198337,1202,1505
198349,1234,1535
198362,1236,1535
198375,1245,1556
198388,1238,1554
198401,1232,1502
198414,1246,1554
198427,1213,1517
198439,1251,1555
198452,1250,1553
198465,1251,1562
198478,1254,1559
198491,1241,1503
198504,1254,1567
198517,1223,1520
198529,1259,1565
198542,1253,1568
198555,1261,1568
198568,1257,1566
198581,1236,1503
198594,1258,1572
198607,1227,1525
198619,1259,1578
198632,1259,1566
198645,1263,1569
198658,1262,1569
198671,1247,1519
198684,1257,1567
198697,1232,1521
198709,1260,1571
198722,1263,1568
198735,1263,1569
198748,1264,1569
198761,1248,1512
198773,1262,1564
198786,1264,1569
198798,1264,1572
198811,1263,1568
198824,1263,1569
198838,1264,1567
198851,1228,1526
198863,1261,1563
198876,1251,1567
198888,1261,1565
198901,1262,1562
198914,1261,1563
198927,1258,1565
198940,1229,1521
198952,1257,1565
198965,1261,1563
198977,1255,1563
198991,1258,1563
199004,1258,1563
199017,1255,1562
199030,1223,1519
199042,1255,1554
199055,1255,1557
199067,1249,1559
199081,1249,1557
199094,1253,1561
199107,1248,1558
199120,1218,1514
199132,1248,1554
199144,1243,1535
199157,1242,1535
199171,1237,1535
199184,1238,1535
199197,1233,1535
199210,1203,1503
199222,1232,1535
199234,1232,1535
199248,1232,1535
199261,1232,1535
199274,1232,1535
199287,1229,1534
199300,1200,1495
199312,1222,1533
199324,1223,1523
199338,1218,1523
199351,1221,1521
199364,1221,1520
199377,1216,1520
199390,1185,1477
199402,1215,1510
199415,1212,1514
199428,1207,1509
199441,1204,1510
199454,1209,1508
199467,1204,1502
199480,1171,1469
199492,1201,1495
199504,1200,1497
199518,1200,1494
199531,1195,1491
199544,1198,1490
199557,1194,1490
199570,1161,1456
199582,1193,1489
199595,1186,1485
199608,1187,1488
199621,1183,1483
199634,1177,1487
199647,1173,1482
199660,1147,1446
199672,1168,1478
199684,1169,1480
199698,1168,1482
199711,1169,1474
199724,1168,1478
199737,1166,1478
199750,1130,1441
199762,1161,1472
199774,1154,1474
199788,1152,1475
199801,1153,1473
199814,1152,1475
199827,1150,1470
199840,1118,1435
199852,1145,1467
199864,1147,1470
199878,1145,1469
199891,1145,1470
199904,1142,1467
199917,1138,1469
199930,1109,1426
199942,1137,1462
199955,1136,1463
199968,1136,1463
199981,1134,1462
199994,1135,1458
200007,1135,1461
200020,1102,1427
200032,1135,1459
200044,1131,1457
200058,1133,1455
200071,1131,1456
200084,1126,1457
200097,1122,1456
200110,1095,1419
200122,1121,1451
200135,1120,1453
200148,1119,1451
200161,1119,1447
200174,1123,1453
200187,1121,1450
200200,1088,1408
200212,1117,1443
200225,1117,1445
200238,1120,1440
200251,1122,1451
200264,1119,1427
200277,1115,1435
200290,1089,1397
200302,1115,1431
200315,1115,1432
200328,1119,1431
200341,1117,1431
200354,1120,1430
200367,1115,1430
200380,1085,1396
200392,1112,1426
200405,1111,1426
200418,1111,1426
200431,1111,1431
200444,1110,1425
200457,1109,1425
200470,1081,1392
200482,1109,1427
200495,1108,1424
200508,1107,1430
200521,1106,1425
200534,1106,1427
200547,1106,1425
200560,1076,1392
200572,1104,1429
200585,1103,1426
200598,1105,1424
200611,1103,1426
200624,1104,1430
200637,1104,1427
200650,1075,1397
200662,1104,1428
200675,1104,1429
200688,1104,1430
200701,1104,1428
200714,1101,1441
200727,1105,1427
200740,1075,1397
200752,1103,1425
200765,1104,1429
200778,1104,1428
200791,1102,1424
200804,1104,1426
200817,1103,1425
200830,1072,1392
200842,1102,1425
200855,1099,1424
200868,1100,1424
200881,1102,1424
200894,1104,1427
200907,1103,1424
200920,1072,1392
200932,1101,1424
200945,1099,1424
200958,1103,1427
200971,1097,1424
200984,1103,1425
200997,1098,1424
201010,1072,1386
201022,1101,1424
201035,1098,1424
201048,1098,1423
201061,1095,1424
201074,1100,1424
201087,1098,1423
201100,1072,1387
201112,1099,1423
201125,1095,1422
201138,1101,1423
201151,1099,1410
201164,1099,1418
201177,1099,1422
201190,1073,1382
201202,1099,1419
201216,1092,1422
201228,1098,1418
201241,1099,1421
201254,1101,1423
201267,1099,1420
201280,1072,1385
201292,1098,1415
201305,1102,1417
201318,1098,1421
201331,1102,1419
201344,1101,1418
201357,1102,1417
201370,1072,1381
201382,1099,1417
201395,1102,1414
201408,1099,1413
201421,1101,1418
201434,1104,1413
201447,1099,1413
201460,1072,1381
201472,1095,1415
201485,1099,1413
201498,1104,1424
201511,1101,1417
201524,1102,1420
201537,1099,1419
201550,1072,1379
201562,1102,1413
201575,1101,1418
201588,1103,1418
201601,1099,1417
201614,1102,1418
201627,1102,1413
201640,1071,1367
201652,1098,1414
201665,1097,1410
201678,1102,1417
201691,1102,1412
201704,1101,1409
201717,1101,1415
201730,1071,1382
201742,1100,1411
201755,1097,1415
201768,1101,1415
201781,1097,1408
201794,1099,1413
201807,1101,1416
201820,1072,1378
201832,1099,1410
201845,1101,1411
201858,1099,1411
201871,1100,1411
201884,1103,1411
201897,1094,1411
201910,1072,1381
201922,1098,1414
201935,1098,1410
201948,1099,1414
201961,1097,1409
201974,1102,1414
201987,1101,1408
202000,1069,1378
202012,1101,1411
202025,1098,1414
202038,1102,1409
202051,1101,1413
202064,1099,1415
202077,1101,1410
202090,1071,1377
202102,1098,1413
202115,1102,1412
202128,1104,1413
202141,1101,1412
202154,1100,1417
202167,1100,1412
202180,1073,1380
202192,1102,1414
202205,1102,1411
202218,1104,1417
202231,1099,1412
202244,1104,1415
202257,1102,1414
202270,1073,1380
202282,1103,1417
202295,1103,1413
202308,1105,1418
202321,1104,1414
202334,1103,1424
202347,1104,1417
202360,1079,1383
202372,1106,1420
202385,1104,1418
202398,1106,1423
202411,1105,1423
202424,1109,1424
202437,1106,1421
202450,1085,1391
202462,1113,1423
202475,1114,1425
202488,1112,1425
202501,1111,1426
202514,1114,1430
202527,1113,1431
202540,1090,1398
202552,1120,1432
202565,1123,1430
202578,1126,1435
202591,1129,1437
202604,1125,1436
202617,1130,1436
202630,1104,1402
202642,1131,1435
202655,1127,1435
202668,1131,1438
202681,1131,1436
202694,1134,1444
202707,1134,1440
202720,1105,1406
202732,1137,1453
202745,1137,1440
202758,1138,1446
202771,1141,1443
202784,1147,1447
202797,1145,1453
202810,1113,1414
202822,1146,1448
202835,1151,1453
202848,1153,1456
202861,1153,1456
202874,1157,1456
202887,1153,1455
202900,1131,1424
202912,1155,1456
202925,1161,1457
202938,1159,1460
202951,1161,1457
202964,1165,1456
202977,1168,1457
202990,1140,1427
203002,1168,1462
203015,1168,1464
203028,1171,1465
203041,1173,1461
203054,1175,1465
203067,1175,1465
203080,1151,1427
203092,1181,1463
203105,1179,1463
203118,1181,1469
203131,1186,1468
203144,1189,1471
203157,1190,1471
203170,1158,1437
203182,1191,1472
203195,1198,1473
203208,1200,1474
203221,1201,1479
203234,1205,1479
203247,1202,1480
203260,1177,1449
203272,1210,1485
203285,1216,1485
203298,1215,1487
203311,1220,1488
203324,1220,1505
203337,1229,1489
203350,1201,1458
203362,1233,1498
203375,1238,1502
203388,1244,1504
203401,1248,1502
203414,1257,1510
203427,1254,1509
203440,1231,1479
203452,1267,1515
203465,1271,1519
203478,1275,1523
203491,1287,1529
203504,1293,1534
203517,1295,1535
203530,1267,1507
203542,1306,1552
203555,1317,1555
203568,1325,1562
203581,1328,1567
203594,1332,1571
203607,1339,1574
203620,1310,1532
203632,1360,1582
203645,1366,1584
203658,1373,1594
203671,1379,1600
203684,1385,1600
203697,1392,1607
203710,1361,1574
203722,1412,1615
203735,1419,1616
203748,1423,1619
203761,1425,1621
203774,1437,1631
203787,1440,1631
203800,1408,1597
203812,1447,1642
203825,1454,1647
203838,1456,1654
203851,1456,1658
203864,1463,1667
203877,1461,1669
203890,1425,1635
203902,1466,1677
203915,1521,1683
203928,4095,1707
203941,4095,1712
203954,4095,1717
203967,4095,1730
203980,4095,1701
203992,4095,1746
204005,4095,1757
204018,4095,1763
204031,4095,1773
204044,4095,1776
204057,4095,1792
204070,4095,1755
204082,4095,1813
204095,4095,1826
204108,4095,1840
204121,4095,1857
204134,4095,1878
204147,4095,1886
204160,4095,1865
204172,4095,1932
204185,4095,1953
204198,4095,1969
204211,4095,1986
204224,4095,2032
204237,4095,2064
204250,4095,2039
204262,4095,2119
204275,4095,2146
204288,4095,2165
204301,4095,2192
204314,4095,2209
204327,4095,2217
204340,4095,2187
204352,4095,2260
204365,4095,2287
204378,4095,2311
204391,4095,2315
204405,4095,2322
204419,4095,2320
204432,4095,2258
204444,4095,2332
204457,4095,2347
204468,4095,2378
204482,4095,2403
204495,4095,2435
204508,4095,2451
204521,4095,2416
204533,4095,2489
204546,4095,2515
204558,4095,2540
204571,4095,2546
204584,4095,2559
204597,4095,2559
204610,4095,2512
204622,4095,2559
204635,4095,2590
204648,4095,2591
204661,4095,2589
204674,4095,2595
204687,4095,2594
204700,4095,2537
204712,4095,2608
204725,4095,2606
204738,4095,2604
204751,4095,2598
204764,4095,2592
204777,4095,2596
204790,4095,2533
204802,4095,2598
204815,4095,2594
204828,4095,2598
204841,4095,2598
204854,4095,2599
204867,4095,2598
204880,4095,2531
204892,4095,2591
204905,4095,2591
204918,4095,2585
204931,4095,2586
204944,4095,2588
204957,4095,2581
204970,4095,2517
204982,4095,2592
204995,4095,2601
205008,4095,2598
205021,4095,2598
205034,4095,2518
205047,4095,2602
205060,4095,2538
205072,4095,2608
205085,4095,2603
205098,4095,2602
205111,4095,2594
205124,4095,2608
205137,4095,2601
205150,4095,2531
205162,4095,2590
205175,4095,2591
205188,4095,2593
205201,4095,2589
205214,4095,2583
205227,4095,2559
205240,4095,2511
205252,4095,2559
205265,4095,2559
205278,4095,2555
205291,4095,2550
205304,4095,2551
205317,4095,2551
205330,4095,2483
205342,4095,2538
205355,4095,2534
205368,4095,2525
205381,4095,2515
205394,4095,2513
205407,4095,2509
205420,4095,2445
205432,4095,2497
205445,4095,2491
205458,4095,2474
205471,4095,2470
205484,4095,2459
205497,4095,2450
205510,4095,2384
205522,4095,2429
205535,4095,2405
205548,4095,2390
205561,4095,2383
205574,4095,2370
205587,4095,2343
205600,4095,2288
205612,4095,2327
205625,4095,2317
205638,4095,2309
205651,4095,2304
205664,4095,2303
205677,4095,2293
205691,4095,2235
205702,4095,2291
205715,4095,2291
205728,4095,2291
205741,4095,2295
205754,4095,2304
205767,4095,2305
205781,4095,2251
205792,4095,2311
205805,4095,2307
205818,4095,2305
205831,4095,2305
205844,4095,2325
205857,4095,2303
205871,4095,2247
205882,4095,2295
205895,4095,2290
205908,4095,2279
205921,4095,2266
205934,4095,2259
205947,4095,2253
205961,4095,2190
205972,4095,2230
205985,4095,2221
205998,4095,2212
206011,4095,2206
206024,4095,2202
206037,4095,2184
206051,4095,2127
206064,4095,2167
206077,4095,2159
206088,4095,2158
206102,4095,2146
206115,4095,2139
206128,4095,2128
206141,4095,2094
206153,4095,2106
206166,4095,2096
206178,4095,2096
206191,4095,2083
206204,4095,2076
206218,4095,2065
206231,4095,2000
206242,4095,2037
206255,4095,2030
206268,4095,2019
206281,4095,2013
206294,4095,2004
206307,4095,1994
206321,4095,1936
206332,4095,1982
206345,4095,1971
206358,4095,1971
206371,4095,1959
206384,4095,1962
206398,4095,1954
206411,4095,1899
206422,4095,1932
206435,4095,1927
206448,4095,1922
206461,4095,1914
206474,4095,1911
206488,4095,1902
206501,4095,1849
206512,4095,1887
206525,4095,1879
206538,4095,1872
206551,4095,1861
206564,4095,1853
206578,4095,1845
206591,4095,1789
206602,4095,1827
206615,4095,1815
206628,4095,1802
206641,4095,1789
206654,4095,1778
206668,4095,1766
206681,4095,1712
206692,4095,1744
206705,4095,1742
206718,4095,1730
206731,4095,1718
206744,4095,1713
206758,4095,1707
206771,4095,1650
206782,4095,1685
206795,4095,1679
206808,4095,1675
206821,4095,1650
206834,4095,1647
206848,4095,1631
206861,1404,1579
206872,1424,1610
206885,1415,1602
206898,1407,1595
206911,1392,1589
206924,1389,1584
206938,1369,1581
206951,1329,1535
206962,1351,1569
206975,1342,1561
206988,1338,1559
207001,1330,1555
207014,1326,1535
207028,1318,1535
207041,1279,1502
207052,1308,1535
207065,1297,1535
207078,1294,1522
207091,1283,1530
207104,1280,1526
207118,1275,1520
207131,1235,1479
207142,1265,1518
207155,1258,1513
207168,1261,1510
207181,1255,1509
207194,1248,1525
207208,1249,1505
207221,1215,1467
207232,1245,1500
207245,1237,1499
207258,1238,1503
207271,1237,1493
207284,1232,1495
207298,1231,1489
207311,1195,1455
207322,1226,1488
207335,1223,1485
207348,1216,1487
207361,1214,1486
207374,1211,1486
207388,1210,1477
207401,1175,1442
207412,1210,1482
207425,1200,1477
207438,1201,1477
207451,1199,1474
207464,1199,1476
207478,1197,1472
207491,1161,1431
207502,1192,1471
207515,1191,1471
207528,1188,1469
207541,1188,1471
207554,1186,1471
207568,1182,1469
207581,1152,1433
207595,1180,1466
207608,1147,1427
207620,1178,1456
207633,1171,1463
207646,1175,1470
207659,1170,1463
207672,1143,1448
207685,1172,1463
207698,1140,1424
207710,1169,1459
207723,1168,1458
207736,1168,1462
207749,1168,1457
207762,1142,1442
207775,1170,1458
207788,1136,1424
207800,1171,1456
207813,1166,1456
207826,1167,1457
207839,1167,1458
207852,1136,1444
207865,1165,1458
207878,1136,1418
207890,1166,1456
207903,1166,1453
207916,1166,1456
207929,1163,1455
207942,1137,1442
207955,1159,1451
207968,1135,1423
207980,1166,1456
207993,1168,1456
208006,1165,1456
208019,1164,1455
208032,1142,1441
208045,1166,1454
208058,1134,1418
208070,1165,1456
208083,1167,1457
208096,1168,1458
208109,1168,1454
208122,1140,1443
208135,1168,1456
208148,1136,1419
208160,1168,1456
208173,1169,1456
208186,1178,1457
208199,1177,1458
208212,1153,1442
208225,1174,1458
208238,1150,1421
208250,1179,1456
208263,1184,1457
208276,1181,1461
208289,1184,1460
208302,1163,1450
208315,1185,1458
208328,1154,1424
208340,1188,1463
208353,1189,1459
208366,1196,1468
208379,1196,1466
208392,1170,1456
208405,1200,1469
208418,1168,1425
208430,1200,1470
208443,1198,1470
208456,1201,1470
208469,1200,1471
208482,1183,1459
208495,1208,1472
208508,1181,1437
208520,1209,1472
208533,1210,1472
208546,1212,1475
208559,1212,1478
208572,1183,1467
208585,1216,1482
208598,1185,1439
208610,1217,1478
208623,1219,1479
208636,1222,1482
208649,1223,1483
208662,1203,1466
208675,1223,1482
208688,1195,1450
208700,1229,1485
208713,1231,1485
208726,1232,1487
208739,1235,1485
208752,1216,1469
208765,1239,1488
208778,1216,1454
208790,1247,1497
208803,1250,1491
208816,1257,1503
208829,1261,1499
208842,1249,1478
208855,1267,1504
208868,1238,1467
208880,1280,1507
208893,1280,1511
208906,1289,1517
208919,1291,1515
208932,1279,1495
208945,1297,1522
208958,1273,1485
208970,1309,1531
208983,1316,1531
208996,1326,1535
209009,1325,1535
209022,1311,1511
209035,1330,1535
209048,1296,1506
209060,1332,1555
209073,1339,1561
209086,1345,1564
209099,1346,1567
209112,1342,1526
209125,1369,1570
209138,1339,1534
209150,1378,1584
209163,1385,1584
209176,1387,1588
209189,1393,1590
209202,1405,1613
209215,1410,1604
209228,1383,1567
209240,1427,1612
209253,1648,1616
209266,4095,1623
209279,4095,1627
209292,4095,1598
209305,4095,1637
209318,4095,1607
209330,4095,1648
209343,4095,1651
209356,4095,1660
209369,4095,1657
209382,4095,1619
209395,4095,1673
209408,4095,1639
209420,4095,1685
209433,4095,1695
209446,4095,1715
209459,4095,1723
209472,4095,1689
209485,4095,1738
209498,4095,1705
209510,4095,1765
209523,4095,1774
209536,4095,1783
209549,4095,1792
209562,4095,1757
209575,4095,1808
209588,4095,1775
209600,4095,1840
209613,4095,1846
209626,4095,1857
209639,4095,1882
209652,4095,1866
209665,4095,1951
209678,4095,1946
209690,4095,2029
209703,4095,2086
209716,4095,2133
209729,4095,2187
209742,4095,2192
209755,4095,2321
209768,4095,2357
209780,4095,2489
209793,4095,2544
209806,4095,2622
209819,4095,2678
209832,4095,2832
209845,4095,3019
209858,4095,2987
209870,4095,3154
209883,4095,3163
209896,4095,3229
209909,4095,3344
209922,4095,3465
209935,4095,3659
209948,4095,3711
209960,4095,3898
209973,4095,4033
209986,4095,4095
209999,4095,4095
210012,4095,4095
210025,4095,4095
210038,4095,4095
210050,4095,4095
210063,4095,4095
210076,4095,4095
210089,4095,4095
210102,4095,4095
210115,4095,4095
210128,4095,4095
210140,4095,4095
210153,4095,4095
210166,4095,4095
210179,4095,4095
210192,4095,4095
210205,4095,4095
210218,4095,4095
210230,4095,4095
210243,4095,4095
210256,4095,4095
210269,4095,4095
210282,4095,4095
210294,4095,4095
210307,4095,4095
210319,4095,4095
210332,4095,4095
210345,4095,4095
210358,4095,4095
210372,4095,4095
210385,4095,4095
210398,4095,4095
210409,4095,4095
210423,4095,4095
210436,4095,4095
210449,4095,4095
210462,4095,3987
210474,4095,4050
210487,4095,4023
210499,4095,3978
210512,4095,3894
210525,4095,3831
210538,4095,3806
210552,4095,3695
210565,4095,3722
210578,4095,3650
210589,4095,3654
210603,4095,3583
210616,4095,3536
210629,4095,3491
210642,4095,3373
210655,4095,3350
210668,4095,3243
210680,4095,3280
210693,4095,3243
210706,4095,3195
210719,4095,3173
210732,4095,3067
210745,4095,3104
210758,4095,3024
210770,4095,3071
210784,4095,3057
210797,4095,3055
210810,4095,3038
210823,4095,3043
210837,4095,3009
210850,4095,2943
210861,4095,3002
210874,4095,2991
210887,4095,2975
210900,4095,2961
210913,4095,2963
210927,4095,2955
210940,4095,2892
210951,4095,2945
210964,4095,2933
210977,4095,2927
210990,4095,2920
211003,4095,2927
211017,4095,2917
211030,4095,2841
211041,4095,2910
211054,4095,2908
211067,4095,2915
211080,4095,2912
211093,1299,2915
211107,1281,2925
211120,1235,2850
211131,1274,2909
211144,1270,2909
211157,1271,2913
211170,1262,2908
211183,1264,2928
211197,1264,2918
211210,1233,2858
211221,1263,2926
211234,1265,2928
211247,1265,2939
211260,1264,2943
211273,1253,2887
211287,1266,2961
211300,1236,2938
211311,1275,3030
211324,1278,3053
211337,1283,3106
211350,1283,3157
211363,1291,3223
211377,1296,3287
211390,1264,3272
211401,1315,3362
211414,1470,3410
211427,4095,3461
211440,4095,3498
211453,4095,3581
211467,4095,3675
211480,4095,3658
211491,4095,3762
211504,4095,3815
211517,4095,3872
211530,4095,3875
211544,4095,3951
211557,4095,3986
211570,4095,3987
211581,4095,4093
211594,4095,4095
211607,4095,4095
211620,4095,4095
211634,4095,4095
211647,4095,4095
211660,4095,4095
211671,4095,4095
211684,4095,4095
211697,4095,4095
211710,4095,4095
211724,4095,4095
211737,4095,4095
211750,4095,4095
211761,4095,4095
211774,4095,4095
211787,4095,4095
211800,4095,4095
211814,4095,4095
211827,4095,4095
211840,4095,4095
211851,4095,4095
211864,4095,4095
211877,4095,4095
211890,4095,4095
211904,4095,4095
211917,4095,4095
211930,4095,4095
211941,4095,4095
211954,4095,4095
211967,4095,4095
211980,4095,4095
211994,4095,4095
212006,4095,4095
212019,4095,4095
212030,4095,4095
212044,4095,4095
212057,4095,4095
212070,4095,4095
212083,4095,4095
212096,4095,4095
212109,4095,4095
212121,4095,4095
212134,4095,4095
212147,4095,4095
212160,4095,4095
212173,4095,4095
212186,4095,4095
212199,4095,4095
212211,4095,4095
212224,4095,4095
212237,4095,4095
212250,4095,4095
212263,4095,4095
212276,4095,4095
212289,4095,4095
212301,4095,4095
212314,4095,4095
212327,4095,4074
212340,4095,4015
212353,4095,3953
212366,4095,3888
212379,4095,3779
212391,4095,3803
212404,4095,3781
212417,4095,3755
212430,4095,3723
212443,4095,3610
212456,4095,3646
212469,4095,3526
212481,4095,3531
212494,4095,3510
212507,4095,3490
212520,4095,3473
212533,4095,3492
212546,1424,3478
212559,1349,3408
212571,1369,3523
212584,1359,3637
212597,1353,3729
212610,1337,3900
212623,1329,3984
212636,1326,3953
212649,1303,3891
212661,1340,3885
212674,1383,3862
212687,4095,3829
212700,4095,3794
212713,4095,3787
212726,4095,3718
212739,4095,3638
212751,4095,3672
212764,4095,3677
212777,4095,3687
212790,4095,3679
212803,4095,3728
212816,4095,3712
212829,4095,3583
212841,4095,3686
212854,4095,3646
212867,4095,3658
212880,4095,3691
212893,4095,3724
212906,4095,3733
212919,4095,3699
212931,4095,3774
212944,4095,3783
212957,4095,3813
212970,4095,3834
212983,1371,3901
212996,1327,3921
213009,1269,3843
213021,1302,3920
213034,1297,3906
213047,1296,3906
213060,1296,3866
213073,1296,3922
213086,1296,3888
213099,1261,3824
213111,1296,3920
213124,1294,3920
213137,1297,3879
213150,1295,3905
213163,1281,3937
213176,1293,3905
213189,1258,3839
213201,1293,3922
213214,1291,3926
213227,1293,3933
213240,1293,3923
213253,1295,3984
213266,1286,3965
213279,1252,3893
213291,1291,3951
213304,1293,3952
213317,1296,3933
213330,1297,3927
213343,1266,3902
213356,1316,3937
213369,1288,3856
213381,1331,3952
213394,1339,3943
213407,1351,3942
213420,1362,3937
213433,1347,3901
213446,1395,3930
213459,1371,3885
213471,1421,3945
213484,1435,3952
213497,1449,3953
213510,1470,3946
213523,1475,3982
213536,1488,3960
213549,1461,3888
213561,1503,3958
213574,1498,3959
213587,1498,3957
213600,1492,3965
213613,1474,3999
213626,1487,3977
213639,1445,3895
213651,1487,3976
213664,1486,3984
213677,1487,3972
213690,1486,3957
213703,1487,3984
213716,1488,3941
213729,1451,3879
213741,1486,3949
213754,1482,3952
213767,1488,3968
213780,1474,3952
213793,1475,3980
213806,1473,3951
213819,1439,3870
213831,1473,3942
213844,1470,3951
213857,1463,3965
213870,1460,3941
213883,1441,3969
213896,1449,3953
213909,1407,3888
213921,1442,3947
213934,1440,3957
213947,1442,3982
213960,1439,3973
213974,1440,3978
213988,1439,3967
214001,1402,3916
214012,1438,3975
214025,1441,3995
214038,1443,3985
214051,1446,3989
214064,1451,3991
214078,1454,3981
214091,1421,3915
214102,1463,3968
214115,1472,3978
214128,1478,3968
214141,1479,3947
214154,1488,3945
214168,1499,3936
214181,1471,3856
214192,1515,3920
214205,1520,3910
214218,1531,3907
214231,1535,3902
214244,1563,3905
214258,1595,3915
214271,4095,3852
214282,4095,3918
214295,4095,3915
214308,4095,3918
214321,4095,3909
214334,4095,3919
214348,4095,3922
214361,4095,3853
214372,4095,3914
214385,4095,3915
214398,4095,3909
214411,4095,3888
214424,4095,3883
214438,4095,3862
214451,4095,3783
214462,4095,3856
214476,4095,3856
214488,4095,3866
214501,4095,3865
214514,4095,3869
214528,4095,3858
214541,4095,3790
214552,4095,3857
214565,4095,3867
214578,4095,3857
214591,4095,3856
214604,4095,3847
214618,4095,3856
214631,4095,3791
214642,4095,3856
214655,4095,3845
214668,4095,3847
214681,4095,3848
214694,4095,3806
214708,4095,3846
214721,4095,3768
214732,4095,3827
214745,4095,3828
214758,4095,3829
214771,4095,3825
214784,4095,3818
214798,4095,3817
214811,4095,3747
214822,4095,3813
214835,4095,3814
214848,4095,3807
214861,4095,3809
214874,4095,3809
214888,4095,3797
214901,4095,3734
214912,4095,3803
214925,4095,3803
214938,4095,3798
214951,4095,3797
214964,4095,3803
214978,4095,3797
214991,4095,3726
215002,4095,3803
215015,4095,3797
215028,4095,3791
215041,4095,3792
215054,4095,3797
215068,4095,3793
215081,4095,3721
215092,4095,3792
215105,4095,3792
215118,4095,3789
215131,4095,3788
215144,4095,3814
215158,4095,3789
215171,4095,3717
215182,4095,3788
215195,4095,3785
215208,4095,3785
215221,4095,3787
215234,4095,3792
215248,4095,3791
215261,4095,3718
215272,4095,3792
215285,4095,3789
215298,4095,3790
215311,4095,3783
215324,4095,3792
215338,4095,3793
215351,4095,3715
215362,4095,3792
215375,4095,3789
215388,4095,3792
215401,4095,3788
215414,4095,3793
215428,4095,3789
215441,4095,3718
215452,4095,3782
215465,4095,3781
215478,4095,3782
215491,4095,3787
215504,4095,3783
215518,4095,3780
215531,4095,3712
215542,4095,3789
215555,4095,3776
215568,4095,3779
215581,4095,3786
215594,4095,3785
215608,1750,3769
215621,1680,3706
215632,1712,3773
215645,1610,3771
215658,1588,3775
215671,1582,3769
215684,1577,3773
215698,1568,3766
215711,1521,3701
215722,1563,3776
215735,1559,3771
215748,1561,3769
215761,1561,3770
215774,1567,3765
215788,1564,3759
215801,1520,3696
215812,1565,3766
215825,1565,3770
215838,1568,3771
215851,1578,3769
215864,1582,3759
215878,1584,3760
215891,1535,3695
215902,1590,3757
215915,1595,3762
215928,1598,3755
215941,1600,3749
215954,1612,3760
215968,1615,3758
215981,1584,3693
215992,1631,3747
216005,1664,3747
216018,1723,3759
216031,1867,3755
216044,1885,3762
216058,1898,3759
216071,1712,3691
216082,1818,3759
216095,1845,3757
216108,1771,3757
216121,1849,3755
216134,1841,3755
216148,1771,3750
216161,4095,3687
216172,1671,3751
216185,1627,3751
216198,1613,3752
216211,1601,3747
216224,1597,3754
216238,1585,3749
216251,1527,3686
216262,1567,3741
216275,1535,3737
216288,1535,3731
216301,1527,3717
216314,1519,3713
216328,1503,3712
216341,1459,3634
216352,1488,3696
216365,1482,3698
216378,1477,3690
216391,1474,3695
216404,1471,3696
216418,1462,3685
216431,1426,3627
216442,1461,3703
216455,1458,3696
216468,1459,3705
216481,1456,3697
216494,1456,3698
216508,1456,3696
216521,1418,3630
216532,1456,3693
216545,1455,3679
216558,1457,3680
216571,1458,3687
216585,1463,3682
216598,1463,3671
216611,1430,3610
216622,1463,3679
216635,1472,3680
216648,1482,3680
216661,1491,3674
216675,1505,3678
216688,1516,3677
216701,1484,3606
216712,1525,3678
216725,1534,3677
216738,1535,3683
216751,1535,3683
216765,1554,3690
216778,1558,3687
216791,1525,3614
216802,1579,3682
216815,1585,3681
216828,1593,3678
216841,1602,3682
216855,1613,3690
216868,1617,3681
216881,1589,3617
216892,1631,3672
216905,1639,3677
216918,1648,3679
216932,1651,3673
216945,1638,3607
216958,1669,3686
216971,1633,3627
216982,1684,3690
216995,1872,3684
217008,4095,3690
217021,4095,3696
217035,4095,3699
217048,4095,3686
217061,4095,3613
217072,4095,3690
217085,4095,3686
217098,4095,3696
217112,4095,3694
217125,4095,3696
217138,4095,3695
217151,4095,3622
217165,4095,3684
217178,4095,3622
217190,4095,3695
217203,4095,3696
217216,4095,3696
217229,4095,3697
217242,4095,3611
217255,4095,3701
217268,4095,3638
217280,4095,3710
217293,4095,3701
217306,4095,3709
217319,4095,3696
217332,4095,3600
217345,4095,3697
217358,4095,3631
217370,4095,3710
217383,4095,3698
217396,4095,3707
217409,4095,3701
217422,4095,3629
217435,1641,3710
217448,1591,3645
217460,1616,3712
217473,1601,3706
217486,1581,3713
217499,1570,3712
217512,1502,3629
217524,1560,3714
217537,1535,3721
217549,1552,3728
217562,1535,3725
217575,1535,3728
217588,1535,3728
217601,1504,3663
217614,1535,3728
217627,1535,3730
217638,1535,3728
217652,1535,3737
217665,1535,3738
217678,1535,3729
217691,1515,3675
217702,1556,3731
217715,1558,3728
217728,1558,3731
217742,1555,3731
217755,1561,3746
217768,1555,3728
217781,1517,3664
217792,1558,3728
217805,1559,3735
217818,1563,3723
217832,1571,3728
217845,1574,3728
217858,1571,3730
217871,1527,3667
217882,1574,3728
217895,1574,3745
217908,1575,3745
217922,1571,3756
217935,1574,3751
217948,1567,3757
217961,1520,3703
217973,1565,3770
217985,1557,3760
217998,1554,3757
218012,1535,3750
218025,1535,3757
218038,1535,3753
218051,1505,3680
218063,1535,3749
218075,1535,3753
218088,1535,3747
218102,1534,3747
218115,1532,3744
218128,1526,3727
218141,1488,3657
218153,1523,3714
218165,1520,3716
218178,1519,3713
218192,1513,3718
218205,1511,3723
218218,1502,3719
218231,1459,3647
218243,1490,3709
218255,1486,3706
218268,1478,3707
218282,1473,3702
218295,1471,3704
218308,1456,3695
218321,1419,3633
218333,1447,3696
218345,1445,3692
218358,1441,3680
218372,1436,3680
218385,1435,3684
218398,1429,3675
218411,1390,3606
218423,1414,3680
218435,1409,3692
218448,1398,3693
218462,1403,3687
218475,1397,3685
218488,1392,3679
218501,1355,3611
218513,1383,3666
218525,1375,3670
218538,1371,3674
218552,1370,3671
218565,1366,3682
218578,1363,3674
218591,1329,3603
218603,1367,3670
218615,1371,3664
218628,1376,3674
218642,1382,3670
218655,1386,3671
218668,1388,3651
218681,1361,3583
218693,1403,3653
218705,1407,3653
218718,1419,3664
218732,1424,3662
218745,1426,3669
218758,1434,3666
218771,1408,3619
218783,1450,3677
218795,1451,3701
218808,1454,3701
218822,1453,3699
218835,1454,3718
218848,1455,3713
218861,1411,3653
218873,1452,3711
218885,1440,3733
218898,1444,3728
218912,1440,3730
218925,1441,3733
218938,1439,3738
218951,1394,3675
218963,1429,3733
218975,1427,3726
218988,1430,3713
219002,1424,3715
219015,1422,3705
219028,1414,3686
219041,1378,3625
219053,1411,3694
219065,1409,3693
219078,1407,3694
219092,1404,3669
219105,1406,3676
219118,1403,3668
219131,1367,3598
219143,1398,3669
219155,1397,3674
219168,1395,3674
219182,1393,3671
219195,1392,3669
219208,1394,3650
219221,1353,3605
219233,1389,3662
219245,1393,3664
219258,1389,3664
219272,1389,3677
219285,1392,3671
219298,1392,3676
219311,1360,3612
219323,1407,3675
219335,1413,3676
219348,1421,3664
219362,1423,3664
219375,1429,3669
219388,1432,3663
219401,1394,3599
219413,1446,3661
219425,1446,3661
219438,1450,3652
219452,1454,3648
219465,1456,3654
219478,1455,3655
219491,1419,3572
219503,1458,3646
219515,1457,3646
219528,1459,3648
219542,1460,3656
219555,1459,3659
219568,1456,3657
219581,1423,3583
219593,1457,3664
219605,1456,3657
219618,1456,3661
219632,1456,3670
219645,1456,3670
219658,1454,3682
219671,1419,3615
219683,1456,3683
219695,1453,3687
219708,1455,3692
219722,1454,3682
219735,1453,3696
219748,1450,3690
219761,1413,3643
219773,1447,3694
219785,1447,3702
219799,1447,3700
219812,1453,3706
219825,1450,3706
219838,1446,3695
219851,1407,3618
219863,1441,3686
219875,1446,3696
219889,1441,3689
219902,1434,3687
219915,1437,3698
219928,1437,3712
219941,1398,3650
219953,1431,3718
219965,1428,3709
219979,1435,3721
219992,1433,3711
220005,1436,3715
220018,1435,3712
220031,1402,3645
220043,1439,3707
220055,1438,3701
220069,1443,3712
220082,1443,3711
220095,1451,3709
220108,1454,3707
220121,1420,3642
220133,1456,3703
220145,1457,3698
220159,1465,3696
220172,1467,3703
220185,1472,3728
220198,1460,3721
220211,1425,3650
220223,1464,3725
220235,1465,3741
220249,1461,3728
220262,1463,3728
220275,1452,3723
220288,1462,3654
220301,1429,3568
220313,1466,3606
220326,1468,3603
220339,1468,3583
220353,1461,3573
220366,1466,3535
220379,1466,3520
220392,1424,3392
220406,1466,3457
220419,1434,3383
220430,1474,3476
220443,1483,3442
220456,1507,3440
220469,1527,3434
220482,1505,3353
220496,1595,3419
220509,1623,3345
220520,4095,3437
220533,4095,3419
220546,4095,3413
220559,2505,3394
220572,2669,3312
220586,2945,3376
220599,2977,3289
220610,3103,3340
220623,3143,3458
220636,3157,3437
220649,3157,3328
220662,3071,3184
220676,3159,3200
220689,3130,3053
220700,4095,3019
220713,4095,2912
220726,4095,2691
220739,4095,2454
220752,4095,2187
220766,4095,2097
220779,4095,1949
220790,4095,1920
220803,4095,1872
220816,4095,1827
220829,4095,1793
220842,4095,1718
220856,4095,1757
220869,4095,1701
220880,4095,1728
220893,4095,1719
220906,4095,1707
220919,4095,1703
220932,4095,1655
220946,4095,1693
220959,4095,1648
220970,4095,1694
220983,4095,1689
220996,4095,1696
221009,4095,1698
221022,4095,1658
221036,4095,1711
221049,4095,1673
221060,4095,1722
221073,4095,1727
221086,4095,1737
221099,4095,1744
221112,4095,1683
221126,4095,1738
221139,4095,1691
221150,4095,1743
221163,4095,1744
221176,4095,1741
221189,4095,1740
221202,4095,1697
221216,4095,1734
221229,4095,1680
221240,4095,1722
221253,4095,1713
221266,4095,1708
221279,3792,1687
221292,3661,1642
221306,3711,1669
221319,3627,1614
221330,3677,1644
221343,3664,1631
221356,3677,1626
221369,3677,1616
221382,3583,1571
221395,3662,1602
221407,3651,1597
221419,3654,1590
221432,3651,1587
221446,3651,1590
221459,3643,1584
221472,3568,1562
221484,3649,1584
221497,3643,1563
221509,3650,1567
221522,3637,1565
221535,3634,1567
221548,3621,1555
221561,3549,1511
221573,3614,1535
221586,3611,1535
221599,3619,1535
221612,3615,1535
221625,3614,1535
221638,3600,1535
221651,3509,1501
221663,3571,1535
221676,3567,1535
221689,3567,1535
221702,3551,1554
221715,3463,1518
221728,3543,1578
221741,3467,1535
221753,3530,1603
221766,3527,1619
221779,3531,1646
221792,3514,1669
221805,3507,1709
221818,3503,1741
221831,3427,1745
221843,3501,1855
221856,3493,1981
221869,3490,2183
221882,3489,2395
221895,3491,2688
221908,3479,2828
221921,3417,2863
221933,3473,3042
221946,3460,3095
221959,3467,3156
221972,3473,3221
221985,3463,3286
221998,3456,3354
222011,3387,3264
222023,3477,3313
222036,3466,3335
222049,3456,3375
222062,3436,3325
222075,3440,3264
222088,3418,3259
222101,3337,3184
222113,3391,3225
222126,3383,3217
222139,3370,3217
222152,3361,3225
222165,3349,3248
222178,3337,3230
222191,3248,3172
222203,3311,3230
222216,3302,3199
222229,3295,3185
222242,3284,3175
222255,3290,3175
222268,3280,3148
222281,3203,3059
222293,3269,3136
222306,3258,3119
222319,3249,3021
222332,3238,2865
222345,3235,2677
222358,3225,2496
222371,3170,2327
222383,3231,2254
222396,3230,2126
222409,3229,2009
222422,3228,1968
222435,3229,1942
222448,3216,1919
222461,3150,1861
222473,3221,1893
222486,3222,1877
222499,3214,1869
222512,3209,1857
222525,3199,1856
222538,3201,1861
222551,3135,1829
222563,3189,1890
222576,3189,1906
222589,3184,1931
222602,3181,1942
222615,3186,1985
222628,3181,2031
222641,3107,2029
222653,3175,2123
222666,3175,2169
222679,3179,2254
222692,3225,2341
222705,3179,2455
222718,3184,2559
222731,4095,2638
222743,4095,2811
222756,4095,2885
222769,3184,2966
222782,3152,3052
222795,3156,3035
222808,3151,3027
222821,3069,2962
222833,3138,3038
222846,3130,3045
222859,3130,3043
222872,3125,3005
222885,3110,3005
222898,3120,2959
222911,3039,2896
222923,3105,2964
222936,3094,2962
222949,3088,2954
222962,3084,2953
222975,3085,2946
222988,3069,2934
223001,2993,2858
223013,3051,2914
223026,3041,2903
223039,3021,2895
223052,3008,2873
223065,3008,2857
223078,3003,2838
223091,2944,2772
223103,3008,2815
223116,3007,2811
223129,3006,2815
223142,3003,2795
223155,3006,2794
223168,3005,2774
223181,2943,2726
223193,3011,2783
223206,3045,2749
223219,4095,2674
223232,4095,2592
223245,4095,2512
223258,4095,2458
223271,4095,2352
223283,4095,2364
223296,4095,2347
223309,4095,2313
223322,4095,2286
223335,4095,2269
223348,4095,2246
223361,4095,2192
223373,4095,2237
223386,4095,2241
223399,3039,2243
223412,3030,2268
223425,3029,2283
223438,3025,2315
223451,2951,2304
223463,3020,2423
223476,3017,2554
223489,3037,2709
223502,3023,2797
223515,3035,2871
223528,3029,2879
223543,2941,2883
223556,2989,2913
223569,2938,2851
223580,3021,2955
223593,3041,2981
223606,3062,2983
223620,3061,3007
223633,3013,2972
223646,3094,2992
223659,3041,2902
223670,3105,2959
223683,3088,2958
223696,3071,2966
223710,3058,2995
223723,3023,2999
223736,3104,3120
223749,3089,3081
223760,3152,3172
223773,3161,3177
223786,3163,3183
223800,3136,3157
223813,3053,3121
223826,3088,3052
223839,2942,2929
223850,2962,2993
223863,2957,2975
223876,2943,2963
223890,2928,2957
223903,2870,2919
223916,2919,2937
223929,2850,2857
223941,2906,2913
223953,2896,2908
223966,2884,2905
223980,2866,2902
223993,2813,2871
224005,2864,2900
224018,2853,2891
224029,2837,2887
224043,2813,2880
224056,2805,2877
224069,2799,2865
224082,2765,2783
224094,2774,2870
224107,2759,2871
224119,2778,2870
224132,2777,2863
224145,2787,2872
224158,2783,2865
224171,2721,2803
224183,2781,2867
224196,2784,2867
224209,2778,2880
224222,2769,2864
224235,2779,2869
224248,2768,2869
224261,2711,2817
224273,2779,2881
224286,2795,2885
224299,2811,2902
224312,2811,2915
224325,2735,2847
224338,2816,2915
224351,2752,2853
224363,2811,2906
224376,2797,2895
224389,2784,2896
224402,2778,2911
224415,2787,2943
224428,2797,2995
224441,2768,2956
224453,2925,3036
224466,3047,3123
224479,3049,3095
224492,3088,3098
224505,3098,3091
224518,3103,3081
224531,2985,3005
224543,3037,3057
224556,3007,3051
224569,2973,3041
224582,2930,3022
224595,2823,3008
224608,2719,2941
224621,2635,2849
224633,2678,2896
224646,2674,2894
224659,2674,2881
224672,2674,2875
224685,2683,2875
224698,2683,2880
224711,2623,2815
224723,2690,2881
224736,2709,2897
224749,2710,2928
224762,2713,2935
224775,2718,2930
224788,2714,2932
224801,2650,2841
224813,2705,2890
224826,2702,2883
224839,2702,2887
224852,2694,2880
224865,2694,2883
224878,2688,2865
224891,2624,2800
224903,2667,2863
224916,2659,2863
224929,2669,2871
224942,2683,2880
224955,2692,2903
224968,2688,2901
224981,2624,2838
224993,2682,2896
225006,2674,2898
225019,2643,2896
225032,2643,2893
225045,2640,2884
225058,2625,2883
225071,2559,2821
225083,2622,2871
225096,2617,2876
225109,2623,2869
225122,2624,2874
225135,2624,2878
225148,2615,2880
225161,2555,2816
225173,2623,2880
225186,2621,2889
225199,2617,2896
225212,2614,2902
225225,2609,2902
225238,2601,2903
225251,2525,2839
225263,2585,2910
225276,2559,2907
225289,2559,2913
225302,2558,2900
225315,2559,2910
225328,2559,2907
225341,2525,2835
225353,2605,2899
225366,2614,2891
225379,2608,2896
225392,2599,2901
225405,2598,2905
225418,2589,2919
225431,2519,2863
225443,2590,2925
225456,2559,2922
225469,2581,2927
225482,2559,2927
225495,2559,2926
225508,2553,2919
225521,2496,2853
225533,2546,2911
225546,2538,2877
225559,2543,2858
225572,2533,2863
225585,2544,2846
225598,2580,2843
225611,2559,2787
225623,2666,2859
225636,2685,2874
225649,2702,2895
225662,2718,2909
225675,2727,2923
225688,2711,2927
225701,2659,2864
225713,2713,2918
225727,2711,2915
225739,2714,2923
225752,2704,2912
225765,2702,2903
225778,2689,2896
225792,2624,2832
225803,2688,2915
225816,2677,2948
225829,2675,2979
225842,2676,2977
225855,2678,2992
225868,2670,2974
225882,2608,2906
225893,2651,2970
225906,2640,2944
225919,2640,2910
225932,2628,2922
225945,2625,2918
225958,2639,2909
225972,2559,2863
225983,2640,2944
225997,2640,2955
226009,2640,2958
226022,2646,2959
226035,2645,2960
226048,2638,2948
226062,2559,2860
226073,2621,2911
226087,2618,2910
226099,2608,2901
226112,2595,2910
226125,2594,2909
226138,2587,2897
226152,2523,2848
226163,2559,2903
226176,2559,2893
226189,2559,2898
226202,2558,2896
226215,2557,2911
226228,2558,2907
226242,2512,2870
226253,2559,2929
226267,2559,2934
226279,2586,2954
226292,2589,2949
226305,2603,2958
226318,2605,2957
226332,2547,2895
226343,2612,2949
226356,2610,2940
226369,2608,2923
226382,2599,2917
226395,2597,2922
226409,2584,2923
226422,2514,2869
226433,2559,2934
226446,2559,2938
226459,2579,2940
226472,2559,2938
226485,2583,2937
226499,2559,2943
226512,2525,2865
226523,2590,2928
226536,2559,2928
226549,2559,2932
226562,2559,2938
226575,2559,2937
226589,2559,2931
226602,2501,2868
226613,2559,2928
226626,2559,2930
226639,2559,2938
226652,2559,2941
226665,2582,2945
226678,2582,2944
226692,2526,2882
226703,2590,2943
226717,2592,2943
226729,2598,2939
226742,2593,2933
226755,2589,2938
226769,2582,2910
226782,2516,2843
226793,2583,2911
226806,2559,2905
226819,2559,2903
226832,2559,2898
226845,2559,2897
226859,2555,2899
226872,2495,2850
226883,2551,2918
226896,2555,2919
226909,2559,2917
226922,2559,2922
226935,2559,2919
226949,2581,2922
226962,2525,2858
226973,2594,2919
226986,2595,2913
226999,2595,2900
227012,2601,2899
227025,2594,2904
227039,2590,2897
227052,2523,2819
227063,2586,2896
227076,2581,2894
227089,2583,2894
227102,2582,2896
227115,2593,2898
227129,2594,2906
227142,2542,2849
227153,2612,2926
227166,2623,2938
227179,2629,2945
227192,2637,2946
227205,2640,2944
227219,2640,2935
227232,2559,2869
227243,2635,2909
227256,2633,2900
227269,2640,2897
227282,2640,2897
227295,2651,2919
227309,2652,2927
227322,2589,2864
227333,2646,2928
227346,2657,2928
227359,2658,2930
227372,2665,2927
227385,2665,2929
227399,2663,2933
227412,2597,2869
227423,2661,2935
227436,2655,2933
227449,2661,2946
227462,2661,2928
227475,2666,2929
227489,2663,2931
227502,2608,2871
227513,2670,2954
227526,2672,2974
227539,2671,3011
227552,2688,3053
227565,2701,3088
227579,2717,3089
227592,2679,3034
227603,2768,3135
227616,2791,3122
227629,2799,3137
227642,2815,3136
227655,2837,3141
227669,2849,3127
227682,2813,3054
227693,2886,3128
227706,2885,3109
227719,2911,3094
227732,2911,3065
227745,2903,3056
227759,2878,3031
227772,2778,2971
227783,2807,3036
227796,2779,3024
227809,2774,3031
227822,2772,3024
227835,2768,3027
227849,2767,3023
227862,2694,2960
227873,2751,3024
227886,2751,3024
227899,2753,3029
227912,2737,3017
227925,2742,3024
227939,2736,3010
227952,2674,2944
227963,2727,3013
227976,2725,3009
227989,2732,3019
228002,2726,3013
228015,2730,3010
228029,2725,3014
228042,2662,2941
228054,2714,3008
228067,2709,2999
228079,2714,2989
228092,2706,2971
228105,2707,2969
228119,2704,2958
228132,2636,2891
228143,2697,2959
228156,2697,2955
228169,2699,2969
228182,2700,2966
228195,2704,2976
228209,2704,2982
228222,2645,2916
228233,2704,2975
228246,2704,2967
228259,2701,2963
228272,2700,2957
228285,2701,2960
228299,2694,2954
228312,2631,2882
228324,2694,2951
228337,2697,2955
228349,2690,2953
228362,2688,2957
228375,2695,2960
228389,2679,2947
228402,2624,2880
228413,2682,2945
228426,2687,2950
228439,2683,2945
228452,2682,2944
228465,2685,2954
228478,2679,2945
228491,2623,2880
228503,2687,2945
228516,2681,2947
228529,2683,2943
228542,2685,2955
228555,2682,2954
228568,2672,2949
228581,2598,2890
228593,2643,2950
228606,2640,2946
228619,2640,2950
228632,2640,2947
228645,2643,2958
228658,2649,2957
228671,2607,2883
228683,2663,2957
228696,2663,2957
228709,2671,2960
228722,2667,2957
228735,2675,2957
228748,2673,2956
228761,2618,2896
228773,2675,2954
228786,2672,2957
228799,2681,2960
228812,2674,2959
228825,2686,2962
228838,2683,2960
228851,2618,2884
228863,2686,2949
228876,2678,2947
228889,2676,2941
228902,2675,2947
228915,2679,2948
228928,2681,2942
228941,2625,2878
228953,2678,2939
228966,2672,2947
228979,2673,2949
228992,2674,2946
229005,2682,2954
229018,2673,2949
229031,2614,2885
229043,2674,2944
229056,2672,2930
229069,2673,2958
229082,2677,2942
229095,2681,2953
229108,2677,2943
229121,2613,2880
229133,2679,2945
229146,2679,2944
229159,2676,2939
229172,2672,2943
229185,2609,2913
229198,2671,2943
229211,2610,2878
229223,2672,2943
229236,2669,2944
229249,2676,2946
229262,2672,2944
229275,2674,2939
229288,2675,2941
229301,2613,2875
229313,2672,2937
229326,2674,2941
229339,2673,2947
229352,2679,2951
229365,2685,2960
229378,2675,2955
229391,2621,2893
229403,2678,2949
229416,2685,2954
229429,2687,2955
229442,2688,2950
229455,2693,2954
229468,2681,2955
229481,2625,2894
229493,2685,2951
229506,2688,2951
229519,2695,2960
229532,2693,2950
229545,2695,2957
229558,2694,2951
229571,2642,2888
229583,2693,2950
229596,2687,2953
229609,2699,2953
229622,2703,2951
229635,2701,2953
229648,2704,2964
229661,2636,2899
229673,2695,2964
229686,2694,2975
229699,2671,2979
229712,2688,2978
229725,2718,2994
229738,2742,2995
229751,2710,2966
229763,2819,3091
229776,2833,3155
229789,2864,3186
229802,2875,3265
229815,2899,3328
229828,2905,3379
229841,2821,3346
229853,2853,3408
229866,2832,3422
229879,2801,3534
229892,2695,3543
229905,2559,3537
229919,4095,3426
229932,4095,3334
229944,4095,3282
229957,4095,3219
229969,4095,3152
229982,4095,2978
229995,4095,2865
230008,4095,2629
230021,4095,2320
230033,4095,2208
230046,4095,2091
230059,4095,1978
230072,4095,1893
230085,4095,1840
230098,4095,1795
230111,4095,1728
230123,4095,1755
230136,1283,1717
230149,1277,1702
230162,1267,1681
230175,1261,1674
230188,1253,1648
230201,1211,1590
230213,1235,1616
230226,1227,1602
230239,1223,1594
230252,1212,1584
230265,1207,1581
230278,1198,1573
230291,1161,1520
230303,1190,1553
230316,1182,1535
230329,1179,1535
230342,1170,1534
230355,1168,1534
230368,1163,1527
230381,1133,1488
230393,1160,1527
230406,1162,1526
230419,1155,1522
230432,1154,1520
230445,1154,1523
230458,1152,1520
230471,1119,1488
230483,1151,1520
230496,1152,1521
230509,1151,1516
230522,1152,1518
230535,1151,1523
230548,1151,1522
230561,1123,1488
230573,1152,1525
230586,1153,1527
230599,1157,1535
230612,1159,1535
230625,1168,1532
230638,1166,1535
230651,1139,1499
230663,1170,1535
230676,1175,1535
230689,1182,1534
230702,1183,1535
230715,1184,1535
230728,1189,1535
230741,1158,1507
230753,1195,1535
230766,1200,1553
230779,1202,1553
230792,1205,1554
230805,1214,1557
230818,1217,1555
230831,1196,1520
230843,1226,1564
230856,1231,1566
230869,1239,1569
230882,1249,1575
230895,1259,1584
230908,1268,1589
230921,1237,1554
230933,1283,1603
230946,1296,1616
230959,1301,1619
230972,1311,1628
230985,1325,1638
230998,1331,1647
231011,1313,1622
231023,1356,1671
231036,1362,1679
231049,1376,1687
231062,1390,1697
231075,1406,1705
231088,1419,1709
231101,1394,1680
231113,1840,1731
231126,4095,1739
231139,4095,1753
231152,4095,1767
231165,4095,1779
231178,4095,1789
231191,4095,1767
231203,4095,1840
231216,4095,1861
231229,4095,1879
231242,4095,1901
231255,4095,1923
231268,4095,1970
231281,4095,1947
231293,4095,2009
231306,4095,2031
231319,4095,2053
231332,4095,2083
231345,4095,2115
231358,4095,2138
231371,4095,2117
231383,4095,2197
231396,4095,2211
231409,4095,2240
231422,4095,2285
231435,4095,2319
231448,4095,2368
231461,4095,2373
231473,4095,2483
231486,4095,2608
231499,4095,2656
231512,4095,2719
231525,4095,2761
231538,4095,2798
231551,4095,2777
231563,4095,2894
231576,4095,2992
231589,4095,3063
231602,4095,3161
231615,4095,3180
231628,4095,3222
231641,4095,3194
231653,4095,3298
231666,4095,3350
231679,4095,3366
231692,4095,3305
231705,4095,3310
231718,4095,3283
231731,4095,3218
231743,4095,3280
231756,4095,3267
231769,2528,3247
231782,2608,3239
231795,2654,3261
231808,2742,3245
231821,2681,3171
231833,2773,3264
231846,2812,3271
231859,2844,3295
231872,2864,3283
231885,2905,3277
231898,2983,3269
231911,2943,3184
231923,3031,3232
231936,3088,3231
231949,3003,3222
231962,3063,3216
231975,4095,3226
231988,3058,3206
232001,3008,3124
232013,4095,3213
232026,3041,3213
232039,2999,3207
232052,2954,3217
232065,2935,3217
232078,2939,3224
232091,2864,3152
232103,2933,3237
232116,2945,3231
232129,2951,3222
232142,2943,3216
232155,2955,3218
232168,2957,3216
232181,2892,3140
232193,4095,3216
232206,4095,3212
232219,4095,3223
232232,4095,3235
232245,4095,3233
232258,4095,3233
232271,4095,3161
232283,4095,3231
232296,4095,3229
232309,4095,3230
232322,4095,3247
232335,4095,3257
232348,4095,3248
232361,4095,3182
232373,4095,3258
232386,4095,3253
232399,4095,3256
232412,4095,3247
232425,4095,3246
232438,4095,3241
232451,4095,3170
232463,4095,3218
232476,4095,3207
232489,4095,3214
232502,4095,3226
232515,4095,3216
232528,4095,3199
232541,4095,3136
232553,4095,3246
232566,4095,3245
232579,4095,3191
232592,4095,3150
232605,4095,3143
232618,4095,3141
232631,4095,3034
232643,4095,3023
232656,4095,2935
232669,4095,2848
232682,4095,2753
232695,4095,2525
232708,4095,2331
232721,4095,2110
232733,4095,2038
232746,4095,1942
232759,4095,1878
232772,4095,1838
232785,4095,1818
232798,4095,1790
232811,4095,1717
232823,4095,1755
232836,4095,1739
232849,4095,1725
232862,4095,1712
232875,4095,1696
232888,2835,1693
232901,2769,1642
232913,2831,1671
232926,2832,1659
232939,2838,1652
232952,2835,1644
232965,2838,1629
232978,2830,1626
232991,2763,1584
233003,2821,1611
233016,2822,1614
233029,2828,1607
233042,2831,1611
233055,2820,1608
233068,2806,1603
233081,2751,1564
233093,2855,1599
233107,2796,1596
233119,2807,1603
233132,2802,1598
233145,2817,1600
233158,2865,1598
233171,2819,1566
233183,2803,1602
233196,2800,1601
233209,2803,1605
233222,2825,1600
233235,2822,1613
233248,2811,1615
233261,2730,1579
233273,2767,1631
233286,2735,1642
233299,2719,1646
233312,2705,1655
233325,2692,1666
233338,2643,1674
233351,2559,1638
233363,2585,1680
233376,2550,1688
233389,2491,1694
233402,2499,1697
233415,4095,1712
233428,4095,1713
233441,4095,1673
233453,4095,1723
233466,4095,1729
233479,4095,1735
233492,4095,1741
233505,4095,1749
233518,4095,1746
233531,4095,1712
233543,4095,1755
233556,4095,1750
233569,4095,1760
233582,4095,1769
233595,4095,1760
233608,4095,1768
233621,4095,1728
233633,4095,1766
233646,4095,1773
233659,4095,1775
233672,4095,1776
233685,4095,1779
233698,4095,1781
233711,4095,1743
233723,4095,1790
233736,4095,1799
233749,4095,1799
233762,4095,1790
233775,4095,1807
233788,4095,1808
233802,4095,1772
233813,4095,1818
233826,4095,1808
233839,4095,1814
233852,4095,1814
233865,4095,1823
233878,4095,1818
233891,4095,1782
233903,4095,1828
233916,4095,1821
233929,4095,1831
233942,4095,1830
233955,4095,1837
233968,4095,1839
233982,4095,1797
233993,4095,1841
234006,4095,1856
234019,4095,1857
234032,4095,1863
234045,4095,1874
234058,4095,1890
234072,4095,1867
234083,4095,1946
234096,4095,1999
234109,4095,2029
234122,4095,2059
234135,4095,2100
234148,4095,2143
234162,4095,2138
234173,4095,2223
234186,4095,2247
234199,4095,2265
234212,4095,2280
234225,4095,2295
234238,4095,2337
234252,4095,2352
234263,4095,2455
234276,4095,2521
234289,4095,2559
234302,4095,2641
234315,4095,2706
234328,4095,2770
234342,4095,2736
234353,4095,2834
234366,4095,2885
234379,4095,2959
234392,4095,3071
234405,4095,3145
234418,4095,3147
234432,4095,3141
234443,2306,3233
234456,2443,3299
234469,2634,3293
234482,2704,3356
234495,2828,3362
234508,2869,3376
234522,2799,3280
234533,2863,3348
234546,2896,3381
234559,2912,3399
234572,2902,3423
234585,2918,3467
234599,3093,3475
234612,2864,3387
234623,4095,3408
234636,4095,3431
234649,4095,3431
234662,4095,3434
234675,4095,3456
234689,4095,3459
234702,4095,3428
234713,4095,3463
234726,4095,3447
234739,4095,3472
234752,4095,3431
234765,3057,3443
234779,3002,3445
234792,2924,3360
234803,3011,3417
234816,3017,3415
234829,3029,3423
234842,3018,3409
234855,3015,3426
234869,3001,3440
234882,2925,3392
234893,2972,3527
234906,2981,3542
234919,2992,3558
234932,3024,3670
234945,3037,3755
234959,3065,3731
234972,3008,3635
234983,3111,3724
234996,3120,3659
235009,3152,3694
235022,3151,3617
235035,3170,3623
235049,3136,3625
235062,3031,3541
235073,3105,3601
235086,3093,3600
235099,3056,3582
235112,3053,3542
235125,3056,3518
235139,3057,3481
235152,3015,3395
235163,3083,3413
235176,3068,3422
235189,3085,3392
235202,3118,3375
235215,3126,3370
235229,3114,3349
235242,3049,3250
235253,3130,3293
235266,3134,3287
235279,3152,3291
235292,3165,3287
235305,3181,3295
235319,3163,3283
235332,3122,3201
235343,3182,3270
235356,3191,3273
235369,3184,3261
235382,3185,3205
235395,3171,3167
235409,3170,3149
235422,3090,3063
235435,3107,3120
235448,3121,3087
235460,3111,3049
235473,3035,3018
235486,3007,3008
235499,2976,2993
235512,2890,2915
235524,2930,2956
235537,2895,2934
235549,2899,2928
235562,2884,2923
235575,2886,2917
235589,2870,2901
235602,2798,2822
235613,2862,2877
235626,2858,2864
235639,2853,2859
235652,2830,2834
235665,2843,2837
235679,2814,2826
235692,2742,2755
235703,2799,2811
235716,2801,2786
235729,2794,2775
235742,2791,2769
235755,2800,2768
235769,2783,2768
235782,2721,2695
235793,2783,2750
235806,2779,2742
235819,2770,2736
235832,2767,2730
235845,2758,2727
235859,2749,2721
235872,2686,2661
235883,2736,2723
235896,2736,2725
235909,2737,2723
235922,2733,2721
235935,2736,2727
235949,2719,2713
235962,2654,2655
235973,2704,2717
235986,2693,2706
235999,2691,2704
236012,2691,2717
236025,2709,2704
236039,2689,2705
236052,2624,2646
236063,2663,2700
236076,2666,2693
236089,2670,2704
236102,2678,2715
236115,2699,2719
236129,2694,2736
236142,2642,2695
236153,2699,2804
236166,2699,2807
236179,2701,2824
236192,2687,2835
236205,2707,2861
236219,2711,2864
236232,2646,2817
236243,2704,2864
236256,2706,2887
236269,2704,2880
236282,2705,2879
236297,2701,2878
236310,2687,2863
236323,2603,2794
236336,2678,2862
236349,2608,2796
236361,2656,2864
236374,2643,2857
236387,2725,2859
236400,4095,2861
236413,4095,2785
236426,4095,2879
236439,4095,2847
236451,4095,2934
236464,4095,2940
236477,4095,2942
236490,4095,2955
236503,4095,2878
236515,4095,2970
236528,4095,2977
236540,2625,2979
236553,2543,2977
236566,2550,2985
236579,2595,2977
236592,2480,2918
236604,2556,2981
236617,2544,2976
236629,2557,2970
236642,2559,2974
236655,2602,2986
236669,2592,2960
236682,2530,2895
236693,2621,2960
236706,2595,2960
236719,2588,2983
236732,2559,2986
236745,2559,2986
236759,2559,2975
236772,2512,2909
236783,2599,2981
236796,2608,2974
236809,2731,2978
236822,2683,2981
236835,2675,2995
236849,2634,2978
236862,2549,2907
236873,2624,2969
236886,2591,2991
236899,2534,2992
236912,2511,2987
236925,2448,2997
236939,2295,3004
236952,2089,2928
236963,4095,3004
236976,4095,3020
236989,4095,3055
237002,4095,3099
237015,4095,3071
237029,4095,3063
237042,4095,3013
237053,4095,3089
237066,4095,3070
237079,4095,3103
237092,4095,3105
237106,4095,3109
237119,4095,3122
237132,4095,3047
237143,4095,3118
237156,4095,3127
237169,4095,3137
237182,4095,3137
237195,4095,3143
237209,4095,3152
237222,4095,3070
237233,4095,3152
237246,4095,3134
237259,4095,3138
237272,4095,3135
237286,4095,3151
237299,4095,3142
237312,4095,3058
237323,4095,3133
237336,4095,3141
237349,4095,3154
237362,4095,3150
237376,4095,3143
237389,4095,3146
237402,4095,3081
237413,4095,3154
237426,4095,3186
237439,4095,3226
237452,4095,3233
237466,4095,3248
237479,4095,3282
237492,4095,3230
237503,4095,3344
237516,4095,3335
237529,4095,3328
237542,4095,3313
237556,4095,3248
237569,4095,3344
237582,4095,3278
237593,4095,3369
237606,4095,3351
237619,4095,3376
237632,4095,3439
237646,4095,3422
237659,4095,3367
237672,4095,3268
237683,4095,3303
237696,4095,3267
237709,4095,3231
237723,4095,3173
237736,4095,3113
237749,4095,3051
237762,4095,2865
237773,4095,2848
237786,4095,2686
237799,4095,2533
237813,4095,2424
237826,4095,2335
237839,4095,2256
237852,4095,2132
237863,4095,2145
237876,4095,2102
237889,4095,2061
237903,4095,2027
237916,4095,2010
237929,4095,1985
237942,4095,1920
237953,4095,1957
237966,4095,1939
237979,4095,1929
237993,4095,1907
238006,4095,1907
238019,4095,1899
238032,4095,1842
238043,4095,1875
238056,4095,1873
238069,4095,1863
238083,4095,1861
238096,4095,1856
238109,4095,1847
238122,4095,1801
238133,4095,1837
238146,4095,1831
238159,4095,1826
238173,4095,1819
238186,4095,1811
238199,4095,1807
238212,4095,1757
238223,4095,1794
238236,4095,1791
238249,4095,1787
238263,4095,1780
238276,4095,1777
238289,4095,1769
238302,4095,1724
238313,4095,1765
238326,4095,1763
238339,4095,1760
238353,4095,1753
238366,4095,1754
238379,4095,1748
238392,4095,1709
238403,4095,1744
238416,4095,1741
238429,4095,1740
238443,4095,1735
238456,4095,1737
238469,4095,1735
238482,4095,1694
238493,4095,1733
238506,4095,1730
238519,4095,1730
238533,4095,1729
238546,4095,1732
238559,4095,1727
238572,4095,1689
238584,4095,1728
238596,4095,1729
238609,4095,1729
238623,4095,1727
238636,4095,1731
238649,4095,1727
238662,4095,1685
238673,4095,1733
238686,4095,1738
238699,4095,1744
238713,4095,1744
238726,4095,1745
238739,4095,1753
238752,4095,1717
238764,4095,1770
238776,4095,1776
238789,4095,1783
238803,4095,1783
238816,4095,1796
238829,4095,1801
238842,4095,1764
238854,4095,1808
238866,4095,1821
238879,4095,1830
238893,4095,1833
238906,4095,1840
238919,4095,1840
238932,4095,1806
238944,4095,1859
238956,4095,1874
238969,4095,1903
238983,4095,1918
238996,4095,1938
239009,4095,1952
239022,4095,1925
239034,4095,1982
239046,4095,2005
239059,4095,2018
239073,4095,2030
239086,4095,2043
239099,4095,2057
239112,4095,2018
239124,4095,2084
239136,4095,2102
239149,4095,2125
239163,4095,2150
239176,4095,2179
239189,4095,2207
239202,4095,2178
239214,4095,2242
239226,4095,2259
239239,4095,2291
239253,4095,2336
239266,4095,2427
239279,4095,2505
239292,4095,2527
239304,4095,2641
239316,4095,2683
239329,4095,2713
239343,4095,2733
239356,4095,2735
239369,4095,2725
239382,4095,2629
239394,4095,2672
239406,4095,2643
239419,4095,2614
239433,4095,2602
239446,4095,2583
239459,4095,2544
239472,4095,2449
239486,4095,2470
239499,4095,2350
239511,4095,2368
239524,4095,2320
239537,4095,2290
239550,4095,2260
239563,4095,2207
239576,4095,2207
239589,4095,2127
239601,4095,2159
239614,4095,2150
239627,4095,2142
239640,4095,2142
239653,4095,2115
239666,4095,2135
239679,4095,2091
239691,4095,2144
239704,4095,2147
239717,4095,2153
239730,4095,2151
239743,4095,2129
239756,4095,2155
239769,4095,2103
239781,4095,2160
239794,4095,2165
239807,4095,2175
239820,4095,2178
239833,4095,2160
239846,4095,2175
239859,4095,2118
239871,4095,2177
239884,4095,2186
239897,4095,2183
239910,4095,2189
239923,4095,2174
239936,4095,2196
239949,4095,2149
239961,4095,2205
239974,4095,2210
239987,4095,2226
240000,4095,2245
240013,4095,2239
240026,4095,2273
240039,4095,2224
240051,4095,2295
240064,4095,2318
240077,4095,2345
240090,4095,2365
240103,4095,2359
240116,4095,2409
240129,4095,2354
240141,4095,2423
240154,4095,2416
240167,4095,2409
240180,4095,2398
240193,4095,2355
240206,4095,2367
240219,4095,2302
240231,4095,2352
240244,4095,2341
240257,4095,2342
240270,4095,2325
240283,4095,2301
240296,4095,2312
240310,4095,2230
240321,4095,2273
240334,4095,2259
240347,4095,2250
240360,4095,2237
240373,4095,2201
240387,4095,2210
240400,4095,2141
240411,4095,2185
240424,4095,2178
240437,4095,2170
240450,4095,2155
240463,4095,2128
240476,4095,2141
240490,4095,2083
240501,4095,2128
240514,4095,2112
240527,4095,2111
240540,4095,2097
240553,4095,2074
240566,4095,2080
240580,4095,2021
240591,4095,2066
240604,4095,2047
240617,4095,2064
240630,4095,2043
240643,4095,2026
240657,4095,2038
240670,4095,1978
240681,4095,2039
240694,4095,2035
240707,4095,2035
240720,4095,2034
240733,4095,2011
240747,4095,2032
240760,4095,1978
240771,4095,2027
240784,4095,2015
240797,4095,2011
240810,4095,2014
240823,4095,1990
240837,4095,2005
240850,4095,1955
240861,4095,2000
240874,4095,2000
240887,4095,2001
240900,4095,1997
240913,4095,1968
240927,4095,2000
240940,4095,1950
240951,4095,2002
240964,4095,2000
240977,4095,2007
240990,4095,2008
241003,4095,1984
241017,4095,2003
241030,4095,1965
241041,4095,2010
241054,4095,2014
241067,4095,2015
241080,4095,2021
241093,4095,1984
241106,4095,2027
241118,4095,2029
241130,4095,2031
241143,4095,2032
241156,4095,2035
241170,4095,2033
241183,4095,1983
241196,4095,2032
241209,4095,1990
241221,4095,2037
241234,4095,2035
241247,4095,2045
241260,4095,2047
241273,4095,2012
241287,4095,2047
241300,4095,1995
241311,4095,2047
241324,4095,2045
241337,4095,2055
241350,4095,2061
241363,4095,2021
241377,4095,2062
241390,4095,2010
241401,4095,2066
241414,4095,2073
241427,4095,2084
241440,4095,2096
241453,4095,2064
241467,4095,2114
241480,4095,2069
241491,4095,2128
241504,4095,2128
241517,4095,2138
241530,4095,2145
241543,4095,2113
241557,4095,2175
241570,4095,2156
241581,4095,2251
241594,4095,2288
241607,4095,2367
241620,4095,2458
241633,4095,2464
241647,4095,2559
241660,4095,2543
241671,4095,2651
241684,4095,2741
241697,4095,2790
241710,4095,2832
241723,4095,2793
241737,4095,2933
241750,4095,2911
241761,4095,3038
241774,4095,3114
241787,4095,3181
241800,4095,3184
241813,4095,3082
241827,4095,3162
241840,4095,3084
241851,4095,3213
241864,4095,3206
241877,4095,3249
241890,4095,3275
241903,4095,3205
241917,4095,3262
241930,4095,3183
241941,4095,3239
241954,4095,3226
241967,4095,3201
241980,4095,3210
241993,4095,3133
242007,4095,3216
242020,4095,3186
242031,4095,3254
242044,4095,3265
242057,4095,3246
242070,4095,3238
242083,4095,3155
242097,4095,3215
242110,4095,3151
242121,4095,3221
242134,4095,3226
242147,4095,3221
242160,4095,3201
242173,4095,3110
242187,4095,3171
242200,4095,3103
242211,4095,3174
242224,4095,3167
242237,4095,3171
242250,4095,3162
242263,4095,3062
242277,4095,3136
242290,4095,3054
242301,4095,3121
242314,4095,3111
242327,4095,3111
242340,4095,3109
242353,4095,3021
242367,4095,3097
242380,4095,3017
242391,4095,3081
242404,4095,3071
242417,4095,3082
242430,4095,3061
242443,4095,2985
242456,4095,3059
242469,4095,3056
242480,4095,3056
242494,4095,3056
242507,4095,3058
242520,4095,3058
242533,4095,2983
242545,4095,3038
242558,4095,3029
242570,4095,3044
242583,4095,3045
242596,4095,3042
242609,4095,3043
242622,4095,2989
242634,4095,3041
242647,4095,3029
242660,4095,3040
242674,4095,3035
242687,4095,3028
242700,4095,3023
242713,4095,2948
242727,4095,3014
242740,4095,2949
242751,4095,3021
242764,4095,3018
242777,4095,3018
242790,4095,3021
242803,4095,2940
242817,4095,3015
242830,4095,2948
242841,4095,3017
242854,4095,3024
242867,4095,3022
242880,4095,3013
242893,4095,2944
242907,4095,3015
242920,4095,2954
242931,4095,3015
242944,4095,3021
242957,4095,3023
242970,4095,3012
242984,4095,2937
242997,4095,3007
243010,4095,2928
243021,4095,2995
243034,4095,2990
243047,4095,2990
243060,4095,2989
243074,4095,2919
243087,4095,2981
243100,4095,2929
243111,4095,2989
243124,4095,2976
243137,4095,2976
243150,4095,2974
243164,4095,2896
243177,4095,2930
243190,4095,2860
243201,4095,2923
243214,4095,2935
243227,4095,2913
243240,4095,2891
243254,4095,2795
243267,4095,2878
243280,4095,2766
243291,4095,2800
243304,4095,2791
243317,4095,2756
243330,4095,2690
243344,4095,2617
243357,4095,2633
243370,4095,2527
243381,4095,2582
243394,4095,2554
243407,4095,2525
243420,4095,2518
243434,4095,2450
243447,4095,2486
243460,4095,2424
243471,4095,2486
243484,4095,2474
243497,4095,2465
243510,4095,2453
243524,4095,2386
243537,4095,2446
243550,4095,2385
243561,4095,2439
243574,4095,2439
243587,4095,2425
243601,4095,2415
243614,4095,2366
243627,4095,2411
243640,4095,2355
243651,4095,2407
243664,4095,2398
243677,4095,2393
243691,4095,2387
243704,4095,2323
243717,4095,2377
243730,4095,2318
243741,4095,2373
243754,4095,2371
243767,4095,2363
243781,4095,2363
243794,4095,2303
243807,4095,2347
243820,4095,2295
243831,4095,2347
243844,4095,2339
243857,4095,2338
243871,4095,2333
243884,4095,2279
243897,4095,2331
243910,4095,2274
243921,4095,2327
243934,4095,2331
243947,4095,2336
243961,4095,2331
243974,4095,2301
243987,4095,2339
244000,4095,2285
244011,4095,2351
244024,4095,2366
244037,4095,2370
244051,4095,2377
244064,4095,2335
244077,4095,2371
244090,4095,2321
244102,4095,2384
244115,4095,2388
244128,4095,2403
244141,4095,2413
244154,4095,2448
244167,4095,2433
244180,4095,2384
244192,4095,2448
244205,4095,2459
244218,4095,2463
244231,4095,2465
244244,4095,2487
244257,4095,2467
244270,4095,2407
244282,4095,2463
244295,4095,2468
244308,4095,2469
244321,4095,2463
244334,4095,2474
244347,4095,2467
244361,4095,2411
244372,4095,2465
244385,4095,2464
244398,4095,2470
244411,4095,2471
244424,4095,2440
244437,4095,2486
244451,4095,2430
244462,4095,2495
244475,4095,2497
244488,4095,2499
244501,4095,2503
244514,4095,2529
244527,4095,2503
244541,4095,2448
244552,4095,2512
244565,4095,2511
244578,4095,2515
244591,4095,2511
244604,4095,2531
244617,4095,2512
244631,4095,2452
244642,4095,2511
244655,4095,2515
244668,4095,2515
244681,4095,2518
244694,4095,2477
244707,4095,2527
244721,4095,2462
244732,4095,2526
244745,4095,2521
244758,4095,2531
244771,4095,2534
244784,4095,2559
244797,4095,2544
244811,4095,2482
244822,4095,2546
244835,4095,2549
244848,4095,2551
244861,4095,2557
244874,4095,2586
244887,4095,2558
244901,4095,2495
244912,4095,2555
244925,4095,2558
244938,4095,2559
244951,4095,2559
244964,4095,2522
244977,4095,2554
244991,4095,2493
245002,4095,2550
245015,4095,2545
245028,4095,2550
245041,4095,2544
245054,4095,2559
245068,4095,2547
245081,4095,2486
245092,4095,2546
245105,4095,2544
245118,4095,2541
245131,4095,2541
245144,4095,2557
245158,4095,2529
245171,4095,2463
245182,4095,2518
245195,4095,2509
245208,4095,2501
245221,4095,2496
245234,4095,2512
245248,4095,2483
245261,4095,2416
245272,4095,2466
245285,4095,2467
245298,4095,2451
245311,4095,2448
245324,4095,2447
245338,4095,2423
245351,4095,2352
245362,4095,2390
245375,4095,2379
245388,4095,2367
245401,4095,2352
245414,4095,2352
245428,4095,2310
245441,4095,2239
245452,4095,2283
245465,4095,2277
245478,4095,2279
245491,4095,2277
245504,4095,2304
245518,4095,2271
245531,4095,2215
245542,4095,2263
245555,4095,2263
245568,4095,2273
245581,4095,2262
245594,4095,2274
245608,4095,2247
245621,4095,2192
245632,4095,2239
245645,4095,2234
245658,4095,2226
245671,4095,2219
245684,4095,2229
245698,4095,2209
245711,4095,2144
245722,4095,2191
245735,4095,2177
245748,4095,2182
245761,4095,2174
245774,4095,2192
245788,4095,2171
245801,4095,2121
245812,4095,2176
245825,4095,2176
245838,4095,2179
245851,4095,2178
245866,4095,2190
245879,4095,2191
245892,4095,2137
245903,4095,2192
245916,4095,2195
245929,4095,2199
245943,4095,2203
245956,4095,2199
245969,4095,2203
245982,4095,2153
245993,4095,2203
246006,4095,2207
246019,4095,2207
246033,4095,2212
246046,4095,2221
246059,4095,2222
246072,4095,2174
246084,4095,2229
246096,4095,2230
246109,4095,2239
246123,4095,2243
246136,4095,2247
246149,4095,2249
246162,4095,2192
246174,4095,2245
246186,4095,2243
246199,4095,2251
246213,4095,2253
246226,4095,2260
246239,4095,2261
246252,4095,2211
246264,4095,2266
246276,4095,2270
246289,4095,2274
246303,4095,2277
246316,4095,2279
246329,4095,2281
246342,4095,2233
246354,4095,2291
246366,4095,2295
246379,4095,2309
246393,4095,2319
246406,4095,2329
246419,4095,2346
246432,4095,2305
246444,4095,2368
246456,4095,2369
246469,4095,2374
246483,4095,2391
246496,4095,2405
246509,4095,2410
246522,4095,2357
246534,4095,2419
246546,4095,2429
246559,4095,2437
246573,4095,2445
246586,4095,2453
246599,4095,2460
246612,4095,2399
246624,4095,2469
246636,4095,2471
246649,4095,2474
246663,4095,2475
246676,4095,2480
246689,4095,2483
246702,4095,2430
246714,4095,2497
246726,4095,2501
246739,4095,2512
246753,4095,2512
246766,4095,2513
246779,4095,2514
246792,4095,2466
246804,4095,2537
246816,4095,2545
246829,4095,2551
246843,4095,2543
246856,4095,2559
246869,4095,2559
246882,4095,2554
246894,4095,2651
246906,4095,2732
246919,4095,2784
246933,4095,2864
246946,4095,2899
246959,4095,2903
246972,4095,2884
246984,4095,2983
246996,4095,3005
247009,4095,3027
247023,4095,3042
247036,4095,3082
247049,4095,3107
247062,4095,3029
247074,4095,3123
247086,4095,3155
247099,4095,3165
247113,4095,3199
247126,4095,3206
247139,4095,3202
247152,4095,3146
247164,4095,3215
247176,4095,3191
247189,4095,3203
247203,4095,3187
247216,4095,3191
247229,4095,3176
247242,4095,3105
247254,4095,3189
247267,4095,3195
247279,4095,3182
247293,4095,3184
247306,4095,3182
247319,4095,3175
247332,4095,3106
247344,4095,3185
247356,4095,3185
247369,4095,3178
247383,4095,3184
247396,4095,3188
247409,4095,3177
247422,4095,3110
247434,4095,3184
247446,4095,3197
247459,4095,3189
247473,4095,3178
247486,4095,3184
247499,4095,3184
247512,4095,3111
247524,4095,3174
247537,4095,3158
247549,4095,3152
247563,4095,3163
247576,4095,3168
247589,4095,3173
247602,4095,3105
247614,4095,3165
247626,4095,3162
247639,4095,3152
247653,4095,3155
247666,4095,3164
247679,4095,3155
247692,4095,3088
247704,4095,3162
247717,4095,3159
247729,4095,3171
247743,4095,3184
247756,4095,3206
247769,4095,3169
247782,4095,3101
247794,4095,3151
247807,4095,3152
247820,4095,3146
247833,4095,3150
247846,4095,3152
247859,4095,3134
247872,4095,3057
247884,4095,3120
247897,4095,3119
247910,4095,3116
247923,4095,3114
247936,4095,3110
247949,4095,3110
247962,4095,3046
247974,4095,3118
247986,4095,3117
248000,4095,3116
248013,4095,3105
248026,4095,3117
248039,4095,3090
248052,4095,3008
248064,4095,3071
248077,4095,3082
248090,4095,3079
248103,4095,3059
248116,4095,3062
248129,4095,3056
248142,4095,2983
248154,4095,3051
248166,4095,3046
248180,4095,3039
248193,4095,3024
248206,4095,3026
248219,4095,3022
248232,4095,2957
248244,4095,3020
248256,4095,3008
248270,4095,2999
248283,4095,2992
248296,4095,2991
248309,4095,2976
248322,4095,2902
248334,4095,2970
248346,4095,2960
248360,4095,2959
248373,4095,2934
248386,4095,2925
248399,4095,2898
248412,4095,2821
248424,4095,2882
248437,4095,2867
248450,4095,2849
248463,4095,2827
248476,4095,2814
248489,4095,2797
248502,4095,2743
248514,4095,2783
248527,4095,2778
248540,4095,2766
248553,4095,2748
248566,4095,2753
248579,4095,2742
248592,4095,2669
248604,4095,2738
248617,4095,2715
248630,4095,2709
248643,4095,2705
248656,4095,2697
248669,4095,2678
248682,4095,2634
248694,4095,2697
248707,4095,2704
248720,4095,2688
248733,4095,2663
248746,4095,2672
248759,4095,2641
248772,4095,2559
248784,4095,2599
248797,4095,2559
248810,4095,2509
248823,4095,2471
248836,4095,2441
248849,4095,2419
248862,4095,2332
248874,4095,2362
248887,4095,2352
248900,4095,2332
248913,4095,2320
248926,4095,2312
248939,4095,2303
248952,4095,2235
248964,4095,2283
248977,4095,2273
248990,4095,2267
249003,4095,2256
249016,4095,2253
249029,4095,2237
249042,4095,2182
249056,4095,2231
249069,4095,2183
249081,4095,2215
249094,4095,2208
249107,4095,2197
249120,4095,2190
249133,4095,2126
249147,4095,2185
249160,4095,2113
249171,4095,2162
249184,4095,2153
249197,4095,2154
249210,4095,2141
249223,4095,2085
249237,4095,2148
249250,4095,2091
249261,4095,2155
249274,4095,2158
249287,4095,2160
249300,4095,2160
249313,4095,2107
249327,4095,2179
249340,4095,2134
249351,4095,2192
249364,4095,2208
249377,4095,2227
249390,4095,2245
249403,4095,2188
249417,4095,2257
249430,4095,2209
249441,4095,2274
249455,4095,2287
249468,4095,2304
249481,4095,2310
249494,4095,2255
249507,4095,2347
249520,4095,2304
249532,4095,2378
249545,4095,2387
249558,4095,2403
249571,4095,2415
249584,4095,2375
249597,4095,2464
249610,4095,2419
249622,4095,2481
249635,4095,2480
249648,4095,2493
249661,4095,2513
249674,4095,2447
249687,4095,2525
249700,4095,2461
249712,4095,2519
249725,4095,2517
249738,4095,2528
249751,4095,2523
249764,4095,2455
249777,4095,2512
249790,4095,2449
249802,4095,2510
249815,4095,2498
249828,4095,2505
249841,4095,2496
249854,4095,2426
249867,4095,2482
249880,4095,2427
249892,4095,2475
249905,4095,2467
249918,4095,2459
249931,4095,2445
249944,4095,2382
249957,4095,2433
249970,4095,2362
249982,4095,2415
249995,4095,2404
250008,4095,2398
250021,4095,2388
250034,4095,2320
250047,4095,2373
250060,4095,2305
250072,4095,2352
250085,4095,2341
250098,4095,2333
250111,4095,2320
250124,4095,2297
250136,4095,2299
250149,4095,2237
250161,4095,2270
250174,4095,2249
250187,4095,2248
250200,4095,2225
250213,4095,2151
250227,4095,2205
250240,4095,2143
250251,4095,2190
250264,4095,2176
250277,4095,2165
250290,4095,2153
250303,4095,2074
250317,4095,2127
250330,4095,2067
250341,4095,2112
250354,4095,2112
250367,4095,2112
250380,4095,2110
250393,4095,2041
250407,4095,2106
250420,4095,2038
250431,4095,2096
250444,4095,2091
250457,4095,2085
250470,4095,2073
250483,4095,2003
250497,4095,2064
250510,4095,1999
250521,4095,2039
250534,4095,2035
250547,4095,2034
250560,4095,2033
250573,4095,1970
250587,4095,2032
250600,4095,1981
250611,4095,2031
250624,4095,2030
250637,4095,2033
250650,4095,2032
250663,4095,1977
250677,4095,2029
250690,4095,1978
250701,4095,2029
250714,4095,2028
250727,4095,2026
250740,4095,2021
250753,4095,1964
250767,4095,2022
250780,4095,1971
250791,4095,2019
250804,4095,2022
250817,4095,2023
250830,4095,2025
250844,4095,1966
250857,4095,2021
250870,4095,1963
250881,4095,2005
250894,4095,2000
250907,4095,2000
250920,4095,1999
250934,4095,1939
250947,4095,1998
250960,4095,1939
250971,4095,1994
250984,4095,1989
250997,4095,1983
251010,4095,1973
251024,4095,1917
251037,4095,1968
251050,4095,1920
251061,4095,1965
251074,4095,1962
251087,4095,1962
251100,4095,1952
251114,4095,1903
251127,4095,1955
251140,4095,1904
251151,4095,1963
251164,4095,1965
251177,4095,1968
251190,4095,1969
251204,4095,1913
251217,4095,1973
251230,4095,1923
251241,4095,1975
251254,4095,1975
251267,4095,1977
251280,4095,1983
251294,4095,1934
251307,4095,2000
251320,4095,1952
251331,4095,2003
251344,4095,2006
251357,4095,2011
251371,4095,2015
251384,4095,1960
251397,4095,2022
251410,4095,1974
251421,4095,2028
251434,4095,2031
251447,4095,2033
251461,4095,2030
251474,4095,1971
251487,4095,2035
251500,4095,1991
251511,4095,2055
251524,4095,2047
251537,4095,2064
251551,4095,2068
251564,4095,2003
251577,4095,2067
251590,4095,2010
251601,4095,2067
251614,4095,2064
251627,4095,2067
251641,4095,2064
251654,4095,2001
251667,4095,2069
251680,4095,2013
251691,4095,2073
251704,4095,2070
251717,4095,2070
251731,4095,2065
251744,4095,2001
251757,4095,2066
251770,4095,2010
251781,4095,2064
251794,4095,2069
251807,4095,2070
251821,4095,2075
251834,4095,2006
251847,4095,2078
251860,4095,2019
251871,4095,2076
251884,4095,2077
251897,4095,2074
251911,4095,2069
251924,4095,2007
251937,4095,2074
251950,4095,2011
251961,4095,2066
251974,4095,2065
251987,4095,2067
252001,4095,2063
252014,4095,2000
252027,4095,2063
252040,4095,2005
252052,4095,2055
252064,4095,2059
252077,4095,2061
252091,4095,2055
252104,4095,1987
252117,4095,2046
252130,4095,1997
252141,4095,2055
252154,4095,2055
252167,4095,2059
252181,4095,2061
252194,4095,2076
252207,4095,2064
252220,4095,2014
252232,4095,2073
252244,4095,2077
252259,4095,2095
252272,4095,2098
252285,4095,2138
252298,4095,2130
252311,4095,2096
252323,4095,2165
252336,4095,2180
252349,4095,2193
252362,4095,2221
252375,4095,2178
252388,4095,2273
252401,4095,2253
252413,4095,2365
252426,4095,2389
252439,4095,2427
252452,4095,2474
252465,4095,2512
252478,4095,2511
252491,4095,2485
252503,4095,2559
252516,4095,2608
252529,4095,2645
252542,4095,2749
252555,4095,2847
252568,4095,2875
252581,4095,2844
252593,4095,2926
252606,4095,2928
252619,4095,2915
252632,4095,2917
252645,4095,2981
252658,4095,2991
252671,4095,2945
252683,4095,3057
252696,4095,3103
252709,4095,3118
252722,4095,3172
252735,4095,3214
252748,4095,3181
252761,4095,3111
252773,4095,3187
252786,4095,3194
252799,4095,3195
252812,4095,3200
252825,4095,3247
252838,4095,3233
252851,2775,3179
252863,2992,3294
252876,3058,3287
252889,3052,3305
252902,3117,3295
252915,3014,3366
252928,3071,3346
252941,2957,3280
252953,3021,3387
252966,3101,3337
252979,2992,3331
252992,3009,3334
253005,3086,3354
253018,4095,3312
253031,4095,3259
253043,4095,3328
253056,4095,3329
253069,4095,3331
253082,4095,3345
253095,4095,3359
253108,4095,3341
253121,4095,3275
253133,4095,3348
253146,4095,3347
253159,4095,3341
253172,4095,3328
253185,2946,3345
253198,2944,3291
253211,2863,3215
253223,2919,3275
253236,4095,3262
253249,4095,3263
253262,4095,3264
253275,4095,3290
253288,4095,3264
253301,4095,3200
253313,2990,3259
253326,2918,3285
253339,2918,3277
253352,2929,3284
253365,2901,3296
253378,2928,3245
253391,2869,3179
253403,2931,3226
253416,2928,3236
253429,2943,3223
253442,2959,3216
253455,2983,3216
253468,2978,3173
253481,2925,3062
253493,2993,3121
253506,2959,3093
253519,2943,3081
253532,2896,3035
253545,2853,3037
253558,2832,3011
253571,2727,2943
253583,2745,3037
253596,2683,3008
253609,4095,2949
253622,4095,2927
253635,4095,2821
253648,4095,2739
253661,4095,2559
253673,4095,2471
253686,4095,2370
253699,4095,2306
253712,4095,2246
253725,4095,2211
253738,4095,2143
253751,4095,2059
253763,4095,2079
253776,4095,2015
253789,4095,1984
253802,4095,1957
253815,4095,1951
253828,4095,1925
253841,4095,1860
253853,4095,1890
253866,4095,1874
253879,4095,1851
253892,4095,1831
253905,4095,1831
253918,4095,1795
253931,4095,1735
253943,4095,1771
253956,4095,1757
253969,4095,1745
253982,1255,1735
253995,1230,1749
254008,1235,1719
254021,1201,1673
254033,1230,1712
254046,1223,1711
254059,1230,1711
254072,1222,1707
254085,1215,1724
254098,1232,1711
254111,1203,1671
254123,1237,1713
254136,1235,1714
254149,1238,1713
254162,1243,1712
254175,1224,1731
254188,1246,1712
254201,1213,1670
254213,1245,1712
254226,1245,1712
254239,1247,1714
254252,1247,1712
254265,1235,1727
254278,1245,1714
254291,1214,1666
254303,1246,1713
254316,1249,1712
254329,1251,1715
254342,1254,1713
254355,1236,1733
254368,1253,1718
254381,1229,1680
254393,1264,1723
254406,1266,1722
254419,1269,1728
254432,4095,1728
254445,4095,1745
254458,4095,1728
254471,4095,1693
254483,4095,1737
254496,4095,1741
254509,4095,1744
254522,4095,1745
254535,4095,1764
254548,4095,1757
254561,4095,1718
254573,4095,1763
254586,4095,1766
254599,4095,1775
254612,4095,1776
254625,4095,1798
254638,4095,1789
254651,4095,1755
254663,4095,1808
254676,4095,1815
254689,4095,1826
254702,4095,1835
254715,4095,1866
254728,4095,1868
254741,4095,1840
254753,4095,1903
254766,4095,1917
254779,4095,1940
254792,4095,1965
254805,4095,2010
254818,4095,2032
254831,4095,2032
254843,4095,2123
254856,4095,2173
254869,4095,2219
254882,4095,2288
254895,4095,2429
254908,1685,2559
254921,1338,2734
254933,1364,3017
254946,1361,3217
254959,1362,3415
254972,1372,3794
254985,1434,3821
254998,4095,3649
255011,4095,3606
255023,4095,3681
255036,4095,3677
255049,4095,3664
255062,4095,3665
255075,4095,3648
255088,4095,3677
255101,1222,3653
255113,1232,3793
255126,1206,3821
255139,1187,3831
255152,1152,3852
255165,1106,3903
255178,1102,3876
255191,1051,3819
255203,1071,3903
255216,1058,3904
255229,1040,3912
255242,1036,3929
255255,1010,3968
255268,1010,3943
255281,976,3895
255293,1015,3953
255306,1001,3950
255319,986,3971
255332,989,3973
255345,983,3977
255358,978,3981
255371,955,3909
255383,981,3975
255396,977,3977
255409,976,3989
255422,4095,4023
255435,4095,4067
255448,4095,4051
255463,4095,3984
255474,4095,4051
255488,976,4053
255500,967,4049
255513,965,4046
255526,973,4048
255540,962,4029
255553,941,3970
255564,965,4039
255577,965,4073
255590,969,4069
255603,967,4071
255616,964,4095
255630,967,4095
255643,944,4054
255654,967,4095
255667,967,4092
255680,967,4095
255693,965,4095
255706,976,4095
255720,972,4095
255733,949,4038
255744,976,4095
255757,976,4095
255770,978,4094
255783,982,4095
255796,988,4095
255810,983,4095
255823,961,4095
255834,991,4095
255847,998,4095
255860,1010,4095
255873,1039,4095
255886,1059,4095
255900,1066,4095
255913,1037,4095
255924,1072,4095
255937,1072,4095
255950,1088,4095
255963,1131,4095
255976,1167,4095
255990,1194,4095
256003,1191,4095
256014,1234,4095
256027,1246,4095
256040,1250,4095
256053,1253,4095
256066,1262,4095
256080,1271,4095
256093,1264,4095
256104,1337,4095
256117,4095,4095
256130,4095,4095
256143,4095,4095
256156,4095,4095
256170,4095,4095
256183,4095,4095
256194,4095,4095
256207,4095,4095
256220,4095,4095
256233,4095,4095
256246,4095,4095
256260,4095,4095
256273,4095,4095
256284,4095,4095
256297,1506,4095
256310,1407,4095
256323,1385,4095
256336,1365,4095
256350,1347,4095
256363,1296,4095
256374,1317,4095
256387,1305,4095
256400,1295,4095
256413,1292,4095
256426,1295,4095
256440,1291,4095
256453,1260,4095
256464,1299,4095
256477,1319,4095
256490,1333,4095
256503,1344,4095
256516,1358,4095
256530,1385,4095
256543,1369,4095
256554,1439,4095
256567,1473,4095
256580,1519,4095
256593,1589,4095
256606,1648,4095
256620,1717,4095
256633,1744,4095
256644,1827,4095
256657,1909,4095
256670,2003,4095
256683,2102,4095
256696,2178,4095
256710,2250,4095
256723,2283,4095
256734,2375,4095
256747,2402,4095
256760,2407,4095
256773,2367,4095
256786,2323,4095
256800,2305,4095
256813,2230,4095
256824,2266,4095
256837,2256,4095
256850,2259,4095
256863,2277,4095
256876,2239,4095
256890,2352,4095
256903,2320,4095
256914,2398,4095
256927,2405,4095
256940,2390,4095
256953,2359,4095
256966,2311,4095
256980,2251,4095
256993,2147,4095
257004,2146,4095
257017,2133,4095
257030,2118,4095
257043,2096,4095
257056,2071,4095
257070,2042,4095
257083,1953,4095
257094,1972,4095
257107,1924,4095
257120,1840,4095
257133,1703,4095
257147,1579,4095
257160,1457,4095
257173,1334,4095
257184,1323,4095
257197,1281,4095
257210,1250,4095
257223,1229,4095
257237,1217,4095
257250,1200,4095
257263,1132,4095
257274,1146,4095
257287,1126,4095
257300,1107,4095
257313,1093,4095
257327,1088,4095
257340,1081,4095
257353,1046,4095
257364,1072,4095
257377,1071,4095
257390,1067,4095
257403,1063,4095
257417,1061,4095
257430,1055,4095
257443,1021,4095
257456,1047,4095
257469,1044,4095
257481,1045,4095
257494,1041,4095
257507,1043,4095
257520,1040,4095
257533,1008,4095
257547,1046,4095
257560,1023,4095
257571,1060,4095
257585,1059,4095
257598,1067,4095
257611,1063,4095
257624,1055,4095
257637,1064,4095
257650,1034,4095
257662,1066,4095
257675,1067,4095
257688,1063,4095
257701,1061,4095
257714,1053,4095
257727,1062,4095
257740,1022,4095
257752,1054,4095
257765,1050,4095
257778,1047,4095
257791,1043,4095
257804,1038,4095
257817,1050,4095
257830,1021,4095
257842,1058,4095
257855,1071,4095
257868,1081,4095
257881,1091,4095
257894,1099,4095
257907,1131,4095
257920,1117,4095
257932,1157,4095
257945,1173,4095
257958,1182,4095
257971,1193,4095
257984,1185,4095
257997,1193,4095
258010,1161,4095
258022,1190,4095
258035,1190,4095
258048,1188,4095
258061,1182,4095
258074,1159,4095
258087,1173,4095
258100,1138,4095
258112,1170,4095
258125,1168,4095
258138,1168,4095
258151,1163,4095
258164,1151,4095
258177,1167,4095
258190,1133,4095
258202,1163,4095
258215,1166,4095
258228,1168,4095
258241,1171,4095
258254,1150,4095
258267,1171,4095
258280,1145,4095
258292,1171,4095
258305,1169,4095
258318,1174,4095
258331,1171,4095
258344,1149,4095
258357,1168,4095
258370,1133,4095
258382,1156,4095
258395,1155,4095
258408,1151,4095
258421,1147,4095
258434,1119,4095
258447,1134,4095
258460,1100,4095
258472,1120,4095
258485,1108,4095
258498,1095,4095
258511,1088,4095
258524,1060,4095
258536,1076,4095
258549,1072,4095
258561,1067,4095
258574,1057,4095
258587,1051,4095
258600,1043,4095
258614,1003,4095
258627,1033,4095
258640,1004,4095
258651,1019,4095
258665,1011,4095
258679,1014,4095
258692,1008,4095
258705,1008,4095
258719,1005,4095
258732,976,4095
258743,1001,4095
258756,1002,4095
258769,1003,4095
258782,1008,4095
258795,1008,4095
258809,1005,4095
258822,976,4095
258833,1008,4095
258846,1006,4095
258859,1007,4095
258872,1007,4095
258885,1008,4095
258899,1007,4095
258912,976,4095
258923,1008,4095
258936,1007,4095
258949,1010,4095
258962,1008,4095
258975,1010,4095
258989,1009,4095
259002,985,4095
259013,1012,4095
259026,1018,4095
259039,1020,4095
259052,1021,4095
259065,1034,4095
259079,1037,4095
259092,1007,4095
259103,1051,4095
259116,1070,4095
259129,1088,4095
259142,1115,4095
259155,1146,4095
259169,1174,4095
259182,1167,4095
259193,1215,4095
259206,1230,4095
259219,1242,4095
259232,1253,4095
259245,1264,4095
259259,1267,4095
259272,1243,4095
259283,1293,4095
259296,1302,4095
259309,1310,4095
259322,1318,4095
259335,1327,4095
259349,1327,4095
259362,1294,4095
259373,1327,4095
259386,1325,4095
259399,1327,4095
259412,1325,4095
259425,1328,4095
259439,1326,4095
259452,1289,4095
259463,1318,4095
259476,1313,4095
259489,1296,4095
259502,1280,4095
259515,1267,4095
259529,1254,4095
259542,1210,4095
259553,1239,4095
259566,1234,4095
259579,1238,4095
259592,1234,4095
259605,1221,4095
259619,1234,4095
259632,1200,4095
259643,1218,4095
259656,1218,4095
259669,1213,4095
259682,1200,4095
259695,1199,4095
259709,1190,4095
259722,1143,4095
259733,1171,4095
259746,1155,4095
259759,1149,4095
259772,1139,4095
259785,1104,4095
259799,1120,4095
259812,1087,4095
259823,1106,4095
259836,1098,4095
259849,1091,4095
259862,1089,4095
259875,1088,4095
259889,1083,4095
259902,1049,4095
259913,1079,4095
259926,1072,4095
259939,1072,4095
259952,1067,4095
259965,1041,4095
259979,1061,4095
259992,1021,4095
260003,1059,4095
260016,1056,4095
260029,1055,4095
260042,1051,4095
260056,1011,4095
260069,1045,4095
260082,1009,4095
260093,1039,4095
260106,1040,4095
260119,1037,4095
260132,1033,4095
260146,1036,4095
260159,1034,4095
260172,1002,4095
260183,1034,4095
260196,1042,4095
260209,1045,4095
260222,1053,4095
260236,1056,4095
260249,1054,4095
260262,1023,4095
260273,1061,4095
260286,1063,4095
260299,1072,4095
260312,1083,4095
260326,1113,4095
260339,1149,4095
260352,1139,4095
260363,1178,4095
260376,1181,4095
260389,1185,4095
260402,1187,4095
260416,1188,4095
260429,1191,4095
260442,1163,4095
260453,1195,4095
260466,1200,4095
260479,1209,4095
260492,1207,4095
260506,1177,4095
260519,1207,4095
260532,1170,4095
260543,1204,4095
260556,1200,4095
260569,1200,4095
260582,1196,4095
260596,1193,4095
260609,1190,4095
260622,1158,4095
260633,1187,4095
260646,1186,4095
260659,1184,4095
260673,1186,4095
260686,1190,4095
260699,1186,4095
260712,1153,4095
260723,1187,4095
260736,1190,4095
260749,1193,4095
260763,1197,4095
260776,1198,4095
260789,1193,4095
260802,1162,4095
260813,1191,4095
260826,1183,4095
260839,1184,4095
260853,1175,4095
260866,1173,4095
260879,1163,4095
260892,1118,4095
260903,1146,4095
260916,1136,4095
260929,1131,4095
260943,1125,4095
260956,1121,4095
260969,1109,4095
260982,1076,4095
260993,1104,4095
261006,1097,4095
261019,1095,4095
261033,1092,4095
261046,1093,4095
261059,1088,4095
261072,1053,4095
261083,1083,4095
261096,1077,4095
261109,1076,4095
261123,1072,4095
261136,1072,4095
261149,1069,4095
261162,1023,4095
261173,1059,4095
261186,1055,4095
261199,1055,4095
261213,1052,4095
261226,1010,4095
261239,1042,4095
261252,1008,4095
261263,1040,4095
261276,1041,4095
261289,1040,4095
261303,1039,4095
261316,1002,4095
261329,1023,4095
261342,994,4095
261353,1019,4095
261366,1021,4095
261379,1015,4095
261393,1018,4095
261406,1015,4095
261419,1010,4095
261432,983,4095
261443,1009,4095
261456,1018,4095
261469,1007,4095
261483,1007,4095
261496,1007,4095
261509,1007,4095
261522,967,4095
261533,995,4095
261546,993,4095
261559,994,4095
261573,993,4095
261586,991,4095
261599,988,4095
261612,955,4095
261623,982,4095
261636,983,4095
261649,985,4095
261663,983,4095
261676,976,4095
261689,986,4095
261702,962,4095
261713,993,4095
261726,989,4095
261739,990,4095
261753,990,4095
261766,998,4095
261779,997,4095
261792,966,4095
261803,997,4095
261816,995,4095
261829,993,4095
261843,995,4095
261856,967,4095
261869,994,4095
261882,966,4095
261893,995,4095
261908,992,4095
261920,997,4095
261933,993,4095
261946,998,4095
261959,997,4095
261973,972,4095
261984,998,4095
261997,997,4095
262010,998,4095
262023,994,4095
262036,996,4095
262049,993,4095
262063,967,4095
262074,996,4095
262087,996,4095
262100,994,4095
262113,995,4095
262126,995,4095
262139,995,4095
262153,966,4095
262164,993,4095
262177,993,4095
262190,992,4095
262203,991,4095
262216,993,4095
262229,987,4095
262243,963,4095
262254,987,4095
262267,992,4095
262280,990,4095
262293,987,4095
262306,991,4095
262319,988,4095
262333,960,4095
262344,982,4095
262357,987,4095
262370,985,4095
262383,986,4095
262396,986,4095
262410,987,4095
262423,961,4095
262434,1003,4095
262447,1018,4095
262460,1040,4095
262473,1056,4095
262486,1075,4095
262500,1093,4095
262513,1104,4095
262524,1165,4095
262537,1191,4095
262550,1213,4095
262563,1225,4095
262576,1243,4095
262590,1259,4095
262603,1235,4045
262614,1283,4095
262627,1298,4095
262640,1307,4095
262653,1317,4095
262666,1325,4095
262680,1323,4095
262693,1290,4065
262704,1328,4095
262717,1328,4095
262730,1328,4095
262743,1328,4095
262756,1329,4095
262770,1328,4095
262783,1293,4095
262794,1329,4095
262807,1331,4095
262820,1341,4095
262833,1349,4095
262846,1359,4095
262860,1360,4095
262873,1328,4095
262884,1366,4095
262897,1367,4095
262910,1369,4095
262923,1374,4095
262936,1383,4095
262950,1375,4095
262963,1338,4095
262974,1372,4095
262987,1364,4095
263000,1360,4095
263013,1360,4095
263026,1360,4095
263040,1355,4095
263053,1317,3101
263064,1351,2975
263077,1356,2679
263090,1360,2516
263103,1360,2365
263116,1371,2256
263130,1373,2185
263143,1348,2069
263154,1402,2083
263167,1424,2032
263180,1468,2006
263193,4095,1993
263206,4095,1983
263220,4095,1986
263233,1666,1943
263244,1697,2001
263257,1807,2032
263270,1999,2064
263283,2302,2095
263296,2654,2135
263310,2962,2142
263323,3251,2101
263334,3535,2160
263347,3501,2160
263360,3443,2167
263373,3413,2180
263386,3428,2192
263400,3403,2192
263413,3280,2135
263424,3327,2185
263437,3309,2161
263450,3286,2123
263463,3264,2091
263476,3237,2039
263490,3183,1990
263503,3059,1904
263514,3067,1921
263527,3027,1883
263540,3024,1854
263553,3024,1820
263566,3031,1795
263580,3028,1780
263593,2955,1713
263604,3017,1744
263617,2995,1727
263630,2982,1712
263643,2965,1695
263656,2951,1679
263670,2939,1658
263683,2870,1596
263694,2925,1626
263707,2918,1616
263720,2915,1611
263733,2906,1602
263746,2905,1599
263760,2896,1597
263773,2832,1557
263784,2890,1595
263797,2890,1589
263810,2893,1586
263823,2888,1582
263836,2858,1586
263850,2881,1568
263863,2830,1518
263874,2897,1535
263887,2925,1535
263900,2987,1535
263913,2907,1527
263926,2875,1520
263940,2864,1517
263953,2800,1473
263964,2858,1501
263977,2861,1493
263990,2860,1489
264003,2858,1488
264016,2860,1479
264030,2855,1465
264043,2795,1424
264054,2857,1455
264067,2857,1453
264080,2863,1446
264093,2853,1440
264106,2862,1441
264120,2861,1434
264133,2798,1394
264144,2861,1425
264157,2861,1423
264170,2864,1422
264183,2870,1422
264196,2871,1418
264210,2865,1413
264223,2805,1379
264234,2872,1419
264247,2864,1424
264260,2862,1433
264273,2864,1445
264286,2867,1459
264300,2864,1474
264313,2793,1447
264324,2850,1485
264337,2848,1479
264350,2853,1481
264363,2855,1482
264376,2864,1483
264390,2862,1480
264403,2794,1442
264414,2859,1478
264427,2862,1477
264440,2854,1475
264453,2860,1475
264466,2855,1475
264480,2855,1474
264493,2798,1441
264504,2853,1478
264517,2855,1482
264530,2850,1483
264543,2847,1485
264556,2847,1493
264570,2839,1498
264583,2773,1470
264594,2838,1510
264607,2835,1522
264620,2836,1532
264633,2832,1535
264646,2836,1554
264660,2829,1559
264673,2767,1527
264684,2830,1578
264697,2829,1584
264710,2828,1590
264723,2817,1591
264736,2814,1596
264750,2812,1590
264763,2750,1535
264774,2812,1586
264787,2806,1584
264800,2810,1584
264813,2814,1578
264826,2816,1577
264840,2814,1572
264853,2750,1530
264864,2815,1567
264877,2816,1563
264890,2816,1562
264903,2816,1553
264916,2819,1552
264930,2814,1535
264943,2752,1508
264954,2810,1535
264967,2812,1535
264980,2815,1535
264993,2815,1535
265007,2819,1535
265020,2816,1535
265033,2754,1500
265044,2814,1535
265057,2819,1535
265070,2820,1535
265084,2831,1553
265097,2832,1557
265110,2832,1557
265123,2775,1519
265137,2832,1561
265150,2768,1520
265162,2836,1566
265175,2832,1562
265188,2833,1567
265201,2834,1564
265214,2754,1511
265227,2832,1535
265240,2767,1506
265252,2837,1535
265265,2838,1527
265278,2842,1523
265291,2839,1517
265304,2756,1458
265317,2838,1498
265330,2773,1456
265342,2841,1495
265355,2842,1489
265368,2839,1489
265381,2837,1487
265394,2763,1445
265407,2843,1489
265420,2778,1456
265432,2842,1503
265445,2846,1518
265458,2847,1521
265471,2850,1520
265484,2767,1473
265497,2847,1521
265510,2783,1479
265522,2854,1525
265535,2861,1520
265548,2864,1523
265561,2864,1521
265574,2780,1478
265587,2865,1535
265600,2799,1504
265612,2864,1556
265625,2864,1565
265638,2871,1577
265651,2864,1583
265664,2781,1535
265677,2863,1594
265690,2798,1563
265702,2864,1604
265715,2869,1603
265728,2872,1607
265741,2868,1609
265754,2785,1558
265767,2869,1609
265780,2812,1569
265792,2878,1604
265805,2877,1599
265818,2883,1595
265831,2879,1584
265844,2797,1519
265857,2886,1559
265870,2823,1508
265882,2896,1535
265895,2902,1531
265908,2918,1525
265921,2928,1521
265934,2862,1467
265947,2989,1517
265960,2950,1471
265972,3047,1513
265985,3104,1517
265998,3145,1517
266011,3167,1520
266024,3108,1483
266037,3248,1555
266050,3187,1529
266062,3280,1593
266075,3305,1616
266088,3309,1643
266101,3316,1665
266114,3275,1649
266127,3383,1723
266140,3351,1710
266152,3425,1782
266165,3455,1821
266178,3503,1863
266191,3534,1915
266204,3486,1914
266217,3604,2062
266230,3529,2096
266242,3606,2243
266255,3602,2347
266268,3583,2493
266281,3582,2668
266294,3483,2720
266307,3557,2874
266320,3485,2863
266332,3547,2947
266345,3536,3034
266358,3547,3089
266371,3596,3054
266384,3515,2921
266397,3670,2962
266410,3614,2832
266422,3702,2865
266435,3690,2821
266448,3691,2720
266461,3709,2655
266474,3629,2374
266487,3727,2320
266500,3651,2112
266512,3718,1997
266525,3728,1883
266538,3745,1791
266551,3746,1716
266564,3674,1622
266577,3772,1638
266590,3737,1569
266602,3827,1600
266615,3841,1598
266628,3856,1590
266641,3859,1584
266654,3772,1526
266667,3854,1574
266680,3787,1523
266692,3851,1566
266705,3854,1562
266718,3855,1559
266731,3846,1535
266744,3759,1503
266757,3829,1535
266770,3751,1503
266782,3807,1535
266795,3792,1535
266808,3779,1535
266821,3758,1533
266834,3645,1488
266847,3706,1525
266860,3611,1475
266872,3675,1513
266885,3655,1493
266898,3639,1489
266911,3618,1481
266924,3526,1424
266937,3578,1456
266950,3498,1410
266962,3563,1447
266975,3543,1438
266988,3540,1428
267001,3535,1421
267014,3435,1371
267027,3515,1405
267040,3426,1360
267052,3492,1397
267065,3481,1390
267078,3469,1389
267091,3455,1386
267104,3348,1335
267117,3408,1373
267130,3325,1335
267142,3382,1370
267155,3373,1363
267168,3367,1364
267181,3354,1357
267194,3269,1317
267207,3350,1351
267220,3277,1315
267232,3346,1352
267245,3344,1351
267258,3346,1348
267271,3344,1344
267284,3255,1301
267297,3341,1344
267310,3264,1305
267322,3338,1339
267335,3331,1339
267348,3330,1339
267361,3321,1329
267374,3239,1294
267387,3321,1331
267400,3254,1296
267412,3326,1329
267425,3327,1328
267438,3330,1333
267451,3323,1326
267464,3237,1280
267477,3314,1324
267490,3249,1289
267502,3317,1316
267515,3317,1313
267528,3314,1313
267541,3309,1310
267554,3226,1268
267567,3312,1310
267580,3245,1271
267592,3312,1308
267605,3312,1308
267618,3312,1308
267631,3311,1304
267644,3219,1264
267657,3308,1309
267671,3230,1277
267682,3294,1315
267695,3287,1315
267708,3296,1319
267721,3290,1318
267734,3205,1280
267746,3291,1323
267759,3283,1328
267771,3280,1328
267784,3281,1328
267797,3282,1334
267811,3282,1338
267824,3207,1318
267836,3273,1377
267849,3259,1382
267861,3269,1392
267874,3269,1390
267887,3271,1396
267900,3263,1410
267913,3195,1397
267925,3259,1454
267937,3256,1482
267951,3251,1505
267964,3245,1522
267977,3248,1535
267990,3243,1554
268003,3173,1520
268015,3235,1569
268027,3231,1575
268041,3228,1584
268054,3217,1589
268067,3221,1595
268080,3222,1607
268093,3157,1586
268105,3216,1631
268117,3216,1642
268131,3217,1646
268144,3216,1648
268157,3219,1650
268170,3216,1653
268183,3149,1616
268195,3205,1659
268207,3204,1658
268221,3201,1659
268234,3205,1655
268247,3206,1663
268260,3197,1663
268273,3131,1619
268285,3199,1664
268297,3195,1664
268311,3194,1667
268324,3191,1666
268337,3189,1669
268351,3185,1666
268364,3119,1631
268376,3185,1680
268389,3163,1699
268401,3183,1713
268414,3175,1728
268427,3181,1747
268440,3171,1762
268453,3104,1743
268465,3169,1799
268478,3165,1811
268491,3165,1827
268504,3165,1835
268517,3169,1847
268530,3152,1857
268543,3088,1822
268555,3152,1867
268568,3147,1871
268581,3147,1869
268594,3147,1860
268607,3148,1854
268620,3143,1837
268633,3071,1762
268645,3143,1783
268658,3139,1747
268671,3139,1714
268684,3136,1681
268697,3143,1667
268710,3137,1645
268723,3066,1573
268735,3134,1594
268748,3131,1572
268761,3136,1555
268774,3132,1535
268787,3136,1524
268800,3133,1520
268813,3067,1472
268825,3134,1505
268838,3135,1495
268851,3131,1488
268864,3134,1488
268877,3137,1488
268890,3131,1479
268903,3059,1440
268915,3129,1474
268928,3128,1472
268941,3131,1482
268954,3127,1483
268967,3130,1488
268980,3125,1496
268993,3054,1470
269005,3129,1510
269018,3125,1515
269031,3127,1522
269044,3126,1530
269057,3133,1534
269070,3120,1532
269083,3054,1507
269095,3126,1535
269108,3122,1559
269121,3119,1566
269134,3119,1571
269147,3120,1579
269160,3113,1584
269173,3040,1535
269185,3110,1593
269198,3107,1600
269211,3103,1610
269224,3107,1616
269237,3111,1625
269250,3105,1631
269263,3035,1600
269275,3111,1648
269288,3103,1647
269301,3103,1650
269314,3104,1655
269327,3104,1660
269340,3104,1669
269353,3031,1642
269365,3105,1694
269378,3109,1706
269391,3107,1721
269404,3103,1730
269417,3108,1744
269430,3103,1754
269443,3031,1728
269455,3104,1792
269468,3101,1811
269481,3105,1827
269494,3100,1856
269507,3097,1873
269520,3090,1874
269533,3025,1837
269545,3095,1877
269558,3099,1874
269571,3098,1871
269584,3095,1867
269597,3098,1863
269610,3099,1843
269623,3024,1789
269635,3090,1822
269648,3102,1802
269661,3091,1790
269674,3093,1776
269687,3098,1766
269700,3093,1756
269713,3024,1696
269725,3095,1718
269738,3098,1693
269751,3095,1668
269764,3089,1648
269777,3091,1623
269790,3090,1607
269803,3019,1562
269815,3095,1596
269828,3089,1593
269841,3093,1587
269854,3091,1584
269867,3093,1584
269880,3088,1577
269893,3019,1529
269905,3089,1567
269918,3085,1567
269931,3089,1565
269944,3087,1563
269957,3089,1565
269970,3089,1563
269983,3021,1519
269995,3089,1563
270008,3081,1564
270021,3088,1561
270034,3088,1562
270047,3003,1518
270060,3088,1570
270073,3017,1522
270085,3088,1567
270098,3088,1575
270111,3090,1577
270124,3090,1582
270137,3097,1585
270150,3088,1584
270163,3024,1535
270175,3090,1585
270188,3089,1587
270201,3093,1591
270214,3088,1597
270227,3088,1599
270240,3088,1595
270253,3017,1566
270265,3090,1605
270278,3086,1613
270291,3090,1617
270304,3088,1625
270317,3088,1633
270330,3088,1632
270343,3017,1595
270355,3088,1637
270368,3085,1634
270381,3087,1638
270394,3085,1635
270407,3090,1639
270420,3087,1633
270433,3014,1591
270445,3086,1619
270458,3088,1616
270471,3088,1609
270484,3089,1603
270497,3093,1600
270510,3088,1585
270523,3020,1535
270535,3088,1573
270548,3092,1563
270561,3092,1562
270574,3090,1535
270587,3097,1535
270600,3091,1535
270613,3019,1501
270625,3094,1535
270638,3095,1535
270651,3103,1535
270664,3100,1531
270677,3103,1533
270690,3101,1523
270703,3027,1487
270715,3099,1524
270728,3099,1525
270741,3103,1525
270754,3101,1525
270767,3107,1527
270780,3103,1527
270793,3031,1488
270805,3103,1527
270818,3107,1530
270831,3106,1535
270844,3107,1535
270857,3117,1535
270870,3108,1535
270883,3041,1510
270895,3118,1535
270908,3117,1554
270921,3119,1557
270934,3118,1561
270947,3119,1563
270960,3113,1559
270973,3043,1519
270985,3120,1558
270998,3116,1555
271011,3120,1535
271024,3119,1535
271037,3122,1534
271050,3120,1520
271063,3051,1472
271076,3112,1500
271090,3110,1483
271101,3119,1477
271115,3113,1453
271128,3113,1441
271141,3105,1429
271154,3038,1402
271166,3113,1411
271179,3094,1402
271191,3113,1399
271204,3110,1392
271217,3111,1394
271230,3105,1392
271243,3030,1361
271255,3103,1393
271268,3106,1401
271281,3104,1407
271294,3101,1427
271307,3107,1449
271320,3109,1473
271333,3031,1456
271345,3099,1511
271358,3107,1534
271371,3105,1567
271384,3104,1600
271397,3107,1650
271410,3105,1709
271423,3035,1723
271435,3105,1824
271448,3098,1904
271461,3101,1971
271474,3108,2098
271487,3112,2256
271500,3111,2489
271515,3023,2714
271528,3109,2895
271541,3035,3005
271553,3114,3184
271566,3095,3323
271579,3105,3451
271592,3099,3511
271605,3022,3580
271618,3097,3696
271631,3022,3662
271643,3101,3726
271656,3093,3691
271669,3094,3682
271682,3095,3638
271695,3022,3475
271708,3095,3504
271721,3017,3397
271733,3089,3419
271746,3094,3352
271759,3103,3283
271772,3088,3267
271785,3019,3123
271798,3091,3120
271811,3024,2961
271823,3091,2971
271836,3090,2939
271849,3091,2896
271862,3090,2830
271875,3025,2705
271888,3091,2638
271901,3017,2480
271913,3087,2461
271926,3088,2389
271939,3088,2295
271952,3088,2227
271965,3071,2129
271977,3087,2122
271990,3017,2028
272002,3088,2029
272015,3085,1995
272028,3088,1965
272042,3086,1929
272055,3002,1859
272068,3083,1872
272081,3014,1803
272092,3088,1819
272105,3082,1793
272118,3088,1776
272132,3085,1751
272145,2998,1706
272157,3087,1710
272170,3018,1658
272182,3086,1670
272195,3087,1645
272208,3088,1619
272222,3085,1599
272235,3004,1535
272248,3088,1562
272261,3015,1503
272272,3085,1535
272285,3090,1526
272298,3103,1520
272312,3097,1506
272325,3022,1473
272338,3114,1493
272351,3045,1451
272362,3127,1479
272375,3138,1470
272388,3152,1466
272402,3159,1458
272415,3087,1428
272428,3173,1452
272441,3093,1408
272453,3170,1450
272465,3243,1440
272478,3583,1438
272492,3615,1435
272505,3395,1408
272518,3375,1434
272531,3173,1392
272543,3178,1440
272555,2973,1444
272568,2601,1456
272582,2381,1467
272595,2173,1473
272608,2157,1510
272621,2037,1488
272633,2027,1553
272645,1954,1594
272658,1914,1649
272672,1878,1731
272685,1789,1792
272698,1800,1895
272711,1726,1952
272723,1744,2115
272735,1713,2234
272748,1680,2320
272762,1619,2389
272775,1535,2448
272788,1526,2544
272801,1446,2621
272813,1431,2768
272825,1379,2880
272838,1335,3003
272852,1303,3056
272865,1247,3111
272878,1263,3131
272891,1215,3044
272903,1235,3097
272915,1232,3138
272928,1225,3142
272942,1215,3158
272955,1180,3137
272968,1203,3191
272981,1166,3150
272993,1196,3255
273005,1189,3284
273018,1186,3286
273032,1185,3318
273045,1151,3291
273058,1173,3302
273071,1138,3243
273083,1168,3319
273095,1165,3315
273108,1161,3330
273122,1151,3347
273135,1119,3325
273148,1141,3377
273161,1104,3325
273173,1133,3397
273185,1129,3407
273198,1131,3412
273212,1127,3431
273225,1097,3417
273238,1131,3470
273251,1107,3413
273263,1151,3490
273275,1159,3497
273288,1170,3481
273302,1175,3471
273315,1159,3435
273328,1200,3467
273341,1173,3395
273353,1213,3491
273365,1213,3498
273378,1215,3509
273392,1217,3527
273405,1193,3497
273418,1219,3503
273431,1187,3434
273443,1222,3511
273455,1218,3504
273468,1228,3495
273482,1225,3501
273495,1198,3469
273508,1231,3492
273521,1197,3430
273533,1232,3509
273545,1232,3517
273558,1232,3565
273572,1229,3550
273585,1202,3516
273598,1233,3522
273611,1207,3459
273623,1243,3541
273635,1246,3536
273648,1249,3523
273662,1253,3529
273675,1232,3493
273688,1264,3523
273701,1233,3440
273713,1273,3505
273725,1275,3501
273738,1282,3504
273752,1281,3381
273765,1253,3281
273778,1282,3206
273791,1250,3082
273803,1285,3058
273815,1282,2925
273828,1285,2703
273842,1280,2461
273855,1255,2276
273868,1280,2099
273881,1247,1935
273893,1282,1899
273905,1289,1840
273918,1289,1807
273932,1296,1769
273945,1282,1703
273958,1314,1660
273971,1296,1581
273983,1347,1599
273995,1383,1572
274008,1458,1535
274022,4095,1531
274035,4095,1506
274048,4095,1503
274061,1872,1455
274073,2253,1477
274085,2623,1461
274099,2895,1454
274112,3004,1443
274125,4095,1427
274138,4095,1435
274151,4095,1393
274163,4095,1428
274175,4095,1425
274189,4095,1426
274202,4095,1421
274215,3237,1434
274228,4095,1424
274241,4095,1392
274253,4095,1431
274265,4095,1439
274279,4095,1442
274292,4095,1443
274305,4095,1426
274318,4095,1458
274331,4095,1431
274343,4095,1474
274355,4095,1478
274369,4095,1488
274382,4095,1497
274395,4095,1479
274408,4095,1510
274421,4095,1486
274433,4095,1535
274446,4095,1557
274459,4095,1576
274472,4095,1595
274485,4095,1571
274498,4095,1600
274511,4095,1554
274523,4095,1587
274536,4095,1573
274549,4095,1563
274562,4095,1535
274575,4095,1515
274588,4095,1534
274601,4095,1488
274613,4095,1532
274626,4095,1527
274639,4095,1530
274652,4095,1526
274665,4095,1506
274678,4095,1535
274691,4095,1503
274703,4095,1563
274717,4095,1584
274730,4095,1616
274743,4095,1667
274756,4095,1730
274769,4095,1781
274782,4095,1790
274794,4095,1889
274807,4095,1942
274820,3127,2007
274833,3120,2055
274846,3122,2062
274859,3114,2034
274872,3039,1965
274884,3111,1983
274897,3109,1943
274910,3110,1893
274923,3107,1853
274936,3115,1811
274949,3108,1769
274962,3028,1667
274974,3099,1668
274987,3101,1632
275000,3103,1601
275013,3102,1575
275026,3108,1555
275039,3103,1535
275052,3029,1488
275064,3102,1513
275077,3101,1501
275090,3106,1493
275103,3106,1488
275116,3103,1483
275129,3098,1466
275142,3025,1424
275154,3099,1455
275167,3100,1446
275180,3103,1443
275193,3094,1437
275206,3102,1437
275219,3095,1426
275232,3024,1385
275244,3095,1415
275257,3097,1411
275270,3100,1408
275283,3097,1407
275296,3059,1383
275309,3101,1397
275322,3024,1360
275334,3099,1390
275347,3094,1383
275360,3101,1383
275373,3097,1376
275386,3121,1376
275399,3131,1365
275412,3061,1327
275424,3136,1358
275437,3169,1350
275450,3141,1352
275463,3099,1346
275476,3033,1308
275489,3112,1341
275502,3049,1298
275514,3125,1332
275527,3120,1331
275540,3130,1328
275553,3148,1328
275566,3133,1326
275579,3178,1318
275592,3113,1281
275604,3129,1316
275617,3116,1313
275630,3119,1312
275643,3120,1306
275656,3123,1308
275669,3108,1303
275682,3030,1264
275694,3103,1296
275707,3105,1296
275720,3103,1296
275733,3103,1296
275746,3111,1296
275759,3102,1295
275772,3035,1264
275784,3109,1293
275797,3102,1296
275810,3094,1296
275823,3095,1296
275836,3110,1296
275849,3104,1296
275862,3030,1264
275874,3106,1296
275887,3106,1296
275900,3113,1297
275913,3106,1296
275926,3027,1264
275939,3111,1296
275952,3039,1264
275964,3105,1296
275977,3115,1296
275990,3115,1296
276003,3117,1297
276016,3124,1297
276029,3120,1296
276042,3055,1265
276054,3120,1297
276067,3121,1297
276080,3122,1302
276093,3102,1301
276106,3118,1309
276119,3107,1309
276132,3031,1278
276144,3106,1324
276157,3114,1322
276170,3120,1328
276183,3121,1328
276196,3122,1335
276209,3115,1337
276222,3043,1313
276234,3114,1349
276247,3109,1355
276260,3109,1359
276273,3109,1361
276286,3117,1370
276299,3113,1371
276312,3042,1340
276324,3118,1378
276337,3114,1381
276350,3117,1389
276363,3141,1391
276376,3125,1361
276389,3146,1401
276402,3088,1375
276414,3152,1424
276427,3152,1439
276440,3158,1450
276453,3152,1454
276466,3157,1456
276479,3151,1468
276492,3093,1445
276504,3173,1491
276517,3183,1506
276530,3178,1525
276543,3179,1535
276556,3186,1557
276569,3184,1564
276582,3120,1526
276594,3187,1575
276607,3138,1584
276620,3052,1590
276633,2986,1598
276646,2887,1608
276659,2827,1616
276672,2717,1590
276684,2704,1645
276697,2663,1658
276710,2628,1686
276723,2611,1713
276736,2603,1734
276749,2559,1764
276762,2473,1751
276774,2509,1834
276787,2482,1866
276800,2480,1907
276813,2494,1957
276826,2470,1992
276839,2485,2129
276852,2426,2165
276864,2494,2299
276877,2469,2387
276890,2463,2553
276903,2455,2709
276916,2436,2845
276929,2418,2989
276942,2359,3071
276954,2434,3263
276967,2455,3318
276980,2515,3344
276993,2559,3415
277006,2627,3510
277019,2663,3503
277033,2610,3383
277044,2673,3481
277057,2652,3507
277070,2639,3453
277083,2618,3485
277096,2598,3529
277109,2586,3568
277123,2503,3542
277134,2559,3663
277147,2548,3705
277160,2534,3744
277173,2499,3775
277186,2455,3721
277199,2460,3705
277213,2385,3277
277224,2443,3235
277237,2439,3106
277250,2439,3008
277263,2435,2897
277276,2448,2859
277289,2465,2794
277303,4095,2682
277314,4095,2732
277327,4095,2704
277340,4095,2679
277353,2749,2672
277366,2677,2675
277379,2902,2686
277393,2775,2636
277404,2974,2698
277417,3161,2706
277430,3337,2710
277443,3427,2751
277456,3547,2690
277469,3778,2741
277483,3849,2676
277494,4095,2767
277507,4095,2783
277520,4095,2816
277533,4095,2843
277546,4095,2864
277559,4095,2839
277573,4095,2797
277584,4095,2853
277597,4095,2877
277610,4095,2903
277623,4095,2955
277636,3954,2963
277650,3824,2994
277663,3694,3002
277674,3740,3103
277687,3728,3131
277700,3721,3182
277713,3677,3227
277726,3613,3248
277740,3549,3296
277753,3421,3259
277764,3470,3355
277777,3440,3392
277790,3402,3467
277803,3360,3513
277816,3350,3609
277830,3342,3607
277843,3262,3583
277854,3331,3719
277867,3330,3853
277880,3319,3920
277893,3315,4016
277908,3312,4095
277921,3308,4095
277934,3235,4095
277946,3299,4095
277959,3277,4095
277971,3293,4095
277984,3282,4095
277997,3284,4095
278010,3280,4095
278023,3207,4095
278035,3269,4095
278048,3264,4095
278061,3260,4095
278074,3258,4095
278087,3264,4095
278100,3259,4095
278113,3184,4095
278125,3251,4095
278138,3248,4095
278151,3247,4095
278164,3248,4095
278177,3255,4095
278190,3248,4095
278203,3173,4095
278215,3247,4095
278228,3242,4095
278241,3248,4095
278254,3242,4095
278267,3247,4095
278280,3239,4095
278293,3169,4095
278305,3236,4095
278318,3229,4095
278331,3229,4095
278344,3230,3897
278357,3223,3553
278370,3222,3365
278383,3156,3188
278395,3219,3187
278408,3221,3093
278421,3218,2930
278434,3218,2627
278447,3147,2259
278460,3211,2106
278473,3145,1931
278485,3215,1883
278498,3211,1815
278511,3215,1764
278524,3215,1723
278537,3213,1684
278550,3205,1657
278563,3135,1588
278575,3201,1611
278588,3199,1593
278601,3198,1575
278614,3199,1561
278627,3199,1535
278640,3195,1526
278653,3127,1478
278665,3192,1507
278678,3189,1495
278691,3195,1490
278704,3187,1482
278717,3199,1471
278730,3194,1460
278743,3123,1423
278755,3191,1451
278768,3194,1449
278781,3188,1443
278794,3190,1446
278807,3195,1449
278820,3189,1472
278833,3120,1466
278845,3185,1520
278858,3187,1535
278871,3187,1577
278884,3188,1612
278897,3117,1613
278910,3185,1679
278923,3120,1664
278935,3185,1741
278948,3184,1767
278961,3187,1783
278974,3185,1799
278987,3190,1819
279000,3187,1819
279013,3120,1771
279025,3184,1807
279038,3184,1790
279051,3184,1777
279064,3187,1761
279077,3186,1751
279090,3190,1744
279103,3120,1695
279115,3184,1717
279128,3191,1703
279141,3187,1686
279154,3185,1663
279167,3191,1648
279180,3186,1632
279193,3120,1584
279205,3187,1616
279218,3190,1607
279231,3194,1604
279244,3190,1600
279257,3193,1600
279270,3191,1600
279283,3120,1558
279295,3189,1602
279308,3184,1607
279321,3187,1616
279334,3183,1627
279347,3187,1637
279360,3184,1646
279373,3120,1618
279385,3187,1675
279398,3184,1686
279411,3186,1699
279424,3187,1707
279437,3191,1728
279450,3184,1737
279463,3119,1709
279475,3184,1760
279488,3184,1773
279501,3189,1793
279514,3184,1810
279527,3188,1836
279540,3185,1858
279553,3121,1842
279565,3184,1907
279578,3183,1929
279591,3182,1943
279604,3178,1953
279617,3185,1965
279630,3178,1956
279643,3111,1897
279655,3179,1941
279668,3184,1933
279681,3184,1920
279694,3183,1899
279707,3183,1872
279720,3184,1841
279733,3118,1763
279745,3186,1782
279758,3179,1752
279771,3180,1728
279784,3180,1707
279797,3184,1695
279810,3184,1683
279823,3119,1643
279835,3184,1680
279848,3181,1680
279861,3181,1681
279874,3181,1681
279887,3184,1687
279900,3181,1692
279913,3115,1653
279925,3181,1697
279938,3181,1699
279951,3184,1698
279964,3174,1697
279977,3182,1702
279990,3171,1693
280003,3106,1650
280015,3179,1691
280028,3175,1685
280041,3180,1683
280054,3178,1679
280067,3177,1679
280080,3177,1664
280093,3107,1615
280105,3174,1646
280118,3173,1636
280131,3175,1633
280144,3174,1622
280157,3177,1619
280170,3174,1614
280183,3104,1568
280195,3175,1600
280208,3169,1589
280221,3165,1581
280234,3169,1575
280247,3173,1565
280260,3168,1553
280273,3104,1507
280285,3172,1535
280298,3170,1530
280311,3173,1523
280324,3170,1520
280337,3172,1520
280350,3167,1516
280363,3101,1474
280375,3167,1512
280388,3167,1513
280401,3171,1511
280414,3165,1512
280427,3172,1520
280440,3164,1520
280453,3099,1488
280465,3161,1535
280478,3161,1535
280491,3162,1558
280504,3163,1569
280517,3170,1581
280530,3163,1589
280543,3099,1562
280555,3166,1614
280568,3166,1617
280581,3167,1623
280594,3168,1632
280607,3168,1645
280620,3165,1648
280633,3093,1614
280645,3170,1664
280658,3167,1664
280671,3167,1671
280684,3165,1674
280697,3169,1678
280710,3165,1675
280723,3095,1637
280735,3158,1680
280748,3167,1681
280761,3167,1683
280774,3163,1677
280787,3166,1680
280800,3168,1680
280813,3103,1633
280825,3172,1673
280838,3167,1664
280851,3175,1661
280864,3169,1648
280877,3185,1634
280890,3168,1623
280903,3101,1571
280915,3168,1600
280928,3171,1586
280941,3174,1583
280954,3168,1577
280967,3178,1574
280980,3169,1568
280993,3099,1518
281005,3168,1559
281018,3168,1553
281031,3172,1535
281044,3166,1535
281057,3123,1523
281070,3166,1535
281083,3097,1502
281098,3169,1535
281111,3103,1501
281123,3164,1535
281135,3161,1535
281148,3167,1535
281162,3167,1535
281175,3084,1489
281188,3163,1535
281201,3095,1504
281213,3165,1535
281225,3163,1535
281238,3169,1553
281252,3170,1552
281265,3083,1501
281278,3163,1553
281291,3099,1513
281303,3173,1553
281315,3168,1554
281328,3171,1554
281342,3167,1552
281355,3081,1499
281368,3170,1535
281381,3101,1509
281393,3170,1535
281405,3167,1535
281418,3171,1535
281432,3168,1535
281445,3085,1492
281458,3165,1532
281471,3103,1488
281483,3169,1523
281495,3171,1517
281508,3168,1505
281522,3173,1503
281535,3083,1453
281548,3173,1493
281561,3106,1454
281573,3181,1486
281585,3181,1486
281598,3184,1485
281612,3178,1477
281625,3088,1424
281638,3181,1472
281651,3108,1431
281663,3181,1472
281675,3180,1465
281688,3183,1469
281702,3181,1466
281715,3088,1418
281728,3184,1462
281741,3115,1429
281753,3184,1471
281765,3180,1471
281778,3185,1472
281792,3185,1475
281805,3088,1427
281818,3184,1485
281831,3117,1451
281843,3184,1488
281855,3182,1488
281869,3186,1496
281882,3184,1499
281895,3094,1457
281908,3185,1505
281921,3114,1469
281933,3181,1510
281945,3182,1513
281959,3184,1517
281972,3184,1514
281985,3090,1465
281998,3182,1511
282011,3105,1474
282023,3181,1517
282035,3178,1517
282049,3183,1515
282062,3182,1511
282075,3089,1463
282088,3179,1513
282101,3109,1469
282113,3182,1503
282125,3179,1499
282139,3184,1495
282152,3182,1488
282165,3115,1442
282178,3281,1482
282191,3177,1440
282203,3255,1475
282215,3184,1475
282229,3187,1472
282242,3183,1465
282255,3094,1424
282268,3183,1466
282281,3120,1425
282293,3184,1461
282306,3184,1459
282319,3184,1460
282332,3185,1455
282345,3099,1411
282358,3184,1455
282371,3111,1411
282383,3179,1452
282396,3178,1455
282409,3183,1456
282422,3181,1456
282435,3099,1419
282448,3182,1472
282461,3110,1445
282473,3186,1490
282486,3180,1501
282499,3182,1510
282512,3175,1516
282525,3098,1472
282538,3179,1520
282551,3108,1483
282563,3183,1526
282576,3183,1526
282589,3185,1534
282602,3183,1535
282615,3097,1501
282628,3183,1562
282641,3110,1535
282653,3183,1600
282666,3180,1619
282679,3184,1647
282692,3175,1673
282705,3091,1665
282718,3178,1759
282731,3113,1765
282743,3183,1853
282756,3177,1925
282769,3178,2005
282782,3183,2162
282795,3093,2204
282808,3175,2367
282821,3102,2414
282833,3179,2590
282846,3181,2679
282859,3183,2734
282872,3181,2789
282885,3092,2764
282898,3184,2877
282911,3111,2878
282923,3187,3043
282936,3248,3150
282949,3197,3281
282962,3185,3312
282975,3099,3269
282988,3193,3443
283001,3113,3495
283013,3184,3634
283026,3181,3697
283039,3186,3747
283052,3184,3759
283065,3098,3778
283078,3181,3901
283091,3111,3967
283103,3184,4094
283116,3182,4095
283129,3184,4095
283142,3185,4095
283155,3103,4095
283168,3190,4095
283181,3120,4095
283193,3191,4095
283206,3187,4095
283219,3197,4095
283232,3190,4095
283245,3099,4095
283258,3185,4095
283271,3119,4095
283283,3189,4095
283296,3185,4095
283309,3194,4095
283322,3186,4095
283335,3097,4095
283348,3189,4095
283361,3119,4095
283373,3190,4095
283386,3185,4095
283399,3194,4095
283412,3192,4095
283425,3097,4095
283438,3189,4095
283451,3120,4095
283463,3194,4095
283476,3195,4095
283489,3194,4095
283502,3185,4095
283515,3102,4095
283528,3195,4095
283541,3122,4095
283553,3187,4095
283566,3186,4095
283579,3189,4095
283592,3186,4095
283605,3100,4095
283618,3179,4095
283631,3107,4095
283643,3183,4095
283656,3181,4095
283669,3184,4095
283682,3185,4095
283695,3095,4095
283708,3185,4095
283721,3126,4095
283733,3200,4095
283746,4095,4095
283759,3253,4095
283772,3251,4095
283785,3169,4095
283798,3271,4095
283811,3141,4095
283823,3201,4095
283836,3197,4095
283849,3193,4095
283862,3191,4095
283875,3109,4095
283888,3185,4095
283901,3119,4095
283913,3189,4095
283926,3187,4095
283939,3190,4095
283952,3184,4095
283965,3101,4095
283978,3186,4095
283991,3112,4095
284003,3186,4095
284016,3181,4095
284029,3179,4095
284042,3173,4095
284055,3088,4095
284068,3173,4095
284081,3101,4095
284093,3175,4095
284106,3171,4095
284119,3171,4041
284132,3167,3953
284145,3088,3735
284158,3188,3595
284171,3125,3335
284183,3167,3253
284196,3158,3145
284209,3170,3117
284222,3163,3063
284235,3084,2989
284248,3161,3002
284261,3090,2865
284273,3186,2851
284287,4095,2670
284300,3235,2480
284313,3235,2310
284326,3207,2199
284339,3223,2080
284352,3149,1921
284364,3179,1911
284377,3154,1850
284390,3154,1799
284403,3152,1751
284416,3137,1730
284429,3151,1679
284442,3085,1613
284454,3147,1627
284467,3152,1613
284480,3153,1599
284493,3158,1584
284506,3134,1582
284519,3206,1561
284532,3146,1508
284544,3210,1535
284557,3152,1533
284570,3158,1525
284583,3165,1521
284596,3117,1530
284609,3246,1515
284623,3199,1466
284634,3215,1498
284647,3191,1490
284660,3134,1488
284673,3130,1486
284686,3104,1501
284699,3136,1485
284712,3058,1456
284724,3131,1498
284737,3133,1519
284750,3133,1535
284763,3134,1563
284776,3107,1610
284789,3131,1627
284803,3061,1621
284814,3131,1690
284827,3133,1720
284840,3131,1756
284853,3133,1803
284866,3111,1872
284879,3129,1906
284893,3055,1933
284904,3130,2064
284917,3131,2198
284930,3134,2316
284943,3136,2416
284956,3111,2559
284969,3140,2722
284983,3071,2707
284994,3146,2777
285007,3141,2779
285020,3143,2800
285033,3141,2778
285046,3109,2780
285059,3136,2731
285073,3062,2651
285084,3136,2688
285097,3133,2683
285110,3136,2702
285123,3155,2720
285136,3126,2771
285149,3147,2789
285163,3069,2770
285174,3136,2879
285187,3127,2900
285200,3130,2943
285213,3126,2987
285226,3090,3082
285240,3124,3103
285253,3047,3139
285264,3120,3248
285277,3120,3298
285290,3123,3397
285303,3129,3398
285316,3091,3472
285330,3120,3565
285343,3050,3583
285354,3130,3661
285367,3119,3668
285380,3127,3614
285393,3129,3513
285406,3098,3418
285420,3129,3301
285433,3045,3168
285444,3125,3195
285457,3122,3125
285470,3126,3027
285483,3122,2960
285496,3121,2784
285510,3120,2325
285523,3051,2023
285534,3117,1923
285547,3119,1846
285560,3136,1797
285573,3130,1750
285586,3143,1721
285599,3133,1684
285613,3056,1626
285624,3152,1648
285637,3169,1630
285650,3123,1621
285663,3115,1611
285676,3066,1616
285690,3114,1599
285703,3039,1556
285714,3103,1584
285727,3102,1582
285740,3102,1580
285753,3103,1573
285766,3071,1579
285780,3095,1557
285793,3030,1507
285804,3104,1535
285817,3103,1532
285830,3103,1527
285843,3096,1515
285856,3088,1520
285870,3098,1498
285883,3027,1454
285894,3099,1485
285907,3098,1481
285920,3099,1473
285933,3098,1468
285946,3069,1472
285960,3083,1455
285973,3024,1411
285984,3097,1446
285997,3095,1441
286010,3110,4095
286023,3099,4095
286036,3091,4095
286050,3094,4095
286063,3024,4095
286074,3101,4095
286087,3099,4095
286100,3101,4095
286113,3102,4095
286126,3059,4095
286140,3101,4095
286153,3027,4095
286164,3102,4095
286177,3102,4095
286190,3102,4095
286203,3099,4095
286216,3068,4095
286230,3094,4095
286243,3023,4095
286254,3100,4095
286267,3097,4095
286280,3101,4095
286293,3089,4095
286306,3060,4095
286320,3094,4095
286333,3024,4095
286344,3099,4095
286357,3091,4095
286370,3155,4095
286383,3103,4095
286396,3088,4095
286410,3101,4095
286423,3027,4095
286434,4095,4095
286447,3107,4095
286460,4095,4095
286473,3071,4095
286486,3008,4095
286500,3022,4095
286513,2928,4095
286524,2971,4095
286537,2926,4095
286550,2885,4095
286563,2858,4095
286576,2837,4095
286590,2810,4095
286603,2704,4095
286614,2704,4095
286627,2685,4095
286640,2837,4095
286653,2559,4095
286666,2516,4095
286680,2503,4095
286693,2401,4095
286704,2421,4095
286717,2386,4095
286730,2358,4095
286743,2320,4095
286756,2298,4095
286770,2265,4095
286783,2165,4095
286794,2195,4095
286807,2171,4095
286820,2137,4095
286833,2101,4095
286846,2064,4095
286860,2070,4095
286873,2016,4095
286884,2064,4095
286897,2064,4095
286910,2079,4095
286923,2065,4095
286936,2208,4095
286950,2239,4095
286963,2183,4095
286974,4095,4095
286987,4095,4095
287000,4095,4095
287013,4095,4095
287026,4095,4095
287040,4095,4095
287053,4095,4095
287064,4095,4095
287077,4095,4095
287090,4095,4095
287103,4095,4095
287116,2316,4095
287130,2231,4095
287143,2194,1587
287154,2260,1633
287167,2277,1645
287180,2301,1651
287193,2332,1666
287206,2355,1695
287220,2367,1703
287233,2311,1667
287244,2381,1717
287257,2384,1721
287270,2388,1731
287283,2395,1744
287296,2368,1730
287310,2389,1761
287323,2324,1728
287334,2374,1789
287347,2367,1792
287360,2352,1807
287373,2345,1817
287386,2339,1822
287400,2325,1824
287413,2256,1788
287424,2309,1835
287437,2302,1835
287450,2304,1840
287463,2301,1840
287478,2302,1841
287491,2309,1843
287504,2258,1798
287516,2320,1841
287528,2320,1840
287541,2333,1840
287555,2338,1831
287568,2354,1832
287581,2361,1829
287594,2315,1786
287606,2367,1829
287618,2377,1825
287632,2401,1825
287645,2419,1822
287658,2435,1823
287671,2469,1809
287684,2474,1772
287696,2583,1809
287708,2687,1803
287722,2769,1796
287735,2859,1787
287748,2960,1781
287761,3069,1773
287774,3071,1720
287786,3195,1764
287798,3274,1759
287812,3291,1755
287825,3313,1747
287838,3297,1747
287851,3294,1747
287864,3235,1711
287876,3303,1752
287888,3295,1754
287902,3293,1758
287915,3293,1760
287928,3287,1769
287941,3281,1771
287954,3200,1726
287966,3265,1774
287978,3265,1770
287992,3260,1770
288005,3257,1775
288018,3251,1771
288031,3238,1766
288044,3169,1719
288056,3233,1763
288068,3230,1761
288082,3222,1760
288095,3215,1755
288108,3219,1758
288121,3215,1749
288134,3142,1706
288146,3201,1742
288158,3200,1742
288172,3200,1735
288185,3191,1733
288198,3205,1730
288211,3204,1729
288224,3136,1681
288236,3202,1718
288249,3200,1714
288262,3211,1712
288275,3216,1707
288288,3243,1699
288301,3258,1690
288314,3222,1645
288326,3321,1682
288338,3347,1671
288352,3359,1665
288365,3371,1663
288378,3392,1655
288391,3409,1648
288404,3376,1611
288416,3472,1644
288429,3488,1637
288442,3505,1635
288455,3563,1635
288468,3599,1630
288481,3628,1625
288494,3627,1585
288506,3695,1621
288519,3753,1618
288532,3786,1619
288545,3809,1617
288558,3847,1616
288571,3877,1611
288584,3847,1574
288596,3934,1611
288609,3935,1607
288622,3966,1600
288635,3984,1600
288648,3984,1603
288661,3975,1600
288674,3920,1562
288686,3971,1600
288699,3637,1598
288712,3455,1600
288725,3216,1598
288738,2960,1598
288751,2786,1595
288764,2579,1555
288776,2500,1594
288789,2386,1594
288802,2247,1599
288815,2123,1599
288828,2002,1606
288841,1911,1613
288854,1783,1577
288866,1763,1616
288879,1698,1623
288892,1617,1633
288905,1555,1643
288918,1499,1651
288931,1454,1664
288944,1351,1642
288956,1355,1696
288969,1323,1720
288982,1299,1753
288995,1277,1798
289008,1259,1856
289021,1246,1920
289034,1196,1979
289046,1217,2188
289059,1201,2411
289072,1182,2756
289085,1168,3070
289098,1155,3440
289111,1149,4061
289124,1105,4075
289136,1127,4095
289149,1123,4095
289162,1125,4095
289175,1126,4095
289188,1126,4095
289201,1127,4095
289214,1098,4095
289226,1126,4095
289239,1125,4095
289252,1123,4095
289265,1119,4095
289278,1120,4095
289291,1114,4095
289304,1081,4091
289316,1110,4095
289329,1111,4039
289342,1107,3941
289355,1104,3840
289368,1104,3753
289381,1104,3683
289394,1075,3654
289406,1101,3719
289419,1100,3696
289432,1099,3654
289445,1093,3648
289458,1094,3671
289471,1092,3661
289484,1066,3621
289496,1089,3707
289509,1091,3701
289522,1092,3694
289535,1098,3704
289548,1104,3714
289561,1107,3703
289574,1085,3652
289586,1118,3719
289599,1126,3725
289611,1135,3726
289624,1138,3728
289637,1137,3722
289650,1136,3717
289664,1105,3649
289675,1139,3711
289688,1138,3695
289701,1152,3696
289714,1154,3701
289727,1156,3690
289740,1162,3673
289754,1133,3613
289765,1165,3684
289778,1165,3678
289791,1165,3681
289804,1163,3696
289817,1163,3707
289830,1159,3689
289844,1134,3631
289855,1162,3699
289869,1159,3695
289881,1159,3696
289894,1153,3686
289907,1143,3696
289921,1143,3681
289934,1107,3619
289945,1127,3703
289958,1115,3706
289971,1105,3723
289984,1102,3715
289997,1083,3625
290010,1087,3707
290024,1050,3642
290035,1074,3707
290048,1071,3703
290061,1065,3728
290074,1065,3746
290087,1019,3703
290101,1046,3758
290114,1019,3718
290125,1023,3776
290138,1013,3801
290151,1009,3817
290164,1002,3843
290177,997,3845
290191,989,3868
290204,953,3809
290215,976,3893
290228,971,3920
290241,966,3922
290254,963,3921
290267,963,3920
290281,962,3915
290294,935,3843
290305,960,3917
290318,967,3921
290331,973,3918
290344,981,3903
290357,981,3901
290370,990,3926
290384,962,3870
290395,995,3937
290408,1006,3933
290421,1038,3953
290434,1067,3952
290447,1076,3963
290461,1120,3938
290474,1113,3851
290485,1172,3899
290498,1205,3894
290511,1216,3875
290524,1232,3886
290537,1264,3887
290551,1282,3900
290564,1270,3857
290575,1328,3958
290588,1341,3983
290601,1360,3984
290614,1381,3987
290627,1386,3991
290641,1393,3983
290654,1357,3907
290665,1389,3988
290678,1377,3992
290691,1355,3998
290704,1335,3984
290717,1314,3983
290731,1296,3974
290744,1247,3904
290755,1264,3977
290768,1254,3975
290781,1242,3977
290794,1233,3968
290807,1216,3982
290821,1221,3958
290834,1182,3895
290845,1216,3954
290858,1215,3959
290871,1211,3964
290884,1212,3962
290897,1180,3974
290911,1209,3963
290924,1176,3888
290935,1205,3954
290948,1206,3955
290961,1214,3951
290974,1211,3954
290987,1214,3949
291001,1215,3952
291014,1189,3877
291025,1227,3946
291038,1232,3941
291051,1237,3945
291064,1234,3937
291077,1237,3942
291091,1241,3939
291104,1213,3876
291115,1249,3952
291128,1246,3952
291141,1244,3967
291154,1245,3965
291167,1246,3962
291181,1242,3948
291194,1207,3882
291205,1242,3952
291218,1233,3951
291231,1232,3952
291244,1232,3957
291257,1232,3952
291271,1229,3952
291284,1195,3883
291295,1221,3952
291308,1221,3955
291321,1221,3968
291334,1218,3983
291347,1221,3984
291361,1219,3985
291374,1185,3913
291385,1215,3982
291398,1216,3973
291411,1219,3975
291424,1216,3984
291437,1189,3920
291451,1225,3984
291464,1196,3931
291475,1231,4031
291488,1232,4048
291501,1239,4061
291514,1243,4027
291527,1215,3959
291541,1258,4045
291554,1231,3990
291565,1270,4053
291578,1275,4065
291591,1280,4066
291604,1282,4074
291617,1282,4095
291631,1283,4095
291644,1248,4091
291655,1280,4095
291668,1280,4095
291681,1277,4095
291694,1273,4095
291707,1270,4095
291721,1269,4095
291734,1232,4095
291745,1264,4095
291758,1261,4095
291771,1262,4095
291784,1259,4095
291797,1261,4095
291811,1251,4095
291824,1216,4095
291835,1249,4095
291848,1247,4095
291861,1243,4095
291874,1241,4095
291887,1242,4095
291901,1234,4095
291914,1203,4095
291925,1233,4095
291938,1233,4095
291951,1232,4095
291964,1229,4095
291977,1232,4095
291991,1228,4095
292004,1193,2849
292015,1222,2749
292028,1222,2322
292041,1225,2190
292054,1229,2071
292067,1193,1963
292081,1233,1930
292094,1210,1857
292105,1251,1869
292118,1264,1840
292131,1279,1835
292144,1293,1825
292157,1321,1814
292171,1345,1808
292184,4095,1774
292195,4095,1823
292208,1472,1813
292221,1522,1808
292234,1602,1808
292247,1685,1808
292261,1812,1809
292274,1895,1776
292285,2135,1826
292298,2352,1837
292311,2815,1838
292324,2976,1837
292337,3184,1840
292351,3207,1835
292364,3125,1786
292375,3175,1819
292388,3183,1814
292401,3215,1809
292414,3207,1814
292427,3221,1812
292441,3216,1805
292454,3184,1762
292465,3254,1797
292478,3249,1792
292491,3265,1792
292504,3274,1780
292518,3285,1781
292531,3277,1773
292544,3229,1726
292555,3306,1762
292568,3328,1759
292581,3332,1753
292594,3343,1744
292607,3349,1744
292621,3345,1739
292634,3283,1689
292645,3344,1731
292658,3348,1730
292671,3355,1728
292684,3347,1721
292698,3344,1723
292711,3344,1719
292724,3255,1680
292735,3307,1726
292749,3071,1721
292761,2765,1723
292774,2537,1723
292788,2128,1727
292801,1907,1729
292814,1723,1689
292825,1667,1735
292838,1577,1739
292851,1487,1747
292864,1423,1761
292878,1365,1786
292891,1325,1812
292904,1291,1824
292915,1277,1910
292928,1249,2000
292941,1234,2102
292954,1220,2249
292968,1211,2559
292981,1200,2870
292994,1159,3102
293005,1183,3399
293018,1168,3647
293031,1168,3913
293044,1159,4058
293058,1158,4084
293071,1155,4086
293084,1124,4068
293095,1153,4095
293109,1155,4095
293121,1153,4095
293135,1154,4095
293148,1156,4095
293161,1152,4095
293174,1126,4095
293185,1155,4095
293199,1159,4095
293211,1159,4095
293224,1167,4095
293238,1168,4095
293251,1171,4095
293264,1148,4095
293275,1177,4095
293289,1179,4095
293301,1185,4095
293315,1184,4095
293328,1189,4095
293341,1193,4095
293354,1163,4095
293365,1200,4095
293379,1203,4095
293391,1203,4095
293405,1210,3998
293418,1216,3126
293431,1221,2826
293444,1191,2470
293455,1233,2333
293468,1239,2171
293481,1249,2046
293495,1261,1953
293508,1280,1895
293521,1319,1839
293534,1285,1763
293545,1491,1783
293558,1619,1770
293571,4095,1765
293585,1469,1754
293598,1531,1747
293611,1617,1742
293624,1707,1697
293635,1883,1733
293648,2133,1735
293661,2518,1737
293675,2873,1738
293688,3052,1740
293701,3171,1743
293714,3102,1698
293725,3125,1747
293738,3118,1749
293751,3131,1759
293765,3127,1758
293778,3143,1770
293791,3158,1771
293804,3129,1739
293815,3195,1779
293828,3210,1787
293841,3225,1793
293855,3258,1798
293868,3280,1807
293881,3278,1803
293894,3216,1762
293907,3280,1808
293920,3277,1804
293931,3277,1814
293945,3265,1816
293958,3266,1825
293971,3263,1826
293984,3191,1776
293995,3260,1821
294008,3259,1829
294021,3259,1833
294035,3262,1840
294048,3262,1846
294061,3261,1851
294074,3184,1808
294086,3245,1858
294098,3231,1862
294111,3216,1863
294125,3090,1860
294138,2925,1863
294151,2851,1865
294164,2519,1811
294176,2419,1857
294188,2306,1853
294201,2066,1849
294215,1934,1845
294228,1829,1851
294241,1754,1842
294254,1662,1797
294266,1648,1845
294278,1600,1854
294291,1552,1868
294305,1502,1877
294318,1475,1923
294331,1443,1979
294344,1379,2003
294356,1390,2151
294368,1367,2256
294381,1357,2391
294395,1344,2559
294408,1329,2767
294421,1323,2982
294434,1281,3087
294446,1310,3305
294458,1306,3475
294471,1301,3747
294485,1298,3853
294498,1296,3811
294511,1296,3776
294524,1259,3735
294536,1284,3827
294548,1282,3869
294561,1279,3905
294575,1273,3955
294588,1271,3971
294601,1266,4016
294614,1232,3949
294626,1264,4083
294638,1264,4095
294651,1261,4095
294665,1257,4095
294678,1259,4095
294691,1255,4095
294704,1230,4095
294716,1255,4095
294728,1258,4095
294741,1264,4095
294755,1257,4095
294768,1245,4095
294781,1259,4095
294794,1232,4095
294806,1264,4095
294818,1263,4095
294831,1263,4095
294845,1264,4095
294858,1264,4095
294871,1259,4095
294884,1221,3637
294896,1258,3230
294908,1255,2960
294921,1255,2704
294935,1254,2421
294948,1262,2245
294961,1263,2128
294974,1235,1950
294986,1280,1924
294998,1292,1863
295011,1309,1817
295025,1324,1786
295038,1342,1761
295051,1363,1740
295064,1377,1687
295076,4095,1721
295088,1465,1701
295101,1519,1699
295115,1582,1678
295128,1648,1682
295141,1745,1669
295154,1809,1621
295166,1984,1662
295178,2242,1655
295191,2464,1654
295205,2727,1658
295218,2864,1600
295231,3035,1651
295244,3093,1615
295256,3181,1653
295268,3184,1654
295281,3157,1649
295295,3138,1651
295308,3152,1653
295321,3146,1654
295334,3071,1614
295346,3157,1655
295358,3153,1657
295371,3153,1663
295385,3157,1660
295398,3175,1664
295411,3171,1661
295424,3108,1627
295436,3167,1673
295448,3164,1675
295461,3158,1679
295475,3158,1685
295488,3136,1635
295501,3149,1693
295514,3061,1655
295526,2960,1701
295538,2447,1700
295551,2126,1703
295565,1897,1703
295578,1745,1712
295591,1664,1711
295604,1575,1676
295616,1565,1722
295628,1535,1726
295641,1511,1738
295655,1498,1744
295668,1451,1707
295679,1472,1749
295692,1424,1712
295704,1456,1754
295717,1449,1753
295730,1443,1755
295743,1441,1756
295756,1423,1773
295770,1431,1750
295783,1396,1708
295794,1436,1751
295807,1443,1745
295820,1445,1747
295833,1450,1745
295846,1439,1759
295860,1456,1746
295873,1424,1702
295884,1465,1744
295897,1466,1740
295910,1469,1744
295923,1463,1740
295936,1445,1756
295950,1456,1735
295963,1412,1696
295974,1446,1735
295987,1445,1733
296000,1444,1735
296013,1446,1729
296027,1438,1741
296040,1453,1728
296053,1417,1683
296064,1456,1719
296077,1458,1714
296090,1466,1719
296103,1472,1712
296117,1457,1729
296130,1474,1713
296143,1445,1671
296154,1478,1710
296167,1477,1713
296180,1479,1711
296193,1479,1709
296207,1485,1723
296220,1485,1710
296233,1449,1662
296244,1487,1705
296257,1488,1706
296270,1491,1703
296283,1491,1709
296297,1475,1719
296310,1498,1699
296323,1466,1663
296334,1502,1703
296347,1505,1702
296360,1517,1702
296373,1513,1696
296387,1501,1710
296400,1519,1699
296413,1483,1652
296424,1520,1694
296437,1525,1699
296450,1523,1693
296464,1526,1697
296477,1516,1712
296490,1535,1694
296503,1507,1659
296514,1535,1693
296527,1535,1691
296540,1555,1693
296554,1557,1686
296567,1535,1706
296580,1558,1690
296593,1514,1649
296604,1557,1693
296617,1563,1690
296630,1562,1690
296644,1562,1692
296657,1535,1707
296670,1565,1694
296683,1520,1650
296694,1563,1690
296707,1563,1694
296720,1564,1690
296734,1559,1690
296747,1535,1706
296760,1565,1685
296773,1521,1647
296784,1565,1687
296797,1567,1685
296810,1572,1689
296824,1570,1687
296837,1557,1702
296850,1573,1682
296863,1533,1646
296874,1574,1680
296887,1574,1680
296900,1579,1680
296914,1579,1680
296927,1555,1690
296940,1578,1680
296953,1533,1635
296964,1577,1675
296977,1573,1675
296990,1571,1677
297004,1572,1677
297017,1553,1687
297030,1570,1676
297043,1524,1632
297054,1571,1670
297069,1569,1676
297082,1578,1678
297095,1573,1679
297108,1575,1679
297121,1575,1675
297134,1534,1633
297146,1578,1674
297159,1579,1669
297172,1575,1669
297185,1574,1666
297198,1582,1671
297211,1571,1662
297224,1534,1623
297236,1577,1664
297249,1577,1659
297262,1578,1664
297275,1573,1659
297288,1575,1657
297301,1576,1656
297314,1535,1610
297326,1575,1653
297339,1575,1649
297352,1574,1649
297365,1571,1648
297378,1573,1653
297391,1570,1648
297404,1529,1610
297416,1569,1648
297429,1570,1648
297442,1571,1650
297455,1571,1648
297468,1578,1648
297481,1573,1650
297494,1530,1615
297506,1572,1648
297519,1571,1649
297532,1574,1648
297545,1571,1650
297558,1574,1649
297571,1567,1647
297584,1531,1609
297596,1571,1647
297609,1570,1642
297622,1571,1648
297635,1573,1648
297648,1577,1648
297661,1573,1645
297674,1533,1606
297686,1575,1645
297699,1579,1645
297712,1582,1647
297725,1579,1645
297738,1584,1649
297751,1585,1645
297764,1535,1602
297776,1589,1642
297789,1596,1638
297802,1602,1642
297815,1870,1635
297828,1779,1635
297841,4095,1642
297854,4095,1601
297866,4095,1640
297879,4095,1638
297892,4095,1642
297905,4095,1642
297918,4095,1644
297931,4095,1645
297944,4095,1603
297956,4095,1647
297969,4095,1643
297982,4095,1646
297995,4095,1647
298008,4095,1650
298021,4095,1654
298034,4095,1615
298046,4095,1658
298059,4095,1651
298072,4095,1663
298085,4095,1664
298098,4095,1671
298111,4095,1666
298124,4095,1627
298136,4095,1673
298149,4095,1674
298162,4095,1677
298175,4095,1680
298188,4095,1681
298201,4095,1682
298214,4095,1646
298226,4095,1693
298239,4095,1689
298252,4095,1694
298265,4095,1694
298278,4095,1701
298291,4095,1697
298304,4095,1660
298316,4095,1709
298329,4095,1710
298342,4095,1713
298355,4095,1717
298368,4095,1679
298381,4095,1737
298394,4095,1709
298406,4095,1759
298419,4095,1774
298432,4095,1783
298445,4095,1802
298458,4095,1817
298471,1904,1829
298484,1587,1808
298496,1636,1879
298509,1635,1923
298522,1638,1975
298535,1635,2047
298548,1638,2118
298561,1632,2205
298574,1589,2240
298586,1627,2384
298599,1623,2519
298612,1626,2624
298625,1621,2729
298638,1619,2882
298651,1615,3025
298664,1568,3169
298676,1600,3440
298689,1590,3861
298702,1584,4095
298715,1569,4095
298728,1558,4095
298741,1534,4095
298754,1481,4095
298766,1507,4095
298779,1492,4095
298792,1483,4095
298805,1467,4095
298818,1410,4095
298831,1453,4095
298844,1407,4095
298856,1435,4095
298869,1434,4095
298882,1449,4095
298895,1466,4095
298908,1485,4083
298921,1497,4036
298934,1474,3931
298946,1529,3934
298959,1535,3913
298972,1558,3867
298985,1562,3857
298998,1565,3825
299011,1566,3801
299024,1522,3683
299036,1569,3723
299049,1572,3682
299062,1570,3665
299075,1567,3640
299088,1569,3599
299101,1562,3583
299114,1518,3513
299126,1555,3575
299139,1535,3568
299152,1535,3561
299165,1527,3547
299178,1520,3563
299191,1509,3559
299204,1458,3479
299216,1488,3554
299229,1477,3563
299242,1467,3911
299255,1456,4095
299268,1453,4095
299281,1450,4095
299294,1410,4095
299306,1450,4095
299319,1447,4035
299332,1450,3639
299345,1450,3298
299358,1450,3157
299371,1447,3015
299384,1413,2827
299397,1465,2755
299411,1478,2659
299422,1494,2609
299436,1523,2525
299449,4095,2451
299462,1600,2371
299475,1617,2318
299487,1798,2319
299500,1909,2299
299512,2093,2301
299525,2322,2288
299538,2624,2299
299551,2832,2319
299564,2903,2278
299576,3088,2349
299589,3299,2354
299602,3419,2379
299615,3416,2401
299628,3391,2433
299641,3371,2445
299654,3310,2395
299666,3378,2448
299679,3373,2439
299692,3370,2413
299705,3360,2375
299718,3381,2362
299731,3407,2335
299744,3321,2265
299756,3355,2301
299769,3339,2282
299782,3326,2254
299795,3318,2239
299808,3311,2217
299821,3297,2196
299834,3207,2125
299846,3255,2154
299859,3244,2131
299872,3230,2102
299885,3195,2079
299898,3184,2043
299911,3147,2004
299924,3056,1926
299936,3093,1940
299949,3088,1911
299962,3066,1881
299975,3051,1851
299988,3035,1831
300001,3054,1799
300014,2985,1735
300026,3009,1760
300039,3005,1741
300052,2995,1725
300065,2963,1703
300078,2955,1682
300091,2956,1659
300104,2875,1597
300116,2933,1617
300129,2917,1603
300142,2921,1591
300155,2910,1582
300168,2910,1572
300181,2903,1556
300194,2839,1506
300206,2912,1535
300219,2899,1526
300232,2895,1518
300245,2885,1510
300259,2891,1504
300273,3049,1500
300286,3018,1478
300299,3281,1493
300312,3226,1456
300323,3287,1489
300336,3271,1488
300349,3295,1488
300363,3120,1488
300376,2711,1469
300389,2531,1488
300402,2255,1463
300413,2102,1509
300426,1971,1519
300439,1889,1533
300453,1827,1535
300466,1735,1535
300478,1747,1581
300491,1691,1569
300503,1712,1622
300516,1696,1669
300529,1680,1712
300543,1657,1762
300556,1595,1811
300569,1627,1993
300582,1578,2211
300593,1606,2471
300606,1600,2640
300619,1591,2867
300633,1586,3070
300646,1535,3154
300658,1583,3449
300671,1584,3564
300682,1585,3491
300696,1589,3459
300709,1595,3462
300722,1600,3453
300735,1578,3429
300747,1601,3477
300760,1584,3497
300772,1584,3492
300785,1567,3493
300798,1555,3511
300811,1529,3561
300824,1471,3566
300836,1489,3677
300849,1476,3758
300862,1472,3946
300875,1459,4095
300888,1458,4095
300901,1450,4095
300914,1405,4092
300926,1431,4095
300939,1424,4095
300952,1417,4095
300965,1405,4095
300978,1393,4095
300991,1379,4095
301004,1335,4081
301016,1364,4095
301029,1358,4095
301042,1346,4095
301055,1341,4095
301068,1340,4095
301081,1334,4095
301094,1297,4095
301106,1328,4095
301119,1326,4095
301132,1322,4095
301145,1315,4095
301158,1313,4095
301171,1306,4095
301184,1271,4095
301196,1299,4095
301209,1297,4095
301222,1296,4095
301235,1289,4095
301248,1285,4095
301261,1279,4095
301274,1243,4095
301286,1274,4095
301299,1271,4095
301312,1274,4095
301325,1270,4095
301338,1273,4095
301351,1269,3659
301364,1241,3147
301376,1279,3055
301389,1280,2927
301402,1290,2715
301415,1295,2502
301428,1302,2314
301441,1313,2191
301454,1283,2064
301466,1323,2047
301479,1325,1994
301492,1328,1938
301505,1337,1907
301518,1297,1825
301531,1345,1831
301544,1327,1762
301556,1370,1783
301569,1387,1770
301582,1397,1756
301595,1410,1741
301608,1426,1731
301621,1437,1719
301634,1423,1669
301646,1472,1698
301659,1491,1680
301672,1520,1676
301685,1535,1659
301698,4095,1657
301711,4095,1645
301724,1578,1591
301736,1642,1619
301749,1666,1616
301762,1698,1613
301775,1731,1604
301788,1763,1600
301801,1792,1595
301814,1777,1535
301826,1845,1584
301839,1869,1582
301852,1890,1581
301865,1919,1572
301878,1946,1571
301891,1974,1562
301904,1965,1517
301916,2028,1556
301929,2064,1555
301942,2090,1535
301955,2105,1535
301968,2124,1535
301981,2128,1535
301994,2097,1504
302006,2167,1535
302019,2179,1535
302032,2191,1535
302045,2202,1535
302058,2206,1535
302071,2199,1535
302084,2155,1505
302096,2204,1535
302109,2201,1535
302122,2203,1535
302135,2198,1535
302148,2201,1535
302161,2205,1535
302174,2151,1506
302186,2194,1535
302199,2187,1535
302212,2189,1535
302225,2187,1535
302238,2181,1535
302251,2175,1535
302264,2124,1510
302276,2171,1556
302289,2167,1558
302302,2165,1563
302315,2159,1565
302328,2154,1570
302341,2138,1569
302355,2073,1525
302366,2114,1570
302379,2100,1571
302392,2094,1571
302405,2083,1577
302418,2069,1577
302431,2039,1579
302445,1984,1533
302456,2021,1574
302469,2007,1578
302482,1991,1574
302495,1973,1574
302508,1957,1572
302521,1947,1573
302535,1891,1525
302548,1921,1571
302561,1917,1574
302572,1917,1573
302586,1903,1571
302599,1874,1586
302612,1893,1577
302625,1865,1526
302637,1878,1574
302650,1874,1574
302662,1872,1575
302675,1867,1575
302688,1866,1575
302701,1870,1574
302715,1819,1531
302726,1858,1575
302739,1846,1571
302752,1843,1570
302765,1838,1571
302778,1838,1573
302791,1830,1567
302805,1786,1529
302816,1824,1569
302829,1818,1570
302842,1799,1570
302855,1785,1570
302868,1763,1575
302882,1743,1575
302895,1678,1535
302906,1692,1580
302919,1673,1584
302932,1657,1585
302945,1642,1587
302958,1575,1557
302971,1605,1593
302985,1535,1559
302996,1567,1605
303009,1535,1612
303022,1532,1625
303035,1518,1630
303048,1505,1636
303062,1487,1647
303075,1437,1618
303086,1456,1675
303099,1438,1680
303112,1419,1693
303125,1393,1703
303138,1330,1680
303152,1354,1744
303165,1310,1728
303176,1341,1794
303189,1330,1837
303202,1328,1885
303215,1322,1970
303228,1314,2058
303242,1303,2184
303255,1267,2356
303266,1293,2665
303279,1285,2960
303292,1278,3168
303305,1273,3379
303318,1269,3649
303332,1264,3774
303345,1227,3707
303356,1262,3754
303370,1259,3774
303382,1255,3810
303395,1255,3856
303408,1262,3835
303422,1256,3819
303435,1230,3745
303449,1266,3769
303462,1243,3728
303474,1285,3792
303487,1296,3811
303500,1306,3847
303513,1318,3887
303526,1310,3854
303539,1337,3919
303552,1311,3880
303564,1355,3971
303577,1374,4007
303590,1392,4021
303603,1411,4015
303616,1423,3976
303629,1463,4080
303642,1455,4038
303654,1510,4095
303667,1535,4095
303680,1555,4095
303693,1574,4095
303706,1567,4095
303719,1595,4095
303732,1568,4095
303744,1611,4095
303757,1607,4095
303770,1611,4095
303783,1600,4095
303796,1582,4095
303809,1595,4095
303822,1535,4095
303834,1593,4095
303847,1589,3666
303860,1591,3249
303873,1603,3087
303886,1600,2919
303899,1634,2925
303912,1604,2772
303924,1663,2771
303937,1669,2746
303950,1681,2709
303963,1690,2673
303976,1681,2586
303989,1709,2605
304002,1680,2509
304014,1744,2558
304027,1759,2546
304040,1787,2535
304053,4095,2510
304066,4095,2432
304078,4095,2457
304091,4095,2433
304103,4095,2414
304116,2269,2382
304129,2374,2367
304142,2496,2341
304155,2718,2277
304167,2981,2317
304180,3050,2303
304192,3185,2293
304205,3262,2293
304218,3378,2308
304232,3371,2327
304245,3307,2416
304256,3330,2601
304269,3296,2698
304282,3274,2795
304295,3207,2911
304308,3147,2944
304322,3082,2953
304335,3007,2897
304346,3050,3041
304359,3008,3008
304372,2986,3024
304385,2965,3039
304398,2945,3083
304412,2923,3056
304425,2826,2976
304436,2850,3059
304449,2835,3111
304462,2824,3134
304475,2813,3109
304488,2811,3131
304502,2800,3113
304515,2727,3024
304526,2782,3042
304540,2771,3003
304552,2763,2978
304565,2753,2962
304578,2750,2963
304592,2750,2909
304605,2679,2815
304616,2739,2848
304630,2726,2843
304642,2725,2830
304655,2718,2826
304668,2726,2831
304682,2723,2909
304695,2673,2753
304706,2730,2762
304720,2733,2640
304732,2753,2432
304745,2754,2345
304758,2738,2285
304772,2817,2224
304785,2693,2106
304796,2813,2095
304809,2882,2005
304822,2863,1936
304835,2895,1883
304848,2907,1840
304862,2899,1810
304875,2823,1753
304886,2894,1778
304899,2891,1765
304912,2880,1746
304925,2877,1737
304938,2787,1675
304952,2871,1713
304965,2767,1666
304976,2844,1699
304989,2836,1694
305002,2863,1689
305015,4095,1684
305028,2915,1681
305042,4095,1678
305055,4095,1634
305066,4095,1675
305079,4095,1672
305092,4095,1674
305105,4095,1668
305118,4095,1671
305132,4095,1671
305145,4095,1633
305156,4095,1679
305169,4095,1681
305182,4095,1701
305195,4095,1714
305208,4095,1751
305222,4095,1791
305235,4095,1779
305246,4095,1873
305259,4095,1916
305272,4095,1962
305285,4095,2013
305298,4095,2080
305312,4095,2133
305325,4095,2147
305336,4095,2247
305349,4095,2304
305362,4095,2339
305375,4095,2373
305388,4095,2419
305402,4095,2474
305415,4095,2448
305426,4095,2510
305440,4095,2519
305452,4095,2514
305465,4095,2525
305479,4095,2474
305492,4095,2559
305505,4095,2512
305516,4095,2559
305529,4095,2581
305542,4095,2582
305555,4095,2598
305569,4095,2605
305582,4095,2604
305595,4095,2531
305606,4095,2595
305620,4095,2583
305632,4095,2583
305645,4095,2559
305659,4095,2559
305672,4095,2559
305685,4095,2496
305696,4095,2544
305709,4095,2534
305722,4095,2512
305735,4095,2490
305749,4095,2475
305762,4095,2454
305775,4095,2386
305786,4095,2427
305799,4095,2415
305812,4095,2415
305826,4095,2399
305839,4095,2398
305852,4095,2384
305865,4095,2332
305876,4095,2384
305889,4095,2373
305902,4095,2368
305915,4095,2353
305929,4095,2339
305942,4095,2320
305955,4095,2250
305966,4095,2295
305979,4095,2270
305992,4095,2250
306006,4095,2224
306019,4095,2192
306032,4095,2167
306045,4095,2096
306056,4095,2127
306070,4095,2108
306082,4095,2095
306096,4095,2067
306109,4095,2059
306122,4095,2047
306135,4095,1993
306146,4095,2043
306159,4095,2035
306172,4095,2035
306186,4095,2032
306199,4095,2038
306212,4095,2047
306225,4095,2004
306237,4095,2077
306250,4095,2106
306262,4095,2125
306276,4095,2153
306289,4095,2180
306302,4095,2209
306315,4095,2209
306327,4095,2325
306339,4095,2409
306352,4095,2496
306366,4095,2617
306379,4095,2762
306392,4095,2884
306405,4095,3056
306417,4095,3280
306429,4095,3441
306442,4095,3561
306456,4095,3643
306469,4095,3682
306482,4095,3674
306495,4095,3600
306507,4095,3782
306519,4095,3856
306532,4095,4027
306546,4095,4095
306559,4095,4095
306572,4095,4095
306585,4095,4095
306597,4095,4095
306609,4095,4095
306622,4095,4095
306637,4095,4095
306650,4095,4095
306663,4095,4095
306676,4095,4095
306689,4095,4095
306702,4095,4095
306714,4095,4095
306727,4095,4095
306740,4095,4095
306753,4095,4095
306766,4095,4095
306779,4095,4095
306792,4095,4095
306804,4095,4095
306817,4095,4095
306830,4095,4095
306843,4095,4095
306856,4095,4095
306869,4095,4095
306882,4095,4095
306894,4095,4095
306907,4095,4095
306920,4095,4095
306933,4095,4095
306946,4095,4095
306959,4095,4095
306972,4095,4095
306984,4095,4095
306997,4095,4095
307010,4095,4095
307023,4095,4095
307036,4095,4095
307049,4095,4095
307062,4095,4095
307074,4095,4095
307087,4095,4095
307100,4095,4095
307113,4095,4095
307126,4095,4095
307139,4095,4095
307152,4095,4095
307164,4095,4095
307177,4095,4095
307190,4095,4095
307203,4095,4095
307216,4095,4095
307229,4095,4095
307242,4095,4095
307254,4095,4095
307267,4095,4095
307280,4095,4095
307293,4095,4095
307306,4095,4095
307319,4095,4095
307332,4095,4095
307344,4095,4095
307357,4095,4095
307370,4095,4095
307383,4095,4095
307396,4095,4095
307409,4095,4095
307422,4095,4095
307434,4095,4095
307447,4095,4095
307460,4095,4095
307473,4095,4095
307486,4095,4095
307499,4095,4095
307512,4095,4095
307524,4095,4095
307537,4095,4095
307550,4095,4095
307563,4095,4095
307576,4095,4095
307588,4095,4095
307601,4095,4095
307613,4095,4095
307626,4095,4095
307639,4095,4095
307653,4095,4095
307666,4095,4095
307679,4095,4095
307692,4095,4095
307703,4095,4095
307716,4095,4095
307729,4095,4095
307743,4095,4095
307756,4095,4095
307769,4095,4095
307782,4095,4095
307793,4095,4095
307806,4095,4095
307819,4095,4095
307833,4095,4095
307846,4095,4095
307859,4095,4095
307872,4095,4095
307883,4095,4095
307896,4095,4095
307909,4095,4095
307923,4095,4095
307936,4095,4095
307949,4095,4095
307962,4095,4095
307973,4095,4095
307986,4095,4095
307999,4095,4095
308013,4095,4095
308026,4095,4095
308039,4095,4095
308052,4095,4095
308063,4095,4095
308076,4095,4095
308089,4095,4095
308103,4095,4095
308116,4095,4095
308129,4095,4095
308142,4095,4095
308153,4095,4095
308166,4095,4095
308179,4095,4095
308193,4095,4095
308206,4095,4095
308219,4095,4095
308232,4095,4095
308243,4095,4095
308256,4095,4095
308269,4095,4095
308283,4095,4095
308296,4095,4095
308309,4095,4095
308322,4095,4095
308333,4095,4095
308346,4095,4095
308359,4095,4095
308373,4095,4095
308386,4095,4095
308398,4095,4095
308411,4095,4095
308422,4095,4095
308436,4095,4095
308449,4095,4095
308462,4095,4095
308475,4095,4095
308487,4095,4095
308500,4095,4095
308512,4095,4095
308525,4095,4095
308538,4095,4095
308551,4095,4095
308564,4095,4095
308576,4095,4095
308589,4095,4095
308602,4095,4095
308615,4095,4095
308628,4095,4095
308641,4095,4095
308654,4095,4095
308666,4095,4095
308679,4095,4095
308692,4095,4095
308705,4095,4095
308718,4095,4095
308731,4095,4095
308744,4095,4095
308756,4095,4095
308769,4095,4095
308782,4095,4095
308795,4095,4095
308808,4095,4095
308821,4095,4095
308834,4095,4095
308846,4095,4095
308859,4095,4095
308872,4095,4095
308885,4095,4095
308898,4095,4095
308911,4095,4095
308924,4095,4095
308936,4095,4095
308949,4095,4095
308962,4095,4095
308975,4095,4095
308988,4095,4095
309001,4095,4095
309014,4095,4095
309026,4095,4095
309039,4095,4095
309052,4095,4095
309065,4095,4095
309078,4095,4095
309091,4095,4095
309104,4095,4095
309116,4095,4095
309129,4095,4095
309142,4095,4095
309155,4095,4095
309168,4095,4095
309181,4095,4095
309194,4095,4095
309206,4095,4095
309219,4095,4095
309232,4095,4095
309245,4095,4095
309258,4095,4095
309271,4095,4095
309284,4095,4095
309296,4095,4095
309309,4095,4095
309322,4095,4095
309335,4095,4095
309348,4095,4095
309361,4095,4095
309374,4095,4095
309386,4095,4095
309399,4095,4095
309412,4095,4095
309425,4095,4095
309438,4095,4095
309451,4095,4095
309464,4095,4095
309476,4095,4095
309490,4095,4095
309502,4095,4095
309515,4095,4095
309528,4095,4095
309541,4095,4095
309554,4095,4095
309566,4095,4095
309579,4095,4095
309592,4095,4095
309605,4095,4095
309618,4095,4095
309631,4095,4095
309644,4095,4095
309656,4095,4095
309670,4095,4095
309682,4095,4095
309695,4095,4095
309708,4095,4095
309721,4095,4095
309734,4095,4095
309746,4095,4095
309759,4095,4095
309772,4095,4095
309785,4095,4095
309798,4095,4095
309811,4095,4095
309826,4095,4095
309839,4095,4095
309852,4095,4095
309864,4095,4095
309876,4095,4095
309889,4095,4095
309903,4095,4095
309916,4095,4095
309929,4095,4095
309942,4095,4095
309954,4095,4095
309966,4095,4095
309980,4095,4095
309993,4095,4095
310006,4095,4095
310019,4095,4095
310032,4095,4095
310044,4095,4095
310056,4095,4095
310070,4095,4095
310083,4095,4095
310096,4095,4095
310109,4095,4095
310122,4095,4095
310134,4095,4095
310146,4095,4095
310160,4095,4095
310173,4095,4095
310186,4095,4095
310199,4095,4095
310212,4095,4095
310224,4095,4095
310236,4095,4095
310250,4095,4095
310263,4095,4095
310276,4095,4095
310289,4095,4095
310302,4095,4095
310314,4095,4095
310326,4095,4095
310340,4095,4095
310353,4095,4095
310366,4095,4095
310379,4095,4095
310392,4095,4095
310404,4095,4095
310416,4095,4095
310430,4095,4095
310443,4095,4095
310456,4095,4095
310469,4095,4095
310482,4095,4095
310494,4095,4095
310506,4095,4095
310520,4095,4095
310533,4095,4095
310546,4095,4095
310559,4095,4095
310572,4095,4095
310584,4095,4095
310596,4095,4095
310610,4095,4095
310623,4095,4095
310636,4095,4095
310649,4095,4095
310662,4095,4095
310674,4095,4095
310687,4095,4095
310700,4095,4095
310713,4095,4095
310726,4095,4095
310739,4095,4095
310752,4095,4095
310764,4095,4095
310777,4095,4095
310790,4095,4095
310803,4095,4095
310816,4095,4095
310829,4095,4095
310842,4095,4095
310854,4095,4095
310867,4095,4095
310880,4095,4095
310893,4095,4095
310906,4095,4095
310919,4095,4095
310932,4095,4095
310944,4095,4095
310957,4095,4095
310970,4095,4095
310983,4095,4095
310996,4095,4095
311008,4095,4095
311021,4095,4095
311033,4095,4095
311046,4095,4095
311059,4095,4095
311072,4095,4095
311085,4095,4095
311097,4095,4095
311110,4095,4095
311122,4095,4095
311135,4095,4095
311148,4095,4095
311162,4095,4095
311175,4095,4095
311186,4095,4095
311199,4095,4095
311212,4095,4095
311225,4095,4095
311238,4095,4095
311252,4095,4095
311265,4095,4095
311276,4095,4095
311289,4095,4095
311302,4095,4095
311315,4095,4095
311328,4095,4095
311342,4095,4095
311355,4095,4095
311366,4095,4095
311379,4095,4095
311392,4095,4095
311405,4095,4095
311418,4095,4095
311432,4095,4095
311445,4095,4095
311456,4095,4095
311469,4095,4095
311482,4095,4095
311495,4095,4095
311508,4095,4095
311522,4095,4095
311535,4095,4095
311546,4095,4095
311559,4095,4095
311572,4095,4095
311585,4095,4095
311598,4095,4095
311612,4095,4095
311625,4095,4095
311636,4095,4095
311649,4095,4095
311662,4095,4095
311675,4095,4095
311688,4095,4095
311702,4095,4095
311715,4095,4095
311726,4095,4095
311739,4095,4095
311752,4095,4095
311765,4095,4095
311778,4095,4095
311792,4095,4095
311805,4095,4095
311816,4095,4095
311829,4095,4095
311842,4095,4095
311855,4095,4095
311868,4095,4095
311882,4095,4095
311895,4095,4095
311906,4095,4095
311919,4095,4095
311932,4095,4095
311945,4095,4095
311958,4095,4095
311972,4095,4095
311985,4095,4095
311996,4095,4095
312009,4095,4095
312022,4095,4095
312035,4095,4095
312048,4095,4095
312062,4095,4095
312075,4095,4095
312086,4095,4095
312099,4095,4095
312112,4095,4095
312125,4095,4095
312138,4095,4095
312152,4095,4095
312165,4095,4095
312176,4095,4095
312189,4095,4095
312202,4095,4095
312215,4095,4095
312228,4095,4095
312242,4095,4095
312255,4095,4095
312266,4095,4095
312279,4095,4095
312292,4095,4095
312305,4095,4095
312318,4095,4095
312332,4095,4095
312345,4095,4095
312356,4095,4095
312369,4095,4095
312382,4095,4095
312395,4095,4095
312408,4095,4095
312422,4095,4095
312435,4095,4095
312446,4095,4095
312459,4095,4095
312472,4095,4095
312485,4095,4095
312498,4095,4095
312512,4095,4095
312525,4095,4095
312536,4095,4095
312549,4095,4095
312562,4095,4095
312575,4095,4095
312588,4095,4095
312602,4095,4095
312615,4095,4095
312626,4095,4095
312639,4095,4095
312652,4095,4095
312665,4095,4095
312678,4095,4095
312692,4095,4095
312705,4095,4095
312716,4095,4095
312729,4095,4095
312742,4095,4095
312755,4095,4095
312768,4095,4095
312782,4095,4095
312795,4095,4095
312806,4095,4095
312819,4095,4095
312832,4095,4095
312845,4095,4095
312858,4095,4095
312872,4095,4095
312885,4095,4095
312896,4095,4095
312909,4095,4095
312922,4095,4095
312935,4095,4095
312948,4095,4095
312962,4095,4095
312975,4095,4095
312986,4095,4095
312999,4095,4095
313012,4095,4095
313025,4095,4095
313038,4095,4095
313052,4095,4095
313065,4095,4095
313076,4095,4095
313089,4095,4095
313102,4095,4095
313115,4095,4095
313128,4095,4095
313142,4095,4095
313155,4095,4095
313166,4095,4095
313179,4095,4095
313192,4095,4095
313205,4095,4095
313218,4095,4095
313232,4095,4095
313245,4095,4095
313256,4095,4095
313269,4095,4095
313282,4095,4095
313295,4095,4095
313309,4095,4095
313322,4095,4095
313335,4095,4095
313346,4095,4095
313359,4095,4095
313372,4095,4095
313385,4095,4095
313399,4095,4095
313412,4095,4095
313425,4095,4095
313436,4095,4095
313449,4095,4095
313462,4095,4095
313475,4095,4095
313489,4095,4095
313502,4095,4095
313515,4095,4095
313526,4095,4095
313539,4095,4095
313552,4095,4095
313565,4095,4095
313579,4095,4095
313592,4095,4095
313605,4095,4095
313616,4095,4095
313629,4095,4095
313642,4095,4095
313655,4095,4095
313669,4095,4095
313682,4095,4095
313695,4095,4095
313706,4095,4095
313719,4095,4095
313732,4095,4095
313746,4095,4095
313759,4095,4095
313772,4095,4095
313785,4095,4095
313796,4095,4095
313809,4095,4095
313822,4095,4095
313836,4095,4095
313849,4095,4095
313862,4095,4095
313875,4095,4095
313886,4095,4095
313899,4095,4095
313912,4095,4095
313926,4095,4095
313939,4095,4095
313952,4095,4095
313965,4095,4095
313976,4095,4095
313989,4095,4095
314002,4095,4095
314016,4095,4095
314029,4095,4095
314042,4095,4095
314055,4095,4095
314068,4095,4095
314081,4095,4095
314093,4095,4095
314106,4095,4095
314119,4095,4095
314132,4095,4095
314145,4095,4095
314157,4095,4095
314171,4095,4095
314182,4095,4095
314196,4095,4095
314209,4095,4095
314222,4095,4095
314235,4095,4095
314246,4095,4095
314259,4095,4095
314272,4095,4095
314286,4095,4095
314299,4095,4095
314312,4095,4095
314325,4095,4095
314336,4095,4095
314349,4095,4095
314362,4095,4095
314376,4095,4095
314389,4095,4095
314402,4095,4095
314415,4095,4095
314426,4095,4095
314439,4095,4095
314452,4095,4095
314466,4095,4095
314479,4095,4095
314492,4095,4095
314505,4095,4095
314516,4095,4095
314529,4095,4095
314542,4095,4095
314556,4095,4095
314569,4095,4095
314582,4095,4095
314595,4095,4095
314607,4095,4095
314619,4095,4095
314632,4095,4095
314646,4095,4095
314659,4095,4095
314672,4095,4095
314685,4095,4095
314697,4095,4095
314709,4095,4095
314722,4095,4095
314736,4095,4095
314749,4095,4095
314762,4095,4095
314775,4095,4095
314787,4095,4095
314799,4095,4095
314812,4095,4095
314826,4095,4095
314839,4095,4095
314852,4095,4095
314865,4095,4095
314877,4095,4095
314889,4095,4095
314902,4095,4095
314916,4095,4095
314929,4095,4095
314942,4095,4095
314955,4095,4095
314967,4095,4095
314979,4095,4095
314992,4095,4095
315006,4095,4095
315019,4095,4095
315032,4095,4095
315045,4095,4095
315057,4095,4095
315069,4095,4095
315082,4095,4095
315096,4095,4095
315109,4095,4095
315122,4095,4095
315135,4095,4095
315147,4095,4095
315159,4095,4095
315172,4095,4095
315186,4095,4095
315199,4095,4095
315212,4095,4095
315225,4095,4095
315237,4095,4095
315249,4095,4095
315262,4095,4095
315276,4095,4095
315289,4095,4095
315302,4095,4095
315315,4095,4095
315327,4095,4095
315339,4095,4095
315352,4095,4095
315366,4095,4095
315379,4095,4095
315392,4095,4095
315405,4095,4095
315417,4095,4095
315429,4095,4095
315442,4095,4095
315456,4095,4095
315469,4095,4095
315482,4095,4095
315495,4095,4095
315507,4095,4095
315519,4095,4095
315532,4095,4095
315546,4095,4095
315559,4095,4095
315572,4095,4095
315585,4095,4095
315597,4095,4095
315609,4095,4095
315622,4095,4095
315636,4095,4095
315649,4095,4095
315662,4095,4095
315675,4095,4095
315687,4095,4095
315699,4095,4095
315712,4095,4095
315726,4095,4095
315739,4095,4095
315752,4095,4095
315765,4095,4095
315777,4095,4095
315789,4095,4095
315802,4095,4095
315816,4095,4095
315829,4095,4095
315842,4095,4095
315855,4095,4095
315867,4095,4095
315879,4095,4095
315892,4095,4095
315906,4095,4095
315919,4095,4095
315932,4095,4095
315945,4095,4095
315957,4095,4095
315969,4095,4095
315982,4095,4095
315996,4095,4095
316009,4095,4095
316022,4095,4095
316035,4095,4095
316047,4095,4095
316059,4095,4095
316072,4095,4095
316086,4095,4095
316099,4095,4095
316112,4095,4095
316125,4095,4095
316137,4095,4095
316149,4095,4095
316162,4095,4095
316176,4095,4095
316189,4095,4095
316203,4095,4095
316216,4095,4095
316229,4095,4095
316242,4095,4095
316254,4095,4095
316267,4095,4095
316280,4095,4095
316293,4095,4095
316306,4095,4095
316319,4095,4095
316333,4095,4095
316344,4095,4095
316357,4095,4095
316370,4095,4095
316383,4095,4095
316396,4095,4095
316409,4095,4095
316423,4095,4095
316434,4095,4095
316447,4095,4095
316460,4095,4095
316473,4095,4095
316486,4095,4095
316499,4095,4095
316513,4095,4095
316524,4095,4095
316537,4095,4095
316550,4095,4095
316563,4095,4095
316576,4095,4095
316589,4095,4095
316603,4095,4095
316614,4095,4095
316627,4095,4095
316640,4095,4095
316653,4095,4095
316666,4095,4095
316679,4095,4095
316693,4095,4095
316704,4095,4095
316717,4095,4095
316730,4095,4095
316743,4095,4095
316756,4095,4095
316769,4095,4095
316783,4095,4095
316794,4095,4095
316807,4095,4095
316820,4095,4095
316833,4095,4095
316846,4095,4095
316858,4095,4095
316871,4095,4095
316883,4095,4095
316896,4095,4095
316909,4095,4095
316923,4095,4095
316936,4095,4095
316948,4095,4095
316961,4095,4095
316973,4095,4095
316986,4095,4095
316999,4095,4095
317012,4095,4095
317025,4095,4095
317037,4095,4095
317050,4095,4095
317063,4095,4095
317076,4095,4095
317089,4095,4095
317102,4095,4095
317115,4095,4095
317127,4095,4095
317140,4095,4095
317153,4095,4095
317166,4095,4095
317179,4095,4095
317192,4095,4095
317205,4095,4095
317218,4095,4095
317231,4095,4095
317243,4095,4095
317256,4095,4095
317269,4095,4095
317282,4095,4095
317295,4095,4095
317307,4095,4095
317320,4095,4095
317333,4095,4095
317346,4095,4095
317359,4095,4095
317372,4095,4095
317385,4095,4095
317397,4095,4095
317410,4095,4095
317423,4095,4095
317436,4095,4095
317449,4095,4095
317462,4095,4095
317475,4095,4095
317487,4095,4095
317500,4095,4095
317513,4095,4095
317526,4095,4095
317539,4095,4095
317552,4095,4095
317565,4095,4095
317577,4095,4095
317590,4095,4095
317603,4095,4095
317616,4095,4095
317629,4095,4095
317642,4095,4095
317655,4095,4095
317667,4095,4095
317680,4095,4095
317693,4095,4095
317706,4095,4095
317719,4095,4095
317732,4095,4095
317745,4095,4095
317757,4095,4095
317770,4095,4095
317783,4095,4095
317796,4095,4095
317809,4095,4095
317822,4095,4095
317835,4095,4095
317847,4095,4095
317860,4095,4095
317873,4095,4095
317886,4095,4095
317899,4095,4095
317912,4095,4095
317925,4095,4095
317937,4095,4095
317950,4095,4095
317963,4095,4095
317976,4095,4095
317989,4095,4095
318002,4095,4095
318015,4095,4095
318027,4095,4095
318040,4095,4095
318053,4095,4095
318066,4095,4095
318079,4095,4095
318092,4095,4095
318105,4095,4095
318117,4095,4095
318130,4095,4095
318143,4095,4095
318156,4095,4095
318169,4095,4095
318182,4095,4095
318195,4095,4095
318207,4095,4095
318220,4095,4095
318233,4095,4095
318246,4095,4095
318259,4095,4095
318272,4095,4095
318285,4095,4095
318297,4095,4095
318310,4095,4095
318323,4095,4095
318336,4095,4095
318349,4095,4095
318362,4095,4095
318375,4095,4095
318387,4095,4095
318400,4095,4095
318413,4095,4095
318426,4095,4095
318439,4095,4095
318452,4095,4095
318465,4095,4095
318477,4095,4095
318490,4095,4095
318503,4095,4095
318516,4095,4095
318529,4095,4095
318542,4095,4095
318555,4095,4095
318567,4095,4095
318580,4095,4095
318593,4095,4095
318606,4095,4095
318619,4095,4095
318632,4095,4095
318645,4095,4095
318657,4095,4095
318670,4095,4095
318683,4095,4095
318696,4095,4095
318709,4095,4095
318722,4095,4095
318735,4095,4095
318747,4095,4095
318760,4095,4095
318773,4095,4095
318786,4095,4095
318799,4095,4095
318812,4095,4095
318825,4095,4095
318838,4095,4095
318851,4095,4095
318863,4095,4095
318876,4095,4095
318889,4095,4095
318902,4095,4095
318915,4095,4095
318927,4095,4095
318940,4095,4095
318953,4095,4095
318966,4095,4095
318979,4095,4095
318992,4095,4095
319005,4095,4095
319017,4095,4095
319030,4095,4095
319043,4095,4095
319056,4095,4095
319069,4095,4095
319082,4095,4095
319095,4095,4095
319107,4095,4095
319120,4095,4095
319133,4095,4095
319146,4095,4095
319159,4095,4095
319172,4095,4095
319185,4095,4095
319197,4095,4095
319210,4095,4095
319223,4095,4095
319236,4095,4095
319249,4095,4095
319262,4095,4095
319275,4095,4095
319287,4095,4095
319300,4095,4095
319313,4095,4095
319326,4095,4095
319339,4095,4095
319352,4095,4095
319365,4095,4095
319377,4095,4095
319391,4095,4095
319403,4095,4095
319416,4095,4095
319429,4095,4095
319442,4095,4095
319455,4095,4095
319467,4095,4095
319480,4095,4095
319493,4095,4095
319506,4095,4095
319519,4095,4095
319532,4095,4095
319545,4095,4095
319557,4095,4095
319570,4095,4095
319583,4095,4095
319596,4095,4095
319609,4095,4095
319622,4095,4095
319635,4095,4095
319647,4095,4095
319660,4095,4095
319673,4095,4095
319686,4095,4095
319699,4095,4095
319712,4095,4095
319725,4095,4095
319737,4095,4095
319750,4095,4095
319763,4095,4095
319776,4095,4095
319789,4095,4095
319802,4095,4095
319815,4095,4095
319827,4095,4095
319840,4095,4095
319853,4095,4095
319866,4095,4095
319879,4095,4095
319892,4095,4095
319905,4095,4095
319917,4095,4095
319930,4095,4095
319943,4095,4095
319956,4095,4095
319969,4095,4095
319982,4095,4095
319995,4095,4095
320007,4095,4095
320020,4095,4095
320033,4095,4095
320046,4095,4095
320059,4095,4095
320072,4095,4095
320085,4095,4095
320097,4095,4095
320110,4095,4095
320123,4095,4095
320136,4095,4095
320149,4095,4095
320162,4095,4095
320175,4095,4095
320187,4095,4095
320200,4095,4095
320213,4095,4095
320226,4095,4095
320239,4095,4095
320252,4095,4095
320265,4095,4095
320277,4095,4095
320290,4095,4095
320303,4095,4095
320316,4095,4095
320329,4095,4095
320342,4095,4095
320355,4095,4095
320368,4095,4095
320382,4095,4095
320393,4095,4095
320407,4095,4095
320420,4095,4095
320433,4095,4095
320446,4095,4095
320459,4095,4095
320472,4095,4095
320484,4095,4095
320497,4095,4095
320510,4095,4095
320524,4095,4095
320537,4095,4095
320550,4095,4095
320563,4095,4095
320574,4095,4095
320587,4095,4095
320600,4095,4095
320614,4095,4095
320627,4095,4095
320640,4095,4095
320653,4095,4095
320664,4095,4095
320677,4095,4095
320690,4095,4095
320704,4095,4095
320717,4095,4095
320730,4095,4095
320743,4095,4095
320754,4095,4095
320767,4095,4095
320780,4095,4095
320794,4095,4095
320807,4095,4095
320820,4095,4095
320833,4095,4095
320845,4095,4095
320857,4095,4095
320870,4095,4095
320884,4095,4095
320897,4095,4095
320910,4095,4095
320923,4095,4095
320935,4095,4095
320947,4095,4095
320960,4095,4095
320974,4095,4095
320987,4095,4095
321000,4095,4095
321013,4095,4095
321025,4095,4095
321037,4095,4095
321050,4095,4095
321064,4095,4095
321077,4095,4095
321090,4095,4095
321103,4095,4095
321115,4095,4095
321127,4095,4095
321140,4095,4095
321154,4095,4095
321167,4095,4095
321180,4095,4095
321193,4095,4095
321205,4095,4095
321217,4095,4095
321230,4095,4095
321244,4095,4095
321257,4095,4095
321270,4095,4095
321283,4095,4095
321295,4095,4095
321307,4095,4095
321320,4095,4095
321334,4095,4095
321347,4095,4095
321360,4095,4095
321373,4095,4095
321385,4095,4095
321397,4095,4095
321410,4095,4095
321424,4095,4095
321437,4095,4095
321449,4095,4095
321462,4095,4095
321473,4095,4095
321487,4095,4095
321500,4095,4095
321513,4095,4095
321526,4095,4095
321539,4095,4095
321552,4095,4095
321564,4095,4095
321577,4095,4095
321590,4095,4095
321603,4095,4095
321616,4095,4095
321629,4095,4095
321642,4095,4095
321654,4095,4095
321667,4095,4095
321680,4095,4095
321693,4095,4095
321706,4095,4095
321719,4095,4095
321732,4095,4095
321744,4095,4095
321757,4095,4095
321770,4095,4095
321783,4095,4095
321796,4095,4095
321809,4095,4095
321822,4095,4095
321834,4095,4095
321847,4095,4095
321860,4095,4095
321873,4095,4095
321886,4095,4095
321899,4095,4095
321912,4095,4095
321924,4095,4095
321937,4095,4095
321950,4095,4095
321963,4095,4095
321976,4095,4095
321989,4095,4095
322002,4095,4095
322014,4095,4095
322027,4095,4095
322040,4095,4095
322053,4095,4095
322066,4095,4095
322079,4095,4095
322092,4095,4095
322104,4095,4095
322117,4095,4095
322130,4095,4095
322143,4095,4095
322156,4095,4095
322168,4095,4095
322181,4095,4095
322193,4095,4095
322206,4095,4095
322219,4095,4095
322232,4095,4095
322245,4095,4095
322256,4095,4095
322269,4095,4095
322282,4095,4095
322296,4095,4095
322309,4095,4095
322322,4095,4095
322335,4095,4095
322347,4095,4095
322359,4095,4095
322372,4095,4095
322386,4095,4095
322399,4095,4095
322412,4095,4095
322425,4095,4095
322437,4095,4095
322449,4095,4095
322462,4095,4095
322476,4095,4095
322489,4095,4095
322502,4095,4095
322515,4095,4095
322527,4095,4095
322539,4095,4095
322552,4095,4095
322566,4095,4095
322580,4095,4095
322593,4095,4095
322606,4095,4095
322619,4095,4095
322632,4095,4095
322644,4095,4095
322657,4095,4095
322670,4095,4095
322683,4095,4095
322696,4095,4095
322709,4095,4095
322722,4095,4095
322734,4095,4095
322747,4095,4095
322760,4095,4095
322773,4095,4095
322786,4095,4095
322798,4095,4095
322811,4095,4095
322823,4095,4095
322836,4095,4095
322849,4095,4095
322862,4095,4095
322876,4095,4095
322888,4095,4095
322901,4095,4095
322913,4095,4095
322926,4095,4095
322939,4095,4095
322952,4095,4095
322965,4095,4095
322977,4095,4095
322989,4095,4095
323002,4095,4095
323016,4095,4095
323029,4095,4095
323042,4095,4095
323055,4095,4095
323067,4095,4095
323079,4095,4095
323092,4095,4095
323106,4095,4095
323119,4095,4095
323132,4095,4095
323145,4095,4095
323157,4095,4095
323169,4095,4095
323182,4095,4095
323196,4095,4095
323209,4095,4095
323222,4095,4095
323235,4095,4095
323247,4095,4095
323259,4095,4095
323272,4095,4095
323286,4095,4095
323299,4095,4095
323312,4095,4095
323325,4095,4095
323337,4095,4095
323349,4095,4095
323362,4095,4095
323376,4095,4095
323389,4095,4095
323402,4095,4095
323415,4095,4095
323427,4095,4095
323439,4095,4095
323452,4095,4095
323466,4095,4095
323479,4095,4095
323492,4095,4095
323505,4095,4095
323517,4095,4095
323530,4095,4095
323542,4095,4095
323556,4095,4095
323569,4095,4095
323582,4095,4095
323595,4095,4095
323607,4095,4095
323619,4095,4095
323632,4095,4095
323646,4095,4095
323659,4095,4095
323672,4095,4095
323685,4095,4095
323697,4095,4095
323709,4095,4095
323722,4095,4095
323736,4095,4095
323749,4095,4095
323762,4095,4095
323775,4095,4095
323787,4095,4095
323799,4095,4095
323812,4095,4095
323826,4095,4095
323839,4095,4095
323852,4095,4095
323865,4095,4095
323877,4095,4095
323889,4095,4095
323902,4095,4095
323916,4095,4095
323929,4095,4095
323942,4095,4095
323955,4095,4095
323967,4095,4095
323979,4095,4095
323992,4095,4095
324006,4095,4095
324019,4095,4095
324032,4095,4095
324045,4095,4095
324057,4095,4095
324069,4095,4095
324083,4095,4095
324096,4095,4095
324109,4095,4095
324122,4095,4095
324135,4095,4095
324147,4095,4095
324159,4095,4095
324173,4095,4095
324186,4095,4095
324199,4095,4095
324212,4095,4095
324225,4095,4095
324237,4095,4095
324249,4095,4095
324263,4095,4095
324276,4095,4095
324289,4095,4095
324302,4095,4095
324315,4095,4095
324327,4095,4095
324340,4095,4095
324353,4095,4095
324366,4095,4095
324379,4095,4095
324392,4095,4095
324405,4095,4095
324417,4095,4095
324429,4095,4095
324443,4095,4095
324456,4095,4095
324469,4095,4095
324482,4095,4095
324495,4095,4095
324507,4095,4095
324519,4095,4095
324533,4095,4095
324546,4095,4095
324559,4095,4095
324572,4095,4095
324585,4095,4095
324597,4095,4095
324610,4095,4095
324623,4095,4095
324636,4095,4095
324649,4095,4095
324662,4095,4095
324675,4095,4095
324687,4095,4095
324700,4095,4095
324713,4095,4095
324726,4095,4095
324739,4095,4095
324752,4095,4095
324765,4095,4095
324777,4095,4095
324790,4095,4095
324803,4095,4095
324816,4095,4095
324829,4095,4095
324842,4095,4095
324855,4095,4095
324867,4095,4095
324880,4095,4095
324893,4095,4095
324906,4095,4095
324919,4095,4095
324932,4095,4095
324945,4095,4095
324957,4095,4095
324970,4095,4095
324983,4095,4095
324996,4095,4095
325009,4095,4095
325022,4095,4095
325035,4095,4095
325047,4095,4095
325060,4095,4095
325073,4095,4095
325086,4095,4095
325099,4095,4095
325112,4095,4095
325125,4095,4095
325137,4095,4095
325150,4095,4095
325163,4095,4095
325176,4095,4095
325189,4095,4095
325202,4095,4095
325215,4095,4095
325227,4095,4095
325240,4095,4095
325253,4095,4095
325266,4095,4095
325279,4095,4095
325292,4095,4095
325305,4095,4095
325317,4095,4095
325330,4095,4095
325343,4095,4095
325356,4095,4095
325369,4095,4095
325382,4095,4095
325395,4095,4095
325407,4095,4095
325420,4095,4095
325433,4095,4095
325446,4095,4095
325459,4095,4095
325472,4095,4095
325485,4095,4095
325497,4095,4095
325510,4095,4095
325523,4095,4095
325536,4095,4095
325549,4095,4095
325562,4095,4095
325575,4095,4095
325587,4095,4095
325600,4095,4095
325613,4095,4095
325626,4095,4095
325639,4095,4095
325652,4095,4095
325665,4095,4095
325677,4095,4095
325690,4095,4095
325703,4095,4095
325716,4095,4095
325729,4095,4095
325742,4095,4095
325755,4095,4095
325770,4095,4095
325783,4095,4095
325794,4095,4095
325807,4095,4095
325820,4095,4095
325833,4095,4095
325846,4095,4095
325860,4095,4095
325873,4095,4095
325884,4095,4095
325897,4095,4095
325910,4095,4095
325923,4095,4095
325936,4095,4095
325950,4095,4095
325963,4095,4095
325974,4095,4095
325987,4095,4095
326000,4095,4095
326013,4095,4095
326026,4095,4095
326038,4095,4095
326052,4095,4095
326063,4095,4095
326076,4095,4095
326090,4095,4095
326103,4095,4095
326116,4095,4095
326128,4095,4095
326141,4095,4095
326153,4095,4095
326166,4095,4095
326179,4095,4095
326192,4095,4095
326205,4095,4095
326217,4095,4095
326230,4095,4095
326243,4095,4095
326256,4095,4095
326269,4095,4095
326282,4095,4095
326295,4095,4095
326307,4095,4095
326320,4095,4095
326333,4095,4095
326346,4095,4095
326359,4095,4095
326372,4095,4095
326385,4095,4095
326397,4095,4095
326410,4095,4095
326423,4095,4095
326436,4095,4095
326449,4095,4095
326462,4095,4095
326475,4095,4095
326487,4095,4095
326500,4095,4095
326513,4095,4095
326526,4095,4095
326539,4095,4095
326552,4095,4095
326565,4095,4095
326577,4095,4095
326590,4095,4095
326603,4095,4095
326616,4095,4095
326629,4095,4095
326642,4095,4095
326655,4095,4095
326667,4095,4095
326680,4095,4095
326693,4095,4095
326706,4095,4095
326719,4095,4095
326732,4095,4095
326745,4095,4095
326757,4095,4095
326770,4095,4095
326783,4095,4095
326796,4095,4095
326809,4095,4095
326822,4095,4095
326835,4095,4095
326847,4095,4095
326860,4095,4095
326873,4095,4095
326886,4095,4095
326899,4095,4095
326912,4095,4095
326925,4095,4095
326937,4095,4095
326950,4095,4095
326963,4095,4095
326976,4095,4095
326989,4095,4095
327002,4095,4095
327015,4095,4095
327027,4095,4095
327040,4095,4095
327053,4095,4095
327066,4095,4095
327079,4095,4095
327092,4095,4095
327105,4095,4095
327117,4095,4095
327130,4095,4095
327143,4095,4095
327156,4095,4095
327169,4095,4095
327182,4095,4095
327195,4095,4095
327207,4095,4095
327220,4095,4095
327233,4095,4095
327246,4095,4095
327259,4095,4095
327272,4095,4095
327285,4095,4095
327297,4095,4095
327310,4095,4095
327323,4095,4095
327336,4095,4095
327349,4095,4095
327362,4095,4095
327375,4095,4095
327387,4095,4095
327400,4095,4095
327413,4095,4095
327426,4095,4095
327439,4095,4095
327452,4095,4095
327465,4095,4095
327477,4095,4095
327490,4095,4095
327503,4095,4095
327516,4095,4095
327529,4095,4095
327542,4095,4095
327555,4095,4095
327567,4095,4095
327580,4095,4095
327593,4095,4095
327606,4095,4095
327619,4095,4095
327632,4095,4095
327645,4095,4095
327657,4095,4095
327670,4095,4095
327683,4095,4095
327696,4095,4095
327709,4095,4095
327722,4095,4095
327735,4095,4095
327747,4095,4095
327760,4095,4095
327773,4095,4095
327786,4095,4095
327799,4095,4095
327812,4095,4095
327825,4095,4095
327837,4095,4095
327850,4095,4095
327863,4095,4095
327876,4095,4095
327889,4095,4095
327902,4095,4095
327915,4095,4095
327927,4095,4095
327940,4095,4095
327953,4095,4095
327966,4095,4095
327979,4095,4095
327992,4095,4095
328005,4095,4095
328017,4095,4095
328030,4095,4095
328043,4095,4095
328056,4095,4095
328069,4095,4095
328082,4095,4095
328095,4095,4095
328107,4095,4095
328120,4095,4095
328133,4095,4095
328146,4095,4095
328159,4095,4095
328172,4095,4095
328185,4095,4095
328197,4095,4095
328210,4095,4095
328223,4095,4095
328236,4095,4095
328249,4095,4095
328262,4095,4095
328275,4095,4095
328287,4095,4095
328300,4095,4095
328313,4095,4095
328326,4095,4095
328339,4095,4095
328352,4095,4095
328365,4095,4095
328377,4095,4095
328390,4095,4095
328403,4095,4095
328416,4095,4095
328429,4095,4095
328442,4095,4095
328455,4095,4095
328467,4095,4095
328480,4095,4095
328493,4095,4095
328506,4095,4095
328519,4095,4095
328532,4095,4095
328545,4095,4095
328557,4095,4095
328570,4095,4095
328583,4095,4095
328596,4095,4095
328609,4095,4095
328622,4095,4095
328635,4095,4095
328647,4095,4095
328660,4095,4095
328673,4095,4095
328686,4095,4095
328699,4095,4095
328712,4095,4095
328725,4095,4095
328737,4095,4095
328750,4095,4095
328763,4095,4095
328776,4095,4095
328789,4095,4095
328802,4095,4095
328815,4095,4095
328827,4095,4095
328840,4095,4095
328853,4095,4095
328866,4095,4095
328879,4095,4095
328892,4095,4095
328905,4095,4095
328917,4095,4095
328930,4095,4095
328943,4095,4095
328957,4095,4095
328970,4095,4095
328983,4095,4095
328996,4095,4095
329008,4095,4095
329021,4095,4095
329033,4095,4095
329046,4095,4095
329059,4095,4095
329072,4095,4095
329085,4095,4095
329097,4095,4095
329110,4095,4095
329123,4095,4095
329136,4095,4095
329149,4095,4095
329162,4095,4095
329175,4095,4095
329187,4095,4095
329200,4095,4095
329213,4095,4095
329226,4095,4095
329239,4095,4095
329252,4095,4095
329265,4095,4095
329277,4095,4095
329290,4095,4095
329303,4095,4095
329316,4095,4095
329329,4095,4095
329342,4095,4095
329355,4095,4095
329367,4095,4095
329380,4095,4095
329393,4095,4095
329406,4095,4095
329419,4095,4095
329432,4095,4095
329445,4095,4095
329457,4095,4095
329470,4095,4095
329483,4095,4095
329496,4095,4095
329509,4095,4095
329522,4095,4095
329535,4095,4095
329547,4095,4095
329560,4095,4095
329573,4095,4095
329586,4095,4095
329599,4095,4095
329612,4095,4095
329625,4095,4095
329637,4095,4095
329650,4095,4095
329663,4095,4095
329676,4095,4095
329689,4095,4095
329702,4095,4095
329715,4095,4095
329727,4095,4095
329740,4095,4095
329753,4095,4095
329766,4095,4095
329779,4095,4095
329792,4095,4095
329805,4095,4095
329817,4095,4095
329830,4095,4095
329843,4095,4095
329856,4095,4095
329869,4095,4095
329882,4095,4095
329895,4095,4095
329907,4095,4095
329920,4095,4095
329933,4095,4095
329946,4095,4095
329959,4095,4095
329972,4095,4095
329985,4095,4095
329997,4095,4095
330010,4095,4095
330023,4095,4095
330036,4095,4095
330049,4095,4095
330062,4095,4095
330075,4095,4095
330087,4095,4095
330100,4095,4095
330113,4095,4095
330126,4095,4095
330139,4095,4095
330152,4095,4095
330165,4095,4095
330179,4095,4095
330192,4095,4095
330203,4095,4095
330217,4095,4095
330230,4095,4095
330243,4095,4095
330256,4095,4095
330268,4095,4095
330281,4095,4095
330293,4095,4095
330306,4095,4095
330319,4095,4095
330332,4095,4095
330345,4095,4095
330357,4095,4095
330370,4095,4095
330383,4095,4095
330396,4095,4095
330409,4095,4095
330422,4095,4095
330435,4095,4095
330447,4095,4095
330460,4095,4095
330473,4095,4095
330486,4095,4095
330499,4095,4095
330513,4095,4095
330526,4095,4095
330537,4095,4095
330550,4095,4095
330563,4095,4095
330576,4095,4095
330589,4095,4095
330602,4095,4095
330616,4095,4095
330627,4095,4095
330640,4095,4095
330653,4095,4095
330666,4095,4095
330679,4095,4095
330692,4095,4095
330706,4095,4095
330717,4095,4095
330730,4095,4095
330743,4095,4095
330756,4095,4095
330769,4095,4095
330782,4095,4095
330796,4095,4095
330807,4095,4095
330820,4095,4095
330833,4095,4095
330846,4095,4095
330859,4095,4095
330872,4095,4095
330886,4095,4095
330897,4095,4095
330910,4095,4095
330923,4095,4095
330936,4095,4095
330949,4095,4095
330962,4095,4095
330976,4095,4095
330987,4095,4095
331000,4095,4095
331013,4095,4095
331026,4095,4095
331039,4095,4095
331053,4095,4095
331066,4095,4095
331077,4095,4095
331090,4095,4095
331103,4095,4095
331116,4095,4095
331129,4095,4095
331143,4095,4095
331156,4095,4095
331167,4095,4095
331180,4095,4095
331193,4095,4095
331206,4095,4095
331219,4095,4095
331233,4095,4095
331246,4095,4095
331257,4095,4095
331270,4095,4095
331283,4095,4095
331296,4095,4095
331309,4095,4095
331323,4095,4095
331336,4095,4095
331347,4095,4095
331361,4095,4095
331373,4095,4095
331386,4095,4095
331399,4095,4095
331413,4095,4095
331426,4095,4095
331437,4095,4095
331450,4095,4095
331463,4095,4095
331476,4095,4095
331489,4095,4095
331503,4095,4095
331516,4095,4095
331527,4095,4095
331540,4095,4095
331553,4095,4095
331566,4095,4095
331579,4095,4095
331593,4095,4095
331606,4095,4095
331617,4095,4095
331630,4095,4095
331643,4095,4095
331656,4095,4095
331669,4095,4095
331683,4095,4095
331696,4095,4095
331707,4095,4095
331720,4095,4095
331733,4095,4095
331746,4095,4095
331759,4095,4095
331773,4095,4095
331786,4095,4095
331797,4095,4095
331810,4095,4095
331823,4095,4095
331836,4095,4095
331849,4095,4095
331863,4095,4095
331876,4095,4095
331887,4095,4095
331900,4095,4095
331913,4095,4095
331926,4095,4095
331939,4095,4095
331953,4095,4095
331966,4095,4095
331977,4095,4095
331990,4095,4095
332003,4095,4095
332016,4095,4095
332029,4095,4095
332043,4095,4095
332056,4095,4095
332067,4095,4095
332080,4095,4095
332093,4095,4095
332106,4095,4095
332119,4095,4095
332133,4095,4095
332147,4095,4095
332159,4095,4095
332173,4095,4095
332184,4095,4095
332198,4095,4095
332211,4095,4095
332224,4095,4095
332237,4095,4095
332249,4095,4095
332263,4095,4095
332274,4095,4095
332288,4095,4095
332301,4095,4095
332314,4095,4095
332327,4095,4095
332340,4095,4095
332353,4095,4095
332365,4095,4095
332378,4095,4095
332391,4095,4095
332404,4095,4095
332417,4095,4095
332430,4095,4095
332443,4095,4095
332455,4095,4095
332468,4095,4095
332481,4095,4095
332494,4095,4095
332507,4095,4095
332520,4095,4095
332533,4095,4095
332545,4095,4095
332558,4095,4095
332571,4095,4095
332584,4095,4095
332597,4095,4095
332609,4095,4095
332622,4095,4095
